id,factor,trick,background,plain_query,plain_truth,trap_query,trap_truth,twin_query,twin_truth,absent_query,absent_truth,label_ok (fill in)
spec-nega-1,species,negation,"{""origin"": ""germline"", ""variant_size_class"": [""small""], ""region_focus"": [""regulatory-noncoding""], ""analysis_goal"": [""basic-consequence""]}","Our lab just got back constitutional single-nucleotide changes, and I only care about the non-coding regulatory ones. These are human samples. All I really want is to know what each one hits.",human,"Our lab just got back constitutional single-nucleotide changes, and I only care about the non-coding regulatory ones. Not a mouse study: the samples are from human volunteers. All I really want is to know what each one hits.",human,"Our lab just got back constitutional single-nucleotide changes, and I only care about the non-coding regulatory ones. A mouse study: the samples are from laboratory mice. All I really want is to know what each one hits.",non-human,"Our lab just got back constitutional single-nucleotide changes, and I only care about the non-coding regulatory ones. All I really want is to know what each one hits.",unstated,
spec-nega-2,species,negation,"{""origin"": ""somatic"", ""variant_size_class"": [""small""], ""region_focus"": [""coding""], ""analysis_goal"": [""clinical-interpretation""]}","It's all human data. So I've got somatic single-nucleotide changes, mostly in protein-coding regions. I need to work out if any of them are pathogenic.",human,"No zebrafish involved this time, the DNA is from people in our volunteer cohort. So I've got somatic single-nucleotide changes, mostly in protein-coding regions. I need to work out if any of them are pathogenic.",human,"Zebrafish only this time, the DNA is from our fish facility. So I've got somatic single-nucleotide changes, mostly in protein-coding regions. I need to work out if any of them are pathogenic.",non-human,"So I've got somatic single-nucleotide changes, mostly in protein-coding regions. I need to work out if any of them are pathogenic.",unstated,
spec-nega-3,species,negation,"{""origin"": ""somatic"", ""variant_size_class"": [""small""], ""region_focus"": [""regulatory-noncoding""], ""analysis_goal"": [""basic-consequence""]}","It's all human data. Basically we have acquired somatic SNVs and small indels, mostly in regulatory regions. I just need the basic consequences, nothing fancy.",human,"We are not working with dog genomes here; the reads are human. Basically we have acquired somatic SNVs and small indels, mostly in regulatory regions. I just need the basic consequences, nothing fancy.",human,"We are working with dog genomes here; the reads are canine. Basically we have acquired somatic SNVs and small indels, mostly in regulatory regions. I just need the basic consequences, nothing fancy.",non-human,"Basically we have acquired somatic SNVs and small indels, mostly in regulatory regions. I just need the basic consequences, nothing fancy.",unstated,
spec-nega-4,species,negation,"{""origin"": ""germline"", ""variant_size_class"": [""small""], ""region_focus"": [""coding""], ""analysis_goal"": [""clinical-interpretation""]}","Our lab just got back germline single-nucleotide changes, and I only care about the ones in coding sequence. The goal is clinical interpretation. These are zebrafish samples.",non-human,"Our lab just got back germline single-nucleotide changes, and I only care about the ones in coding sequence. The goal is clinical interpretation. Not human data: the reads come from our pig herd.",non-human,"Our lab just got back germline single-nucleotide changes, and I only care about the ones in coding sequence. The goal is clinical interpretation. Human data: the reads come from our volunteer donors.",human,"Our lab just got back germline single-nucleotide changes, and I only care about the ones in coding sequence. The goal is clinical interpretation.",unstated,
spec-nega-5,species,negation,"{""origin"": ""somatic"", ""variant_size_class"": [""small""], ""region_focus"": [""regulatory-noncoding""], ""analysis_goal"": [""clinical-interpretation""]}","I'm working with tumour-derived somatic SNVs and small indels, mostly in regulatory regions. These are zebrafish samples. I need to work out if any of them are pathogenic.",non-human,"I'm working with tumour-derived somatic SNVs and small indels, mostly in regulatory regions. Nothing from people in this set, it is all chicken lines. I need to work out if any of them are pathogenic.",non-human,"I'm working with tumour-derived somatic SNVs and small indels, mostly in regulatory regions. Everything is from people in this set, no chicken lines. I need to work out if any of them are pathogenic.",human,"I'm working with tumour-derived somatic SNVs and small indels, mostly in regulatory regions. I need to work out if any of them are pathogenic.",unstated,
spec-nega-6,species,negation,"{""origin"": ""germline"", ""variant_size_class"": [""small""], ""region_focus"": [""coding""], ""analysis_goal"": [""basic-consequence""]}","The samples are from sheep. Basically we have inherited SNVs and small indels, and I only care about the ones in coding sequence. I just need the basic consequences, nothing fancy.",non-human,"These aren't Homo sapiens samples, they are Rattus norvegicus. Basically we have inherited SNVs and small indels, and I only care about the ones in coding sequence. I just need the basic consequences, nothing fancy.",non-human,"These are Homo sapiens samples, not Rattus norvegicus. Basically we have inherited SNVs and small indels, and I only care about the ones in coding sequence. I just need the basic consequences, nothing fancy.",human,"Basically we have inherited SNVs and small indels, and I only care about the ones in coding sequence. I just need the basic consequences, nothing fancy.",unstated,
spec-word-1,species,word_sense,"{""origin"": ""germline"", ""variant_size_class"": [""small""], ""region_focus"": [""regulatory-noncoding""], ""analysis_goal"": [""clinical-interpretation""]}","Hi, we called inherited single-nucleotide changes, and they're mostly in promoters and enhancers. Are any of these likely to be disease-causing? It's all human data.",human,"Hi, we called inherited single-nucleotide changes, and they're mostly in promoters and enhancers. Are any of these likely to be disease-causing? I've been going down a rabbit hole with these human exomes.",human,"Hi, we called inherited single-nucleotide changes, and they're mostly in promoters and enhancers. Are any of these likely to be disease-causing? I've been going through these rabbit exomes from the colony.",non-human,"Hi, we called inherited single-nucleotide changes, and they're mostly in promoters and enhancers. Are any of these likely to be disease-causing?",unstated,
spec-word-2,species,word_sense,"{""origin"": ""somatic"", ""variant_size_class"": [""small""], ""region_focus"": [""coding""], ""analysis_goal"": [""basic-consequence""]}","I'm trying to annotate tumour-derived somatic single-nucleotide changes, mostly in protein-coding regions. I just need the basic consequences, nothing fancy. These are human samples.",human,"I'm trying to annotate tumour-derived somatic single-nucleotide changes, mostly in protein-coding regions. I just need the basic consequences, nothing fancy. Our guinea pig for the new pipeline is a set of human genomes.",human,"I'm trying to annotate tumour-derived somatic single-nucleotide changes, mostly in protein-coding regions. I just need the basic consequences, nothing fancy. Our guinea pig colony genomes are the set for the new pipeline.",non-human,"I'm trying to annotate tumour-derived somatic single-nucleotide changes, mostly in protein-coding regions. I just need the basic consequences, nothing fancy.",unstated,
spec-word-3,species,word_sense,"{""origin"": ""somatic"", ""variant_size_class"": [""small""], ""region_focus"": [""regulatory-noncoding""], ""analysis_goal"": [""clinical-interpretation""]}","Basically we have somatic single-nucleotide changes, mostly in regulatory regions. The samples are human. I need to work out if any of them are pathogenic.",human,"Basically we have somatic single-nucleotide changes, mostly in regulatory regions. Getting consent for these human samples was a cat-and-mouse chase. I need to work out if any of them are pathogenic.",human,"Basically we have somatic single-nucleotide changes, mostly in regulatory regions. Getting these cat and mouse samples was a chase. I need to work out if any of them are pathogenic.",non-human,"Basically we have somatic single-nucleotide changes, mostly in regulatory regions. I need to work out if any of them are pathogenic.",unstated,
spec-word-4,species,word_sense,"{""origin"": ""germline"", ""variant_size_class"": [""small""], ""region_focus"": [""coding""], ""analysis_goal"": [""basic-consequence""]}","I'm working with germline SNVs and small indels, and they're mostly in coding exons. I just need the basic consequences, nothing fancy. It's all zebrafish data.",non-human,"I'm working with germline SNVs and small indels, and they're mostly in coding exons. I just need the basic consequences, nothing fancy. We need human-readable output for these zebrafish variants.",non-human,"I'm working with germline SNVs and small indels, and they're mostly in coding exons. I just need the basic consequences, nothing fancy. We need readable output for these human variants.",human,"I'm working with germline SNVs and small indels, and they're mostly in coding exons. I just need the basic consequences, nothing fancy.",unstated,
spec-word-5,species,word_sense,"{""origin"": ""germline"", ""variant_size_class"": [""small""], ""region_focus"": [""regulatory-noncoding""], ""analysis_goal"": [""clinical-interpretation""]}","It's all mouse data. Basically we have germline SNVs and small indels, and I only care about the non-coding regulatory ones. The goal is clinical interpretation.",non-human,"Human error aside, these calls are from the cattle herd. Basically we have germline SNVs and small indels, and I only care about the non-coding regulatory ones. The goal is clinical interpretation.",non-human,"Error aside, these calls are from human donors. Basically we have germline SNVs and small indels, and I only care about the non-coding regulatory ones. The goal is clinical interpretation.",human,"Basically we have germline SNVs and small indels, and I only care about the non-coding regulatory ones. The goal is clinical interpretation.",unstated,
spec-word-6,species,word_sense,"{""origin"": ""somatic"", ""variant_size_class"": [""small""], ""region_focus"": [""coding""], ""analysis_goal"": [""basic-consequence""]}","These are pig samples. Basically we have tumour-derived somatic SNVs and small indels, and I only care about the ones in coding sequence. Can you just tell me the consequence types?",non-human,"After hundreds of man-hours the goat genomes are finally called. Basically we have tumour-derived somatic SNVs and small indels, and I only care about the ones in coding sequence. Can you just tell me the consequence types?",non-human,"After hundreds of hours the donors' human genomes are finally called. Basically we have tumour-derived somatic SNVs and small indels, and I only care about the ones in coding sequence. Can you just tell me the consequence types?",human,"Basically we have tumour-derived somatic SNVs and small indels, and I only care about the ones in coding sequence. Can you just tell me the consequence types?",unstated,
spec-tool-1,species,tool_name,"{""origin"": ""somatic"", ""variant_size_class"": [""small""], ""region_focus"": [""coding""], ""analysis_goal"": [""clinical-interpretation""]}","We have tumour-derived somatic SNVs and small indels, mostly in protein-coding regions. These are human samples. Are any of these likely to be disease-causing?",human,"We have tumour-derived somatic SNVs and small indels, mostly in protein-coding regions. Expression was quantified with Salmon beforehand, and the samples are human. Are any of these likely to be disease-causing?",human,"We have tumour-derived somatic SNVs and small indels, mostly in protein-coding regions. The samples are Atlantic salmon from the fish farm. Are any of these likely to be disease-causing?",non-human,"We have tumour-derived somatic SNVs and small indels, mostly in protein-coding regions. Are any of these likely to be disease-causing?",unstated,
spec-tool-2,species,tool_name,"{""origin"": ""germline"", ""variant_size_class"": [""small""], ""region_focus"": [""regulatory-noncoding""], ""analysis_goal"": [""basic-consequence""]}","We have constitutional SNVs and small indels, and I only care about the non-coding regulatory ones. It's all human data. I just need the basic consequences, nothing fancy.",human,"We have constitutional SNVs and small indels, and I only care about the non-coding regulatory ones. Phased with Beagle; the genomes are human. I just need the basic consequences, nothing fancy.",human,"We have constitutional SNVs and small indels, and I only care about the non-coding regulatory ones. The genomes are from beagles in the kennel colony. I just need the basic consequences, nothing fancy.",non-human,"We have constitutional SNVs and small indels, and I only care about the non-coding regulatory ones. I just need the basic consequences, nothing fancy.",unstated,
spec-tool-3,species,tool_name,"{""origin"": ""somatic"", ""variant_size_class"": [""small""], ""region_focus"": [""regulatory-noncoding""], ""analysis_goal"": [""basic-consequence""]}","So I've got tumour-derived somatic single-nucleotide changes, mostly in regulatory regions. Can you just tell me the consequence types? The samples are human.",human,"So I've got tumour-derived somatic single-nucleotide changes, mostly in regulatory regions. Can you just tell me the consequence types? Scripts are Python and pandas, all human data.",human,"So I've got tumour-derived somatic single-nucleotide changes, mostly in regulatory regions. Can you just tell me the consequence types? All data are from the pandas at the zoo.",non-human,"So I've got tumour-derived somatic single-nucleotide changes, mostly in regulatory regions. Can you just tell me the consequence types?",unstated,
spec-tool-4,species,tool_name,"{""origin"": ""germline"", ""variant_size_class"": [""small""], ""region_focus"": [""coding""], ""analysis_goal"": [""clinical-interpretation""]}","The samples are from chicken. We have inherited single-nucleotide changes, mostly in protein-coding regions. Are any of these likely to be disease-causing?",non-human,"Terms were mapped with the Human Phenotype Ontology, but the animals are zebrafish mutants. We have inherited single-nucleotide changes, mostly in protein-coding regions. Are any of these likely to be disease-causing?",non-human,"Terms were mapped with the Human Phenotype Ontology for these human donors. We have inherited single-nucleotide changes, mostly in protein-coding regions. Are any of these likely to be disease-causing?",human,"We have inherited single-nucleotide changes, mostly in protein-coding regions. Are any of these likely to be disease-causing?",unstated,
spec-tool-5,species,tool_name,"{""origin"": ""somatic"", ""variant_size_class"": [""small""], ""region_focus"": [""regulatory-noncoding""], ""analysis_goal"": [""basic-consequence""]}","Basically we have acquired somatic point mutations and a few short indels, and they're mostly in promoters and enhancers. The samples are from rat. All I really want is to know what each one hits.",non-human,"Basically we have acquired somatic point mutations and a few short indels, and they're mostly in promoters and enhancers. Cross-checked against the Human Protein Atlas; the tissue is from pigs. All I really want is to know what each one hits.",non-human,"Basically we have acquired somatic point mutations and a few short indels, and they're mostly in promoters and enhancers. Cross-checked against the Human Protein Atlas; the tissue is from human donors. All I really want is to know what each one hits.",human,"Basically we have acquired somatic point mutations and a few short indels, and they're mostly in promoters and enhancers. All I really want is to know what each one hits.",unstated,
spec-tool-6,species,tool_name,"{""origin"": ""germline"", ""variant_size_class"": [""small""], ""region_focus"": [""coding""], ""analysis_goal"": [""clinical-interpretation""]}","Basically we have germline single-nucleotide changes, and I only care about the ones in coding sequence. These are pig samples. I need to work out if any of them are pathogenic.",non-human,"Basically we have germline single-nucleotide changes, and I only care about the ones in coding sequence. The pipeline is called HumanSeq internally, but it runs on chicken samples. I need to work out if any of them are pathogenic.",non-human,"Basically we have germline single-nucleotide changes, and I only care about the ones in coding sequence. The pipeline runs on human samples. I need to work out if any of them are pathogenic.",human,"Basically we have germline single-nucleotide changes, and I only care about the ones in coding sequence. I need to work out if any of them are pathogenic.",unstated,
spec-atta-1,species,attachment,"{""origin"": ""somatic"", ""variant_size_class"": [""small""], ""region_focus"": [""coding""], ""analysis_goal"": [""clinical-interpretation""]}","The samples are human. Basically we have tumour-derived somatic point mutations and a few short indels, mostly in protein-coding regions. I need to work out if any of them are pathogenic.",human,"My supervisor works on mouse models, but my samples are human. Basically we have tumour-derived somatic point mutations and a few short indels, mostly in protein-coding regions. I need to work out if any of them are pathogenic.",human,"My supervisor works on mouse models and so do I: these are mouse samples. Basically we have tumour-derived somatic point mutations and a few short indels, mostly in protein-coding regions. I need to work out if any of them are pathogenic.",non-human,"Basically we have tumour-derived somatic point mutations and a few short indels, mostly in protein-coding regions. I need to work out if any of them are pathogenic.",unstated,
spec-atta-2,species,attachment,"{""origin"": ""germline"", ""variant_size_class"": [""small""], ""region_focus"": [""regulatory-noncoding""], ""analysis_goal"": [""basic-consequence""]}","Hi, we called inherited single-nucleotide changes, and they're mostly in promoters and enhancers. It's all human data. All I really want is to know what each one hits.",human,"Hi, we called inherited single-nucleotide changes, and they're mostly in promoters and enhancers. The variants were first reported in a zebrafish screen; ours are from human donors. All I really want is to know what each one hits.",human,"Hi, we called inherited single-nucleotide changes, and they're mostly in promoters and enhancers. The variants come from our zebrafish screen, fish embryos. All I really want is to know what each one hits.",non-human,"Hi, we called inherited single-nucleotide changes, and they're mostly in promoters and enhancers. All I really want is to know what each one hits.",unstated,
spec-atta-3,species,attachment,"{""origin"": ""somatic"", ""variant_size_class"": [""small""], ""region_focus"": [""regulatory-noncoding""], ""analysis_goal"": [""clinical-interpretation""]}","Basically we have somatic SNVs and small indels, mostly in regulatory regions. The goal is clinical interpretation. It's all human data.",human,"Basically we have somatic SNVs and small indels, mostly in regulatory regions. The goal is clinical interpretation. We followed a protocol written for pig tissue, but the DNA is human.",human,"Basically we have somatic SNVs and small indels, mostly in regulatory regions. The goal is clinical interpretation. We followed a protocol for pig tissue, and the DNA is porcine.",non-human,"Basically we have somatic SNVs and small indels, mostly in regulatory regions. The goal is clinical interpretation.",unstated,
spec-atta-4,species,attachment,"{""origin"": ""germline"", ""variant_size_class"": [""small""], ""region_focus"": [""coding""], ""analysis_goal"": [""basic-consequence""]}","I'm trying to annotate constitutional single-nucleotide changes, and they're mostly in coding exons. It's all zebrafish data. I just need the basic consequences, nothing fancy.",non-human,"I'm trying to annotate constitutional single-nucleotide changes, and they're mostly in coding exons. The grant is for human health, but the sequencing is on sheep. I just need the basic consequences, nothing fancy.",non-human,"I'm trying to annotate constitutional single-nucleotide changes, and they're mostly in coding exons. The grant is for human health, and the sequencing is on human volunteers. I just need the basic consequences, nothing fancy.",human,"I'm trying to annotate constitutional single-nucleotide changes, and they're mostly in coding exons. I just need the basic consequences, nothing fancy.",unstated,
spec-atta-5,species,attachment,"{""origin"": ""somatic"", ""variant_size_class"": [""small""], ""region_focus"": [""coding""], ""analysis_goal"": [""basic-consequence""]}","Our lab just got back tumour-derived somatic SNVs and small indels, and they're mostly in coding exons. The samples are from chicken. Can you just tell me the consequence types?",non-human,"Our lab just got back tumour-derived somatic SNVs and small indels, and they're mostly in coding exons. Reads were checked for human contamination and those were removed; what is left is mouse. Can you just tell me the consequence types?",non-human,"Our lab just got back tumour-derived somatic SNVs and small indels, and they're mostly in coding exons. Reads were checked for mouse contamination and those were removed; what is left is human. Can you just tell me the consequence types?",human,"Our lab just got back tumour-derived somatic SNVs and small indels, and they're mostly in coding exons. Can you just tell me the consequence types?",unstated,
spec-atta-6,species,attachment,"{""origin"": ""germline"", ""variant_size_class"": [""small""], ""region_focus"": [""regulatory-noncoding""], ""analysis_goal"": [""clinical-interpretation""]}","Our lab just got back inherited single-nucleotide changes, and I only care about the non-coding regulatory ones. These are zebrafish samples. I need to work out if any of them are pathogenic.",non-human,"Our lab just got back inherited single-nucleotide changes, and I only care about the non-coding regulatory ones. Our collaborators do human genetics; we sent them these rat genomes. I need to work out if any of them are pathogenic.",non-human,"Our lab just got back inherited single-nucleotide changes, and I only care about the non-coding regulatory ones. Our collaborators do human genetics; these are their human genomes. I need to work out if any of them are pathogenic.",human,"Our lab just got back inherited single-nucleotide changes, and I only care about the non-coding regulatory ones. I need to work out if any of them are pathogenic.",unstated,
spec-doma-1,species,domain,"{""origin"": ""germline"", ""variant_size_class"": [""small""], ""region_focus"": [""regulatory-noncoding""], ""analysis_goal"": [""clinical-interpretation""]}","We have germline SNVs and small indels, and they're mostly in promoters and enhancers. It's all human data. The goal is clinical interpretation.",human,"We have germline SNVs and small indels, and they're mostly in promoters and enhancers. Human cells grown inside a mouse host; the reads were filtered to the grafted cells. The goal is clinical interpretation.",human,"We have germline SNVs and small indels, and they're mostly in promoters and enhancers. Cells from the mouse host; the reads were filtered to the host genome. The goal is clinical interpretation.",non-human,"We have germline SNVs and small indels, and they're mostly in promoters and enhancers. The goal is clinical interpretation.",unstated,
spec-doma-2,species,domain,"{""origin"": ""somatic"", ""variant_size_class"": [""small""], ""region_focus"": [""coding""], ""analysis_goal"": [""basic-consequence""]}","We have acquired somatic single-nucleotide changes, and they're mostly in coding exons. Can you just tell me the consequence types? It's all human data.",human,"We have acquired somatic single-nucleotide changes, and they're mostly in coding exons. Can you just tell me the consequence types? iPSCs from volunteer skin biopsies grown on mouse feeder cells, feeder reads removed.",human,"We have acquired somatic single-nucleotide changes, and they're mostly in coding exons. Can you just tell me the consequence types? The mouse feeder cells themselves, iPSC reads removed.",non-human,"We have acquired somatic single-nucleotide changes, and they're mostly in coding exons. Can you just tell me the consequence types?",unstated,
spec-doma-3,species,domain,"{""origin"": ""somatic"", ""variant_size_class"": [""small""], ""region_focus"": [""coding""], ""analysis_goal"": [""clinical-interpretation""]}","It's all human data. We have somatic point mutations and a few short indels, and I only care about the ones in coding sequence. The goal is clinical interpretation.",human,"Neanderthal-introgressed segments in present-day Europeans. We have somatic point mutations and a few short indels, and I only care about the ones in coding sequence. The goal is clinical interpretation.",human,"The Neanderthal genome itself, from the Vindija bone. We have somatic point mutations and a few short indels, and I only care about the ones in coding sequence. The goal is clinical interpretation.",non-human,"We have somatic point mutations and a few short indels, and I only care about the ones in coding sequence. The goal is clinical interpretation.",unstated,
spec-doma-4,species,domain,"{""origin"": ""germline"", ""variant_size_class"": [""small""], ""region_focus"": [""regulatory-noncoding""], ""analysis_goal"": [""basic-consequence""]}","We have inherited point mutations and a few short indels, and I only care about the non-coding regulatory ones. It's all dog data. All I really want is to know what each one hits.",non-human,"We have inherited point mutations and a few short indels, and I only care about the non-coding regulatory ones. A humanised mouse line; the genome we sequenced is the mouse's own. All I really want is to know what each one hits.",non-human,"We have inherited point mutations and a few short indels, and I only care about the non-coding regulatory ones. The human graft from a humanised mouse line; we sequenced only the human cells. All I really want is to know what each one hits.",human,"We have inherited point mutations and a few short indels, and I only care about the non-coding regulatory ones. All I really want is to know what each one hits.",unstated,
spec-doma-5,species,domain,"{""origin"": ""germline"", ""variant_size_class"": [""small""], ""region_focus"": [""coding""], ""analysis_goal"": [""basic-consequence""]}","Our lab just got back constitutional single-nucleotide changes, and I only care about the ones in coding sequence. The samples are from cattle. I just need the basic consequences, nothing fancy.",non-human,"Our lab just got back constitutional single-nucleotide changes, and I only care about the ones in coding sequence. Genomes from man's best friend: our kennel of Labradors. I just need the basic consequences, nothing fancy.",non-human,"Our lab just got back constitutional single-nucleotide changes, and I only care about the ones in coding sequence. Genomes from the kennel owners themselves, not their Labradors. I just need the basic consequences, nothing fancy.",human,"Our lab just got back constitutional single-nucleotide changes, and I only care about the ones in coding sequence. I just need the basic consequences, nothing fancy.",unstated,
spec-doma-6,species,domain,"{""origin"": ""somatic"", ""variant_size_class"": [""small""], ""region_focus"": [""regulatory-noncoding""], ""analysis_goal"": [""clinical-interpretation""]}","I'm trying to annotate tumour-derived somatic point mutations and a few short indels, mostly in regulatory regions. These are zebrafish samples. Are any of these likely to be disease-causing?",non-human,"I'm trying to annotate tumour-derived somatic point mutations and a few short indels, mostly in regulatory regions. Transgenic mice carrying a human transgene; we sequenced the mice. Are any of these likely to be disease-causing?",non-human,"I'm trying to annotate tumour-derived somatic point mutations and a few short indels, mostly in regulatory regions. People carrying the same gene as the transgene; we sequenced the people. Are any of these likely to be disease-causing?",human,"I'm trying to annotate tumour-derived somatic point mutations and a few short indels, mostly in regulatory regions. Are any of these likely to be disease-causing?",unstated,
orig-nega-1,origin,negation,"{""species"": ""human"", ""variant_size_class"": [""structural-CNV""], ""region_focus"": [""regulatory-noncoding""], ""analysis_goal"": [""population-frequency""]}","I'm trying to annotate CNVs and some big deletions from human samples, mostly in regulatory regions. These are inherited germline variants. Mainly I'm after allele frequencies in different populations.",germline,"I'm trying to annotate CNVs and some big deletions from human samples, mostly in regulatory regions. Not a tumour study, these variants are inherited. Mainly I'm after allele frequencies in different populations.",germline,"I'm trying to annotate CNVs and some big deletions from human samples, mostly in regulatory regions. A tumour study, these variants are acquired in the tumour. Mainly I'm after allele frequencies in different populations.",somatic,"I'm trying to annotate CNVs and some big deletions from human samples, mostly in regulatory regions. Mainly I'm after allele frequencies in different populations.",unstated,
orig-nega-2,origin,negation,"{""species"": ""human"", ""variant_size_class"": [""structural-CNV""], ""region_focus"": [""coding""], ""analysis_goal"": [""population-frequency""]}","We have copy-number changes and other large SVs from human donors, mostly in protein-coding regions. The variants are germline. Mainly I'm after allele frequencies in different populations.",germline,"We have copy-number changes and other large SVs from human donors, mostly in protein-coding regions. Nothing somatic here: constitutional calls from blood. Mainly I'm after allele frequencies in different populations.",germline,"We have copy-number changes and other large SVs from human donors, mostly in protein-coding regions. Only somatic calls here, nothing constitutional from blood. Mainly I'm after allele frequencies in different populations.",somatic,"We have copy-number changes and other large SVs from human donors, mostly in protein-coding regions. Mainly I'm after allele frequencies in different populations.",unstated,
orig-nega-3,origin,negation,"{""species"": ""human"", ""variant_size_class"": [""structural-CNV""], ""region_focus"": [""coding""], ""analysis_goal"": [""clinical-interpretation""]}","The variants are germline. I've got a VCF of copy-number changes and other large SVs from human samples, and I only care about the ones in coding sequence. I need to work out if any of them are pathogenic.",germline,"The variants were not acquired, they were passed down in the family. I've got a VCF of copy-number changes and other large SVs from human samples, and I only care about the ones in coding sequence. I need to work out if any of them are pathogenic.",germline,"The variants were acquired, not passed down in the family. I've got a VCF of copy-number changes and other large SVs from human samples, and I only care about the ones in coding sequence. I need to work out if any of them are pathogenic.",somatic,"I've got a VCF of copy-number changes and other large SVs from human samples, and I only care about the ones in coding sequence. I need to work out if any of them are pathogenic.",unstated,
orig-nega-4,origin,negation,"{""species"": ""human"", ""variant_size_class"": [""structural-CNV""], ""region_focus"": [""regulatory-noncoding""], ""analysis_goal"": [""basic-consequence""]}","So I've got copy-number changes and other large SVs from human samples, and I only care about the non-coding regulatory ones. All I really want is to know what each one hits. They were acquired somatically.",somatic,"So I've got copy-number changes and other large SVs from human samples, and I only care about the non-coding regulatory ones. All I really want is to know what each one hits. These are not inherited; they arose in the tumour.",somatic,"So I've got copy-number changes and other large SVs from human samples, and I only care about the non-coding regulatory ones. All I really want is to know what each one hits. These are inherited; they did not arise in a tumour.",germline,"So I've got copy-number changes and other large SVs from human samples, and I only care about the non-coding regulatory ones. All I really want is to know what each one hits.",unstated,
orig-nega-5,origin,negation,"{""species"": ""human"", ""variant_size_class"": [""structural-CNV""], ""region_focus"": [""coding""], ""analysis_goal"": [""basic-consequence""]}","These are somatic mutations. I'm trying to annotate structural variants from Homo sapiens samples, and I only care about the ones in coding sequence. I just need the basic consequences, nothing fancy.",somatic,"No germline calls in this set, only mutations from the lesion. I'm trying to annotate structural variants from Homo sapiens samples, and I only care about the ones in coding sequence. I just need the basic consequences, nothing fancy.",somatic,"Only germline calls in this set, no mutations from a lesion. I'm trying to annotate structural variants from Homo sapiens samples, and I only care about the ones in coding sequence. I just need the basic consequences, nothing fancy.",germline,"I'm trying to annotate structural variants from Homo sapiens samples, and I only care about the ones in coding sequence. I just need the basic consequences, nothing fancy.",unstated,
orig-nega-6,origin,negation,"{""species"": ""human"", ""variant_size_class"": [""structural-CNV""], ""region_focus"": [""regulatory-noncoding""], ""analysis_goal"": [""clinical-interpretation""]}","Hi, we called copy-number changes and other large SVs from human samples, mostly in regulatory regions. The goal is clinical interpretation. The variants are somatic.",somatic,"Hi, we called copy-number changes and other large SVs from human samples, mostly in regulatory regions. The goal is clinical interpretation. We didn't sequence the family, only the biopsy's acquired changes.",somatic,"Hi, we called copy-number changes and other large SVs from human samples, mostly in regulatory regions. The goal is clinical interpretation. We sequenced the family, no acquired biopsy changes.",germline,"Hi, we called copy-number changes and other large SVs from human samples, mostly in regulatory regions. The goal is clinical interpretation.",unstated,
orig-word-1,origin,word_sense,"{""species"": ""human"", ""variant_size_class"": [""small""], ""region_focus"": [""coding""], ""analysis_goal"": [""population-frequency""]}","I've got a VCF of SNVs and small indels from human samples, and I only care about the ones in coding sequence. They're constitutional calls. Mainly I'm after allele frequencies in different populations.",germline,"I've got a VCF of SNVs and small indels from human samples, and I only care about the ones in coding sequence. The project has metastasised into three labs; the calls are inherited variants from family trios. Mainly I'm after allele frequencies in different populations.",germline,"I've got a VCF of SNVs and small indels from human samples, and I only care about the ones in coding sequence. The tumour has metastasised to three sites; the calls are acquired variants from the lesions. Mainly I'm after allele frequencies in different populations.",somatic,"I've got a VCF of SNVs and small indels from human samples, and I only care about the ones in coding sequence. Mainly I'm after allele frequencies in different populations.",unstated,
orig-word-2,origin,word_sense,"{""species"": ""human"", ""variant_size_class"": [""small""], ""region_focus"": [""regulatory-noncoding""], ""analysis_goal"": [""population-frequency""]}","I'm working with point mutations and a few short indels from Homo sapiens samples, and they're mostly in promoters and enhancers. Mainly I'm after allele frequencies in different populations. These are inherited germline variants.",germline,"I'm working with point mutations and a few short indels from Homo sapiens samples, and they're mostly in promoters and enhancers. Mainly I'm after allele frequencies in different populations. This cancer of a pipeline finally ran; the variants are inherited from the parents.",germline,"I'm working with point mutations and a few short indels from Homo sapiens samples, and they're mostly in promoters and enhancers. Mainly I'm after allele frequencies in different populations. This cancer pipeline finally ran; the variants were acquired in the tumour.",somatic,"I'm working with point mutations and a few short indels from Homo sapiens samples, and they're mostly in promoters and enhancers. Mainly I'm after allele frequencies in different populations.",unstated,
orig-word-3,origin,word_sense,"{""species"": ""human"", ""variant_size_class"": [""structural-CNV""], ""region_focus"": [""regulatory-noncoding""], ""analysis_goal"": [""population-frequency""]}","Our lab just got back copy-number changes and other large SVs from human donors, and I only care about the non-coding regulatory ones. I want to see how common they are across populations. They're constitutional calls.",germline,"Our lab just got back copy-number changes and other large SVs from human donors, and I only care about the non-coding regulatory ones. I want to see how common they are across populations. The donor, a Cancer by star sign, gave blood for this constitutional panel.",germline,"Our lab just got back copy-number changes and other large SVs from human donors, and I only care about the non-coding regulatory ones. I want to see how common they are across populations. The donor with cancer gave a tumour biopsy for this somatic panel.",somatic,"Our lab just got back copy-number changes and other large SVs from human donors, and I only care about the non-coding regulatory ones. I want to see how common they are across populations.",unstated,
orig-word-4,origin,word_sense,"{""species"": ""human"", ""variant_size_class"": [""structural-CNV""], ""region_focus"": [""coding""], ""analysis_goal"": [""population-frequency""]}","These are somatic mutations. So I've got CNVs and some big deletions from Homo sapiens samples, and they're mostly in coding exons. I want to see how common they are across populations.",somatic,"The whole lab family pitched in; the calls are acquired mutations from tumour biopsies. So I've got CNVs and some big deletions from Homo sapiens samples, and they're mostly in coding exons. I want to see how common they are across populations.",somatic,"The whole family pitched in; the calls are inherited variants from the parents. So I've got CNVs and some big deletions from Homo sapiens samples, and they're mostly in coding exons. I want to see how common they are across populations.",germline,"So I've got CNVs and some big deletions from Homo sapiens samples, and they're mostly in coding exons. I want to see how common they are across populations.",unstated,
orig-word-5,origin,word_sense,"{""species"": ""human"", ""variant_size_class"": [""structural-CNV""], ""region_focus"": [""coding""], ""analysis_goal"": [""basic-consequence""]}","Hi, we called CNVs and some big deletions from human donors, and they're mostly in coding exons. These are somatic mutations. All I really want is to know what each one hits.",somatic,"Hi, we called CNVs and some big deletions from human donors, and they're mostly in coding exons. Our inherited legacy code handles these somatic tumour calls. All I really want is to know what each one hits.",somatic,"Hi, we called CNVs and some big deletions from human donors, and they're mostly in coding exons. Our code handles these variants inherited from the parents. All I really want is to know what each one hits.",germline,"Hi, we called CNVs and some big deletions from human donors, and they're mostly in coding exons. All I really want is to know what each one hits.",unstated,
orig-word-6,origin,word_sense,"{""species"": ""human"", ""variant_size_class"": [""structural-CNV""], ""region_focus"": [""regulatory-noncoding""], ""analysis_goal"": [""clinical-interpretation""]}","Our lab just got back CNVs and some big deletions from human donors, and I only care about the non-coding regulatory ones. Are any of these likely to be disease-causing? They were acquired somatically.",somatic,"Our lab just got back CNVs and some big deletions from human donors, and I only care about the non-coding regulatory ones. Are any of these likely to be disease-causing? We rebuilt the analysis de novo; the variants were acquired in tumour cells.",somatic,"Our lab just got back CNVs and some big deletions from human donors, and I only care about the non-coding regulatory ones. Are any of these likely to be disease-causing? The variants arose de novo in the child, not in tumour cells.",germline,"Our lab just got back CNVs and some big deletions from human donors, and I only care about the non-coding regulatory ones. Are any of these likely to be disease-causing?",unstated,
orig-tool-1,origin,tool_name,"{""species"": ""human"", ""variant_size_class"": [""structural-CNV""], ""region_focus"": [""regulatory-noncoding""], ""analysis_goal"": [""basic-consequence""]}","Basically we have CNVs and some big deletions from Homo sapiens samples, and I only care about the non-coding regulatory ones. They're constitutional calls. I just need the basic consequences, nothing fancy.",germline,"Basically we have CNVs and some big deletions from Homo sapiens samples, and I only care about the non-coding regulatory ones. We keep COSMIC open for lookups, but these are inherited variants from blood. I just need the basic consequences, nothing fancy.",germline,"Basically we have CNVs and some big deletions from Homo sapiens samples, and I only care about the non-coding regulatory ones. These come straight from COSMIC tumour samples, acquired variants. I just need the basic consequences, nothing fancy.",somatic,"Basically we have CNVs and some big deletions from Homo sapiens samples, and I only care about the non-coding regulatory ones. I just need the basic consequences, nothing fancy.",unstated,
orig-tool-2,origin,tool_name,"{""species"": ""human"", ""variant_size_class"": [""structural-CNV""], ""region_focus"": [""coding""], ""analysis_goal"": [""clinical-interpretation""]}","We have structural variants from Homo sapiens samples, and they're mostly in coding exons. Are any of these likely to be disease-causing? These are inherited germline variants.",germline,"We have structural variants from Homo sapiens samples, and they're mostly in coding exons. Are any of these likely to be disease-causing? The Mutect2 install failed, so HaplotypeCaller ran on the family's blood samples.",germline,"We have structural variants from Homo sapiens samples, and they're mostly in coding exons. Are any of these likely to be disease-causing? Mutect2 ran on the tumour-normal pairs.",somatic,"We have structural variants from Homo sapiens samples, and they're mostly in coding exons. Are any of these likely to be disease-causing?",unstated,
orig-tool-3,origin,tool_name,"{""species"": ""human"", ""variant_size_class"": [""small""], ""region_focus"": [""regulatory-noncoding""], ""analysis_goal"": [""population-frequency""]}","They're constitutional calls. I've got a VCF of point mutations and a few short indels from Homo sapiens samples, mostly in regulatory regions. How frequent are these in population databases?",germline,"The TCGA portal was only used for reference downloads; our calls are inherited, from parents and child. I've got a VCF of point mutations and a few short indels from Homo sapiens samples, mostly in regulatory regions. How frequent are these in population databases?",germline,"Our calls were downloaded from the TCGA portal: acquired tumour mutations. I've got a VCF of point mutations and a few short indels from Homo sapiens samples, mostly in regulatory regions. How frequent are these in population databases?",somatic,"I've got a VCF of point mutations and a few short indels from Homo sapiens samples, mostly in regulatory regions. How frequent are these in population databases?",unstated,
orig-tool-4,origin,tool_name,"{""species"": ""human"", ""variant_size_class"": [""small""], ""region_focus"": [""coding""], ""analysis_goal"": [""population-frequency""]}","I've got a VCF of single-nucleotide changes from Homo sapiens samples, and they're mostly in coding exons. Mainly I'm after allele frequencies in different populations. They were acquired somatically.",somatic,"I've got a VCF of single-nucleotide changes from Homo sapiens samples, and they're mostly in coding exons. Mainly I'm after allele frequencies in different populations. DeepTrio is installed but unused; the calls came from Mutect2 on tumour biopsies.",somatic,"I've got a VCF of single-nucleotide changes from Homo sapiens samples, and they're mostly in coding exons. Mainly I'm after allele frequencies in different populations. DeepTrio made the calls on the parent-child trio.",germline,"I've got a VCF of single-nucleotide changes from Homo sapiens samples, and they're mostly in coding exons. Mainly I'm after allele frequencies in different populations.",unstated,
orig-tool-5,origin,tool_name,"{""species"": ""human"", ""variant_size_class"": [""structural-CNV""], ""region_focus"": [""regulatory-noncoding""], ""analysis_goal"": [""population-frequency""]}","I'm working with copy-number changes and other large SVs from human samples, and they're mostly in promoters and enhancers. How frequent are these in population databases? The variants are somatic.",somatic,"I'm working with copy-number changes and other large SVs from human samples, and they're mostly in promoters and enhancers. How frequent are these in population databases? The GATK germline best-practices page got us started, but these calls are acquired tumour mutations.",somatic,"I'm working with copy-number changes and other large SVs from human samples, and they're mostly in promoters and enhancers. How frequent are these in population databases? The GATK germline best-practices pipeline produced these inherited calls from blood.",germline,"I'm working with copy-number changes and other large SVs from human samples, and they're mostly in promoters and enhancers. How frequent are these in population databases?",unstated,
orig-tool-6,origin,tool_name,"{""species"": ""human"", ""variant_size_class"": [""structural-CNV""], ""region_focus"": [""coding""], ""analysis_goal"": [""population-frequency""]}","Basically we have structural variants from human samples, and they're mostly in coding exons. How frequent are these in population databases? These are somatic mutations.",somatic,"Basically we have structural variants from human samples, and they're mostly in coding exons. How frequent are these in population databases? PLINK is on the server from an old family study; these are acquired mutations from tumour tissue.",somatic,"Basically we have structural variants from human samples, and they're mostly in coding exons. How frequent are these in population databases? PLINK processed this family study; these are variants inherited from the parents.",germline,"Basically we have structural variants from human samples, and they're mostly in coding exons. How frequent are these in population databases?",unstated,
orig-atta-1,origin,attachment,"{""species"": ""human"", ""variant_size_class"": [""structural-CNV""], ""region_focus"": [""regulatory-noncoding""], ""analysis_goal"": [""clinical-interpretation""]}","So I've got CNVs and some big deletions from human samples, and I only care about the non-coding regulatory ones. The goal is clinical interpretation. These are inherited germline variants.",germline,"So I've got CNVs and some big deletions from human samples, and I only care about the non-coding regulatory ones. The goal is clinical interpretation. Healthy controls recruited through a cancer registry; inherited variants from blood.",germline,"So I've got CNVs and some big deletions from human samples, and I only care about the non-coding regulatory ones. The goal is clinical interpretation. Tumour samples from a cancer registry; acquired variants from the lesions.",somatic,"So I've got CNVs and some big deletions from human samples, and I only care about the non-coding regulatory ones. The goal is clinical interpretation.",unstated,
orig-atta-2,origin,attachment,"{""species"": ""human"", ""variant_size_class"": [""structural-CNV""], ""region_focus"": [""coding""], ""analysis_goal"": [""basic-consequence""]}","We have structural variants from Homo sapiens samples, mostly in protein-coding regions. They're constitutional calls. All I really want is to know what each one hits.",germline,"We have structural variants from Homo sapiens samples, mostly in protein-coding regions. The grandmother had a tumour removed decades ago; these variants are inherited from the parents. All I really want is to know what each one hits.",germline,"We have structural variants from Homo sapiens samples, mostly in protein-coding regions. The grandmother's tumour was removed decades ago; these variants were acquired in that tumour. All I really want is to know what each one hits.",somatic,"We have structural variants from Homo sapiens samples, mostly in protein-coding regions. All I really want is to know what each one hits.",unstated,
orig-atta-3,origin,attachment,"{""species"": ""human"", ""variant_size_class"": [""structural-CNV""], ""region_focus"": [""coding""], ""analysis_goal"": [""clinical-interpretation""]}","Our lab just got back copy-number changes and other large SVs from Homo sapiens samples, mostly in protein-coding regions. These are inherited germline variants. The goal is clinical interpretation.",germline,"Our lab just got back copy-number changes and other large SVs from Homo sapiens samples, mostly in protein-coding regions. The tumour half of the batch was dropped; only matched normal blood remains, inherited variants. The goal is clinical interpretation.",germline,"Our lab just got back copy-number changes and other large SVs from Homo sapiens samples, mostly in protein-coding regions. The normal half of the batch was dropped; only the tumour remains, acquired variants. The goal is clinical interpretation.",somatic,"Our lab just got back copy-number changes and other large SVs from Homo sapiens samples, mostly in protein-coding regions. The goal is clinical interpretation.",unstated,
orig-atta-4,origin,attachment,"{""species"": ""human"", ""variant_size_class"": [""structural-CNV""], ""region_focus"": [""regulatory-noncoding""], ""analysis_goal"": [""basic-consequence""]}","Our lab just got back copy-number changes and other large SVs from human samples, and they're mostly in promoters and enhancers. These are somatic mutations. All I really want is to know what each one hits.",somatic,"Our lab just got back copy-number changes and other large SVs from human samples, and they're mostly in promoters and enhancers. The donor's parents gave blood too, but these are the acquired mutations in the donor's tumour. All I really want is to know what each one hits.",somatic,"Our lab just got back copy-number changes and other large SVs from human samples, and they're mostly in promoters and enhancers. The donor's parents gave blood too, and these are the inherited variants they passed on. All I really want is to know what each one hits.",germline,"Our lab just got back copy-number changes and other large SVs from human samples, and they're mostly in promoters and enhancers. All I really want is to know what each one hits.",unstated,
orig-atta-5,origin,attachment,"{""species"": ""human"", ""variant_size_class"": [""small""], ""region_focus"": [""regulatory-noncoding""], ""analysis_goal"": [""population-frequency""]}","I'm trying to annotate SNVs and small indels from human samples, mostly in regulatory regions. They were acquired somatically. I want to see how common they are across populations.",somatic,"I'm trying to annotate SNVs and small indels from human samples, mostly in regulatory regions. The grant came from an inherited-traits charity, but the variants were acquired in tumour tissue. I want to see how common they are across populations.",somatic,"I'm trying to annotate SNVs and small indels from human samples, mostly in regulatory regions. The grant came from an inherited-traits charity, and the variants are inherited from the parents. I want to see how common they are across populations.",germline,"I'm trying to annotate SNVs and small indels from human samples, mostly in regulatory regions. I want to see how common they are across populations.",unstated,
orig-atta-6,origin,attachment,"{""species"": ""human"", ""variant_size_class"": [""small""], ""region_focus"": [""coding""], ""analysis_goal"": [""population-frequency""]}","They were acquired somatically. So I've got single-nucleotide changes from Homo sapiens samples, mostly in protein-coding regions. How frequent are these in population databases?",somatic,"Our previous paper was a germline trio study; this one is acquired tumour mutations. So I've got single-nucleotide changes from Homo sapiens samples, mostly in protein-coding regions. How frequent are these in population databases?",somatic,"Our previous paper was a tumour study; this one is a germline trio. So I've got single-nucleotide changes from Homo sapiens samples, mostly in protein-coding regions. How frequent are these in population databases?",germline,"So I've got single-nucleotide changes from Homo sapiens samples, mostly in protein-coding regions. How frequent are these in population databases?",unstated,
orig-doma-1,origin,domain,"{""species"": ""human"", ""variant_size_class"": [""structural-CNV""], ""region_focus"": [""coding""], ""analysis_goal"": [""population-frequency""]}","They were acquired somatically. I've got a VCF of structural variants from Homo sapiens samples, and they're mostly in coding exons. How frequent are these in population databases?",somatic,"De novo mutations arising in a glioma, sequenced from the tumour only. I've got a VCF of structural variants from Homo sapiens samples, and they're mostly in coding exons. How frequent are these in population databases?",somatic,"De novo mutations in a child, confirmed absent from both parents' blood. I've got a VCF of structural variants from Homo sapiens samples, and they're mostly in coding exons. How frequent are these in population databases?",germline,"I've got a VCF of structural variants from Homo sapiens samples, and they're mostly in coding exons. How frequent are these in population databases?",unstated,
orig-doma-2,origin,domain,"{""species"": ""human"", ""variant_size_class"": [""structural-CNV""], ""region_focus"": [""regulatory-noncoding""], ""analysis_goal"": [""population-frequency""]}","So I've got CNVs and some big deletions from human samples, mostly in regulatory regions. How frequent are these in population databases? The variants are somatic.",somatic,"So I've got CNVs and some big deletions from human samples, mostly in regulatory regions. How frequent are these in population databases? Clonal haematopoiesis mutations found in blood from older donors.",somatic,"So I've got CNVs and some big deletions from human samples, mostly in regulatory regions. How frequent are these in population databases? Variants found in blood from older donors and in their children too.",germline,"So I've got CNVs and some big deletions from human samples, mostly in regulatory regions. How frequent are these in population databases?",unstated,
orig-doma-3,origin,domain,"{""species"": ""human"", ""variant_size_class"": [""structural-CNV""], ""region_focus"": [""regulatory-noncoding""], ""analysis_goal"": [""clinical-interpretation""]}","Our lab just got back copy-number changes and other large SVs from human donors, and I only care about the non-coding regulatory ones. These are somatic mutations. Are any of these likely to be disease-causing?",somatic,"Our lab just got back copy-number changes and other large SVs from human donors, and I only care about the non-coding regulatory ones. Mosaic mutations in brain tissue that are absent from blood and from the parents. Are any of these likely to be disease-causing?",somatic,"Our lab just got back copy-number changes and other large SVs from human donors, and I only care about the non-coding regulatory ones. Mutations present in brain tissue, in blood and in one parent. Are any of these likely to be disease-causing?",germline,"Our lab just got back copy-number changes and other large SVs from human donors, and I only care about the non-coding regulatory ones. Are any of these likely to be disease-causing?",unstated,
orig-doma-4,origin,domain,"{""species"": ""human"", ""variant_size_class"": [""structural-CNV""], ""region_focus"": [""coding""], ""analysis_goal"": [""basic-consequence""]}","I'm working with CNVs and some big deletions from human donors, and I only care about the ones in coding sequence. These are inherited germline variants. All I really want is to know what each one hits.",germline,"I'm working with CNVs and some big deletions from human donors, and I only care about the ones in coding sequence. A TP53 variant present in blood, saliva and every tissue of the carriers, including their tumours. All I really want is to know what each one hits.",germline,"I'm working with CNVs and some big deletions from human donors, and I only care about the ones in coding sequence. A TP53 mutation present only in the tumour, absent from blood and saliva. All I really want is to know what each one hits.",somatic,"I'm working with CNVs and some big deletions from human donors, and I only care about the ones in coding sequence. All I really want is to know what each one hits.",unstated,
orig-doma-5,origin,domain,"{""species"": ""human"", ""variant_size_class"": [""structural-CNV""], ""region_focus"": [""regulatory-noncoding""], ""analysis_goal"": [""basic-consequence""]}","I've got a VCF of CNVs and some big deletions from human samples, mostly in regulatory regions. These are inherited germline variants. I just need the basic consequences, nothing fancy.",germline,"I've got a VCF of CNVs and some big deletions from human samples, mostly in regulatory regions. A tumour suppressor gene variant carried by all three generations of the family. I just need the basic consequences, nothing fancy.",germline,"I've got a VCF of CNVs and some big deletions from human samples, mostly in regulatory regions. A tumour suppressor gene mutation found only in the lesion, not in the family. I just need the basic consequences, nothing fancy.",somatic,"I've got a VCF of CNVs and some big deletions from human samples, mostly in regulatory regions. I just need the basic consequences, nothing fancy.",unstated,
orig-doma-6,origin,domain,"{""species"": ""human"", ""variant_size_class"": [""structural-CNV""], ""region_focus"": [""coding""], ""analysis_goal"": [""clinical-interpretation""]}","I'm trying to annotate copy-number changes and other large SVs from Homo sapiens samples, and I only care about the ones in coding sequence. They're constitutional calls. Are any of these likely to be disease-causing?",germline,"I'm trying to annotate copy-number changes and other large SVs from Homo sapiens samples, and I only care about the ones in coding sequence. Variants shared by identical twins, one of whom later developed a tumour. Are any of these likely to be disease-causing?",germline,"I'm trying to annotate copy-number changes and other large SVs from Homo sapiens samples, and I only care about the ones in coding sequence. Variants found only in the tumour of one twin and absent from the other twin. Are any of these likely to be disease-causing?",somatic,"I'm trying to annotate copy-number changes and other large SVs from Homo sapiens samples, and I only care about the ones in coding sequence. Are any of these likely to be disease-causing?",unstated,
vari-nega-1,variant_size_class,negation,"{""species"": ""human"", ""origin"": ""somatic"", ""region_focus"": [""coding""], ""analysis_goal"": [""population-frequency""]}","Our lab just got back acquired somatic variants from Homo sapiens samples, and they're mostly in coding exons. They're SNVs and short indels. Mainly I'm after allele frequencies in different populations.",['small'],"Our lab just got back acquired somatic variants from Homo sapiens samples, and they're mostly in coding exons. No CNVs or SVs were called, only SNVs and short indels. Mainly I'm after allele frequencies in different populations.",['small'],"Our lab just got back acquired somatic variants from Homo sapiens samples, and they're mostly in coding exons. Only CNVs and SVs were called, no SNVs or short indels. Mainly I'm after allele frequencies in different populations.",['structural-CNV'],"Our lab just got back acquired somatic variants from Homo sapiens samples, and they're mostly in coding exons. Mainly I'm after allele frequencies in different populations.",[],
vari-nega-2,variant_size_class,negation,"{""species"": ""human"", ""origin"": ""germline"", ""region_focus"": [""regulatory-noncoding""], ""analysis_goal"": [""population-frequency""]}","I'm working with inherited variants from human donors, and I only care about the non-coding regulatory ones. These are small variants, SNVs and indels. Mainly I'm after allele frequencies in different populations.",['small'],"I'm working with inherited variants from human donors, and I only care about the non-coding regulatory ones. Nothing structural here, just single-base changes. Mainly I'm after allele frequencies in different populations.",['small'],"I'm working with inherited variants from human donors, and I only care about the non-coding regulatory ones. Only structural changes here, no single-base changes. Mainly I'm after allele frequencies in different populations.",['structural-CNV'],"I'm working with inherited variants from human donors, and I only care about the non-coding regulatory ones. Mainly I'm after allele frequencies in different populations.",[],
vari-nega-3,variant_size_class,negation,"{""species"": ""human"", ""origin"": ""somatic"", ""region_focus"": [""regulatory-noncoding""], ""analysis_goal"": [""population-frequency""]}","I'm working with acquired somatic variants from human samples, and I only care about the non-coding regulatory ones. How frequent are these in population databases? These are small variants, SNVs and indels.",['small'],"I'm working with acquired somatic variants from human samples, and I only care about the non-coding regulatory ones. How frequent are these in population databases? Not large rearrangements: short indels under 20 bp.",['small'],"I'm working with acquired somatic variants from human samples, and I only care about the non-coding regulatory ones. How frequent are these in population databases? Large rearrangements, not short indels under 20 bp.",['structural-CNV'],"I'm working with acquired somatic variants from human samples, and I only care about the non-coding regulatory ones. How frequent are these in population databases?",[],
vari-nega-4,variant_size_class,negation,"{""species"": ""human"", ""origin"": ""germline"", ""region_focus"": [""coding""], ""analysis_goal"": [""population-frequency""]}","So I've got inherited calls from human samples, and I only care about the ones in coding sequence. Mainly I'm after allele frequencies in different populations. It's copy-number and structural calls only.",['structural-CNV'],"So I've got inherited calls from human samples, and I only care about the ones in coding sequence. Mainly I'm after allele frequencies in different populations. No point mutations in this callset; it is copy-number gains and losses.",['structural-CNV'],"So I've got inherited calls from human samples, and I only care about the ones in coding sequence. Mainly I'm after allele frequencies in different populations. Point mutations in this callset, no copy-number gains or losses.",['small'],"So I've got inherited calls from human samples, and I only care about the ones in coding sequence. Mainly I'm after allele frequencies in different populations.",[],
vari-nega-5,variant_size_class,negation,"{""species"": ""human"", ""origin"": ""somatic"", ""region_focus"": [""regulatory-noncoding""], ""analysis_goal"": [""basic-consequence""]}","It's copy-number and structural calls only. Basically we have somatic variants from Homo sapiens samples, mostly in regulatory regions. All I really want is to know what each one hits.",['structural-CNV'],"We skipped the SNVs entirely and kept the multi-kilobase deletions. Basically we have somatic variants from Homo sapiens samples, mostly in regulatory regions. All I really want is to know what each one hits.",['structural-CNV'],"We kept the SNVs and skipped the multi-kilobase deletions. Basically we have somatic variants from Homo sapiens samples, mostly in regulatory regions. All I really want is to know what each one hits.",['small'],"Basically we have somatic variants from Homo sapiens samples, mostly in regulatory regions. All I really want is to know what each one hits.",[],
vari-nega-6,variant_size_class,negation,"{""species"": ""human"", ""origin"": ""germline"", ""region_focus"": [""coding""], ""analysis_goal"": [""clinical-interpretation""]}","It's copy-number and structural calls only. Our lab just got back germline variants from human samples, and they're mostly in coding exons. I need to work out if any of them are pathogenic.",['structural-CNV'],"These aren't indels; they are inversions and translocations. Our lab just got back germline variants from human samples, and they're mostly in coding exons. I need to work out if any of them are pathogenic.",['structural-CNV'],"These are indels, not inversions or translocations. Our lab just got back germline variants from human samples, and they're mostly in coding exons. I need to work out if any of them are pathogenic.",['small'],"Our lab just got back germline variants from human samples, and they're mostly in coding exons. I need to work out if any of them are pathogenic.",[],
vari-word-1,variant_size_class,word_sense,"{""species"": ""human"", ""origin"": ""somatic"", ""region_focus"": [""regulatory-noncoding""], ""analysis_goal"": [""clinical-interpretation""]}","They're SNVs and short indels. I've got a VCF of tumour-derived somatic variants from human samples, and I only care about the non-coding regulatory ones. The goal is clinical interpretation.",['small'],"SNVs with a possible structural effect on the protein. I've got a VCF of tumour-derived somatic variants from human samples, and I only care about the non-coding regulatory ones. The goal is clinical interpretation.",['small'],"Structural variants spanning the protein's gene. I've got a VCF of tumour-derived somatic variants from human samples, and I only care about the non-coding regulatory ones. The goal is clinical interpretation.",['structural-CNV'],"I've got a VCF of tumour-derived somatic variants from human samples, and I only care about the non-coding regulatory ones. The goal is clinical interpretation.",[],
vari-word-2,variant_size_class,word_sense,"{""species"": ""human"", ""origin"": ""germline"", ""region_focus"": [""coding""], ""analysis_goal"": [""basic-consequence""]}","We have inherited calls from human samples, and they're mostly in coding exons. I just need the basic consequences, nothing fancy. These are small variants, SNVs and indels.",['small'],"We have inherited calls from human samples, and they're mostly in coding exons. I just need the basic consequences, nothing fancy. A large number of single-nucleotide variants.",['small'],"We have inherited calls from human samples, and they're mostly in coding exons. I just need the basic consequences, nothing fancy. A number of large multi-exon deletions and duplications.",['structural-CNV'],"We have inherited calls from human samples, and they're mostly in coding exons. I just need the basic consequences, nothing fancy.",[],
vari-word-3,variant_size_class,word_sense,"{""species"": ""human"", ""origin"": ""germline"", ""region_focus"": [""regulatory-noncoding""], ""analysis_goal"": [""clinical-interpretation""]}","These are small variants, SNVs and indels. I've got a VCF of constitutional variants from Homo sapiens samples, and they're mostly in promoters and enhancers. I need to work out if any of them are pathogenic.",['small'],"A copy of the SNV calls sent over by the core facility. I've got a VCF of constitutional variants from Homo sapiens samples, and they're mostly in promoters and enhancers. I need to work out if any of them are pathogenic.",['small'],"Copy-number calls sent over by the core facility. I've got a VCF of constitutional variants from Homo sapiens samples, and they're mostly in promoters and enhancers. I need to work out if any of them are pathogenic.",['structural-CNV'],"I've got a VCF of constitutional variants from Homo sapiens samples, and they're mostly in promoters and enhancers. I need to work out if any of them are pathogenic.",[],
vari-word-4,variant_size_class,word_sense,"{""species"": ""human"", ""origin"": ""somatic"", ""region_focus"": [""coding""], ""analysis_goal"": [""basic-consequence""]}","I'm trying to annotate acquired somatic calls from Homo sapiens samples, mostly in protein-coding regions. All I really want is to know what each one hits. It's copy-number and structural calls only.",['structural-CNV'],"I'm trying to annotate acquired somatic calls from Homo sapiens samples, mostly in protein-coding regions. All I really want is to know what each one hits. At this point we only have copy-number gains and losses.",['structural-CNV'],"I'm trying to annotate acquired somatic calls from Homo sapiens samples, mostly in protein-coding regions. All I really want is to know what each one hits. We only have point mutations.",['small'],"I'm trying to annotate acquired somatic calls from Homo sapiens samples, mostly in protein-coding regions. All I really want is to know what each one hits.",[],
vari-word-5,variant_size_class,word_sense,"{""species"": ""human"", ""origin"": ""somatic"", ""region_focus"": [""coding""], ""analysis_goal"": [""clinical-interpretation""]}","Hi, we called tumour-derived somatic variants from Homo sapiens samples, and I only care about the ones in coding sequence. They're structural variants and CNVs. I need to work out if any of them are pathogenic.",['structural-CNV'],"Hi, we called tumour-derived somatic variants from Homo sapiens samples, and I only care about the ones in coding sequence. Short on time, so just the megabase-scale deletions for now. I need to work out if any of them are pathogenic.",['structural-CNV'],"Hi, we called tumour-derived somatic variants from Homo sapiens samples, and I only care about the ones in coding sequence. Just the short indels and SNVs for now. I need to work out if any of them are pathogenic.",['small'],"Hi, we called tumour-derived somatic variants from Homo sapiens samples, and I only care about the ones in coding sequence. I need to work out if any of them are pathogenic.",[],
vari-word-6,variant_size_class,word_sense,"{""species"": ""human"", ""origin"": ""germline"", ""region_focus"": [""regulatory-noncoding""], ""analysis_goal"": [""basic-consequence""]}","I've got a VCF of constitutional variants from Homo sapiens samples, mostly in regulatory regions. They're structural variants and CNVs. Can you just tell me the consequence types?",['structural-CNV'],"I've got a VCF of constitutional variants from Homo sapiens samples, mostly in regulatory regions. Every single call is a CNV. Can you just tell me the consequence types?",['structural-CNV'],"I've got a VCF of constitutional variants from Homo sapiens samples, mostly in regulatory regions. Every call is a single-nucleotide change. Can you just tell me the consequence types?",['small'],"I've got a VCF of constitutional variants from Homo sapiens samples, mostly in regulatory regions. Can you just tell me the consequence types?",[],
vari-tool-1,variant_size_class,tool_name,"{""species"": ""human"", ""origin"": ""germline"", ""region_focus"": [""regulatory-noncoding""], ""analysis_goal"": [""population-frequency""]}","I'm trying to annotate inherited calls from Homo sapiens samples, and they're mostly in promoters and enhancers. Mainly I'm after allele frequencies in different populations. They're SNVs and short indels.",['small'],"I'm trying to annotate inherited calls from Homo sapiens samples, and they're mostly in promoters and enhancers. Mainly I'm after allele frequencies in different populations. Manta was run but produced nothing, so we only have SNVs and indels from DeepVariant.",['small'],"I'm trying to annotate inherited calls from Homo sapiens samples, and they're mostly in promoters and enhancers. Mainly I'm after allele frequencies in different populations. Manta was run and produced the structural variant calls we are using.",['structural-CNV'],"I'm trying to annotate inherited calls from Homo sapiens samples, and they're mostly in promoters and enhancers. Mainly I'm after allele frequencies in different populations.",[],
vari-tool-2,variant_size_class,tool_name,"{""species"": ""human"", ""origin"": ""somatic"", ""region_focus"": [""coding""], ""analysis_goal"": [""population-frequency""]}","Basically we have somatic variants from human donors, and I only care about the ones in coding sequence. It's point mutations only. I want to see how common they are across populations.",['small'],"Basically we have somatic variants from human donors, and I only care about the ones in coding sequence. The CNVkit container is on our server, unused; these are SNVs from HaplotypeCaller. I want to see how common they are across populations.",['small'],"Basically we have somatic variants from human donors, and I only care about the ones in coding sequence. CNVkit made these copy-number calls. I want to see how common they are across populations.",['structural-CNV'],"Basically we have somatic variants from human donors, and I only care about the ones in coding sequence. I want to see how common they are across populations.",[],
vari-tool-3,variant_size_class,tool_name,"{""species"": ""human"", ""origin"": ""somatic"", ""region_focus"": [""regulatory-noncoding""], ""analysis_goal"": [""population-frequency""]}","I'm working with somatic variants from human samples, mostly in regulatory regions. These are small variants, SNVs and indels. How frequent are these in population databases?",['small'],"I'm working with somatic variants from human samples, mostly in regulatory regions. We looked at the Database of Genomic Variants track for context, but our calls are point mutations. How frequent are these in population databases?",['small'],"I'm working with somatic variants from human samples, mostly in regulatory regions. Our calls are large structural variants like those in the Database of Genomic Variants. How frequent are these in population databases?",['structural-CNV'],"I'm working with somatic variants from human samples, mostly in regulatory regions. How frequent are these in population databases?",[],
vari-tool-4,variant_size_class,tool_name,"{""species"": ""human"", ""origin"": ""germline"", ""region_focus"": [""coding""], ""analysis_goal"": [""population-frequency""]}","These are large deletions and duplications. Our lab just got back inherited calls from human samples, and they're mostly in coding exons. Mainly I'm after allele frequencies in different populations.",['structural-CNV'],"DeepVariant was only used for QC; the calls are large deletions and duplications from Delly. Our lab just got back inherited calls from human samples, and they're mostly in coding exons. Mainly I'm after allele frequencies in different populations.",['structural-CNV'],"DeepVariant made these SNV and small indel calls. Our lab just got back inherited calls from human samples, and they're mostly in coding exons. Mainly I'm after allele frequencies in different populations.",['small'],"Our lab just got back inherited calls from human samples, and they're mostly in coding exons. Mainly I'm after allele frequencies in different populations.",[],
vari-tool-5,variant_size_class,tool_name,"{""species"": ""human"", ""origin"": ""germline"", ""region_focus"": [""coding""], ""analysis_goal"": [""clinical-interpretation""]}","They're structural variants and CNVs. Basically we have constitutional variants from human donors, and I only care about the ones in coding sequence. The goal is clinical interpretation.",['structural-CNV'],"FreeBayes is in the workflow, but we are annotating the Delly structural calls. Basically we have constitutional variants from human donors, and I only care about the ones in coding sequence. The goal is clinical interpretation.",['structural-CNV'],"We are annotating the FreeBayes SNV and indel calls. Basically we have constitutional variants from human donors, and I only care about the ones in coding sequence. The goal is clinical interpretation.",['small'],"Basically we have constitutional variants from human donors, and I only care about the ones in coding sequence. The goal is clinical interpretation.",[],
vari-tool-6,variant_size_class,tool_name,"{""species"": ""human"", ""origin"": ""somatic"", ""region_focus"": [""regulatory-noncoding""], ""analysis_goal"": [""basic-consequence""]}","So I've got somatic variants from human donors, and they're mostly in promoters and enhancers. All I really want is to know what each one hits. These are large deletions and duplications.",['structural-CNV'],"So I've got somatic variants from human donors, and they're mostly in promoters and enhancers. All I really want is to know what each one hits. dbSNP IDs are in the header from an old template, but these are CNVs.",['structural-CNV'],"So I've got somatic variants from human donors, and they're mostly in promoters and enhancers. All I really want is to know what each one hits. These are dbSNP-annotated SNVs.",['small'],"So I've got somatic variants from human donors, and they're mostly in promoters and enhancers. All I really want is to know what each one hits.",[],
vari-atta-1,variant_size_class,attachment,"{""species"": ""human"", ""origin"": ""germline"", ""region_focus"": [""regulatory-noncoding""], ""analysis_goal"": [""basic-consequence""]}","Our lab just got back germline calls from human donors, mostly in regulatory regions. They're SNVs and short indels. All I really want is to know what each one hits.",['small'],"Our lab just got back germline calls from human donors, mostly in regulatory regions. The lab next door studies structural variants; ours are single-nucleotide changes. All I really want is to know what each one hits.",['small'],"Our lab just got back germline calls from human donors, mostly in regulatory regions. Our lab studies structural variants; these are ours. All I really want is to know what each one hits.",['structural-CNV'],"Our lab just got back germline calls from human donors, mostly in regulatory regions. All I really want is to know what each one hits.",[],
vari-atta-2,variant_size_class,attachment,"{""species"": ""human"", ""origin"": ""somatic"", ""region_focus"": [""coding""], ""analysis_goal"": [""clinical-interpretation""]}","These are small variants, SNVs and indels. We called acquired somatic calls from Homo sapiens samples, mostly in protein-coding regions. I need to work out if any of them are pathogenic.",['small'],"The gene sits in a known large-deletion region, but our variants are SNVs within it. We called acquired somatic calls from Homo sapiens samples, mostly in protein-coding regions. I need to work out if any of them are pathogenic.",['small'],"Our variants are the large deletions covering the gene. We called acquired somatic calls from Homo sapiens samples, mostly in protein-coding regions. I need to work out if any of them are pathogenic.",['structural-CNV'],"We called acquired somatic calls from Homo sapiens samples, mostly in protein-coding regions. I need to work out if any of them are pathogenic.",[],
vari-atta-3,variant_size_class,attachment,"{""species"": ""human"", ""origin"": ""germline"", ""region_focus"": [""regulatory-noncoding""], ""analysis_goal"": [""clinical-interpretation""]}","Hi, we called inherited calls from Homo sapiens samples, and they're mostly in promoters and enhancers. It's point mutations only. The goal is clinical interpretation.",['small'],"Hi, we called inherited calls from Homo sapiens samples, and they're mostly in promoters and enhancers. The reference paper was about CNVs; we are following up with SNV calls. The goal is clinical interpretation.",['small'],"Hi, we called inherited calls from Homo sapiens samples, and they're mostly in promoters and enhancers. We are following up that paper with our own CNV calls. The goal is clinical interpretation.",['structural-CNV'],"Hi, we called inherited calls from Homo sapiens samples, and they're mostly in promoters and enhancers. The goal is clinical interpretation.",[],
vari-atta-4,variant_size_class,attachment,"{""species"": ""human"", ""origin"": ""somatic"", ""region_focus"": [""coding""], ""analysis_goal"": [""basic-consequence""]}","It's copy-number and structural calls only. I've got a VCF of tumour-derived somatic variants from Homo sapiens samples, and they're mostly in coding exons. I just need the basic consequences, nothing fancy.",['structural-CNV'],"The SNV array data was discarded; the remaining calls are large duplications. I've got a VCF of tumour-derived somatic variants from Homo sapiens samples, and they're mostly in coding exons. I just need the basic consequences, nothing fancy.",['structural-CNV'],"The duplications were discarded; the remaining calls are from the SNV array. I've got a VCF of tumour-derived somatic variants from Homo sapiens samples, and they're mostly in coding exons. I just need the basic consequences, nothing fancy.",['small'],"I've got a VCF of tumour-derived somatic variants from Homo sapiens samples, and they're mostly in coding exons. I just need the basic consequences, nothing fancy.",[],
vari-atta-5,variant_size_class,attachment,"{""species"": ""human"", ""origin"": ""somatic"", ""region_focus"": [""regulatory-noncoding""], ""analysis_goal"": [""clinical-interpretation""]}","So I've got acquired somatic calls from Homo sapiens samples, and they're mostly in promoters and enhancers. These are large deletions and duplications. The goal is clinical interpretation.",['structural-CNV'],"So I've got acquired somatic calls from Homo sapiens samples, and they're mostly in promoters and enhancers. Our last project was on indels; this callset is megabase copy-number changes. The goal is clinical interpretation.",['structural-CNV'],"So I've got acquired somatic calls from Homo sapiens samples, and they're mostly in promoters and enhancers. Our last project was on copy-number changes; this callset is indels. The goal is clinical interpretation.",['small'],"So I've got acquired somatic calls from Homo sapiens samples, and they're mostly in promoters and enhancers. The goal is clinical interpretation.",[],
vari-atta-6,variant_size_class,attachment,"{""species"": ""human"", ""origin"": ""germline"", ""region_focus"": [""coding""], ""analysis_goal"": [""basic-consequence""]}","We have germline variants from human samples, mostly in protein-coding regions. These are large deletions and duplications. Can you just tell me the consequence types?",['structural-CNV'],"We have germline variants from human samples, mostly in protein-coding regions. Breakpoints were confirmed by Sanger reads at single-base resolution; the events are 50 kb deletions. Can you just tell me the consequence types?",['structural-CNV'],"We have germline variants from human samples, mostly in protein-coding regions. The events are single-base substitutions confirmed by Sanger reads. Can you just tell me the consequence types?",['small'],"We have germline variants from human samples, mostly in protein-coding regions. Can you just tell me the consequence types?",[],
vari-doma-1,variant_size_class,domain,"{""species"": ""human"", ""origin"": ""somatic"", ""region_focus"": [""regulatory-noncoding""], ""analysis_goal"": [""population-frequency""]}","These are small variants, SNVs and indels. We called acquired somatic variants from human donors, and I only care about the non-coding regulatory ones. Mainly I'm after allele frequencies in different populations.",['small'],"A 1-bp duplication and a couple of single-base deletions. We called acquired somatic variants from human donors, and I only care about the non-coding regulatory ones. Mainly I'm after allele frequencies in different populations.",['small'],"A 2 Mb duplication and several whole-gene deletions. We called acquired somatic variants from human donors, and I only care about the non-coding regulatory ones. Mainly I'm after allele frequencies in different populations.",['structural-CNV'],"We called acquired somatic variants from human donors, and I only care about the non-coding regulatory ones. Mainly I'm after allele frequencies in different populations.",[],
vari-doma-2,variant_size_class,domain,"{""species"": ""human"", ""origin"": ""germline"", ""region_focus"": [""coding""], ""analysis_goal"": [""population-frequency""]}","I've got a VCF of germline variants from human samples, and I only care about the ones in coding sequence. Mainly I'm after allele frequencies in different populations. These are small variants, SNVs and indels.",['small'],"I've got a VCF of germline variants from human samples, and I only care about the ones in coding sequence. Mainly I'm after allele frequencies in different populations. A 3-bp in-frame deletion.",['small'],"I've got a VCF of germline variants from human samples, and I only care about the ones in coding sequence. Mainly I'm after allele frequencies in different populations. A 300-kb deletion.",['structural-CNV'],"I've got a VCF of germline variants from human samples, and I only care about the ones in coding sequence. Mainly I'm after allele frequencies in different populations.",[],
vari-doma-3,variant_size_class,domain,"{""species"": ""human"", ""origin"": ""somatic"", ""region_focus"": [""coding""], ""analysis_goal"": [""population-frequency""]}","Our lab just got back somatic variants from Homo sapiens samples, and they're mostly in coding exons. These are small variants, SNVs and indels. How frequent are these in population databases?",['small'],"Our lab just got back somatic variants from Homo sapiens samples, and they're mostly in coding exons. Insertions of two or three bases. How frequent are these in population databases?",['small'],"Our lab just got back somatic variants from Homo sapiens samples, and they're mostly in coding exons. Mobile-element insertions several kilobases long. How frequent are these in population databases?",['structural-CNV'],"Our lab just got back somatic variants from Homo sapiens samples, and they're mostly in coding exons. How frequent are these in population databases?",[],
vari-doma-4,variant_size_class,domain,"{""species"": ""human"", ""origin"": ""germline"", ""region_focus"": [""regulatory-noncoding""], ""analysis_goal"": [""population-frequency""]}","I'm trying to annotate germline variants from human samples, and they're mostly in promoters and enhancers. I want to see how common they are across populations. It's copy-number and structural calls only.",['structural-CNV'],"I'm trying to annotate germline variants from human samples, and they're mostly in promoters and enhancers. I want to see how common they are across populations. A single copy of the whole gene lost.",['structural-CNV'],"I'm trying to annotate germline variants from human samples, and they're mostly in promoters and enhancers. I want to see how common they are across populations. A single base changed in the gene.",['small'],"I'm trying to annotate germline variants from human samples, and they're mostly in promoters and enhancers. I want to see how common they are across populations.",[],
vari-doma-5,variant_size_class,domain,"{""species"": ""human"", ""origin"": ""somatic"", ""region_focus"": [""regulatory-noncoding""], ""analysis_goal"": [""basic-consequence""]}","So I've got tumour-derived somatic variants from Homo sapiens samples, mostly in regulatory regions. It's copy-number and structural calls only. All I really want is to know what each one hits.",['structural-CNV'],"So I've got tumour-derived somatic variants from Homo sapiens samples, mostly in regulatory regions. Chromosome-arm gains detected with a SNP array. All I really want is to know what each one hits.",['structural-CNV'],"So I've got tumour-derived somatic variants from Homo sapiens samples, mostly in regulatory regions. SNPs genotyped with a SNP array. All I really want is to know what each one hits.",['small'],"So I've got tumour-derived somatic variants from Homo sapiens samples, mostly in regulatory regions. All I really want is to know what each one hits.",[],
vari-doma-6,variant_size_class,domain,"{""species"": ""human"", ""origin"": ""germline"", ""region_focus"": [""coding""], ""analysis_goal"": [""clinical-interpretation""]}","So I've got constitutional calls from human donors, and they're mostly in coding exons. Are any of these likely to be disease-causing? These are large deletions and duplications.",['structural-CNV'],"So I've got constitutional calls from human donors, and they're mostly in coding exons. Are any of these likely to be disease-causing? An Alu insertion of about 300 bases.",['structural-CNV'],"So I've got constitutional calls from human donors, and they're mostly in coding exons. Are any of these likely to be disease-causing? A 2-base insertion.",['small'],"So I've got constitutional calls from human donors, and they're mostly in coding exons. Are any of these likely to be disease-causing?",[],
regi-nega-1,region_focus,negation,"{""species"": ""non-human"", ""origin"": ""somatic"", ""variant_size_class"": [""small""], ""analysis_goal"": [""basic-consequence""]}","Basically we have tumour-derived somatic single-nucleotide changes from our pig samples. They're in coding regions. I just need the basic consequences, nothing fancy.",['coding'],"Basically we have tumour-derived somatic single-nucleotide changes from our pig samples. Nothing intronic or intergenic, only exonic protein-altering changes. I just need the basic consequences, nothing fancy.",['coding'],"Basically we have tumour-derived somatic single-nucleotide changes from our pig samples. Only intronic and intergenic changes, nothing exonic or protein-altering. I just need the basic consequences, nothing fancy.",['regulatory-noncoding'],"Basically we have tumour-derived somatic single-nucleotide changes from our pig samples. I just need the basic consequences, nothing fancy.",[],
regi-nega-2,region_focus,negation,"{""species"": ""non-human"", ""origin"": ""germline"", ""variant_size_class"": [""small""], ""analysis_goal"": [""clinical-interpretation""]}","Hi, we called germline point mutations and a few short indels from dog tissue. The goal is clinical interpretation. They're in coding regions.",['coding'],"Hi, we called germline point mutations and a few short indels from dog tissue. The goal is clinical interpretation. We are not looking at promoters; coding sequence only.",['coding'],"Hi, we called germline point mutations and a few short indels from dog tissue. The goal is clinical interpretation. We are looking at promoters, not coding sequence.",['regulatory-noncoding'],"Hi, we called germline point mutations and a few short indels from dog tissue. The goal is clinical interpretation.",[],
regi-nega-3,region_focus,negation,"{""species"": ""non-human"", ""origin"": ""germline"", ""variant_size_class"": [""small""], ""analysis_goal"": [""basic-consequence""]}",So I've got germline single-nucleotide changes from rat tissue. They're in coding regions. All I really want is to know what each one hits.,['coding'],"So I've got germline single-nucleotide changes from rat tissue. No enhancer variants in scope, just changes inside coding exons. All I really want is to know what each one hits.",['coding'],"So I've got germline single-nucleotide changes from rat tissue. Enhancer variants only, not changes inside coding exons. All I really want is to know what each one hits.",['regulatory-noncoding'],So I've got germline single-nucleotide changes from rat tissue. All I really want is to know what each one hits.,[],
regi-nega-4,region_focus,negation,"{""species"": ""non-human"", ""origin"": ""somatic"", ""variant_size_class"": [""small""], ""analysis_goal"": [""clinical-interpretation""]}",We have somatic point mutations and a few short indels from our sheep samples. I need to work out if any of them are pathogenic. I care about promoters and enhancers.,['regulatory-noncoding'],We have somatic point mutations and a few short indels from our sheep samples. I need to work out if any of them are pathogenic. Not in the coding sequence; they sit in enhancers.,['regulatory-noncoding'],We have somatic point mutations and a few short indels from our sheep samples. I need to work out if any of them are pathogenic. In the coding sequence; not in enhancers.,['coding'],We have somatic point mutations and a few short indels from our sheep samples. I need to work out if any of them are pathogenic.,[],
regi-nega-5,region_focus,negation,"{""species"": ""non-human"", ""origin"": ""somatic"", ""variant_size_class"": [""small""], ""analysis_goal"": [""basic-consequence""]}","I've got a VCF of somatic point mutations and a few short indels from sheep. I just need the basic consequences, nothing fancy. They're in regulatory regions.",['regulatory-noncoding'],"I've got a VCF of somatic point mutations and a few short indels from sheep. I just need the basic consequences, nothing fancy. None of these touch exons, all are in upstream regulatory elements.",['regulatory-noncoding'],"I've got a VCF of somatic point mutations and a few short indels from sheep. I just need the basic consequences, nothing fancy. All of these touch exons, none are in upstream regulatory elements.",['coding'],"I've got a VCF of somatic point mutations and a few short indels from sheep. I just need the basic consequences, nothing fancy.",[],
regi-nega-6,region_focus,negation,"{""species"": ""non-human"", ""origin"": ""germline"", ""variant_size_class"": [""small""], ""analysis_goal"": [""clinical-interpretation""]}",I'm working with germline single-nucleotide changes from rat. I need to work out if any of them are pathogenic. Focus on non-coding regulatory elements.,['regulatory-noncoding'],I'm working with germline single-nucleotide changes from rat. I need to work out if any of them are pathogenic. We excluded protein-coding regions and kept promoter and UTR hits.,['regulatory-noncoding'],I'm working with germline single-nucleotide changes from rat. I need to work out if any of them are pathogenic. We kept protein-coding regions and excluded promoter and UTR hits.,['coding'],I'm working with germline single-nucleotide changes from rat. I need to work out if any of them are pathogenic.,[],
regi-word-1,region_focus,word_sense,"{""species"": ""non-human"", ""origin"": ""somatic"", ""variant_size_class"": [""small""], ""analysis_goal"": [""clinical-interpretation""]}",I'm working with acquired somatic single-nucleotide changes from our dog samples. I care about the protein-coding exons. The goal is clinical interpretation.,['coding'],I'm working with acquired somatic single-nucleotide changes from our dog samples. A real enhancer for our grant: the variants sit in protein-coding exons. The goal is clinical interpretation.,['coding'],"I'm working with acquired somatic single-nucleotide changes from our dog samples. A real enhancer region: the variants sit there, outside exons. The goal is clinical interpretation.",['regulatory-noncoding'],I'm working with acquired somatic single-nucleotide changes from our dog samples. The goal is clinical interpretation.,[],
regi-word-2,region_focus,word_sense,"{""species"": ""non-human"", ""origin"": ""germline"", ""variant_size_class"": [""small""], ""analysis_goal"": [""basic-consequence""]}","Hi, we called inherited SNVs and small indels from rat tissue. Focus on coding sequence. I just need the basic consequences, nothing fancy.",['coding'],"Hi, we called inherited SNVs and small indels from rat tissue. My supervisor is a big promoter of this project; the variants are in coding exons. I just need the basic consequences, nothing fancy.",['coding'],"Hi, we called inherited SNVs and small indels from rat tissue. The variants are in a gene promoter, outside the coding exons. I just need the basic consequences, nothing fancy.",['regulatory-noncoding'],"Hi, we called inherited SNVs and small indels from rat tissue. I just need the basic consequences, nothing fancy.",[],
regi-word-3,region_focus,word_sense,"{""species"": ""non-human"", ""origin"": ""germline"", ""variant_size_class"": [""small""], ""analysis_goal"": [""clinical-interpretation""]}",Our lab just got back constitutional SNVs and small indels from rat tissue. I care about the protein-coding exons. I need to work out if any of them are pathogenic.,['coding'],Our lab just got back constitutional SNVs and small indels from rat tissue. For regulatory approval we only report coding-sequence changes. I need to work out if any of them are pathogenic.,['coding'],Our lab just got back constitutional SNVs and small indels from rat tissue. For regulatory elements we only report non-coding changes. I need to work out if any of them are pathogenic.,['regulatory-noncoding'],Our lab just got back constitutional SNVs and small indels from rat tissue. I need to work out if any of them are pathogenic.,[],
regi-word-4,region_focus,word_sense,"{""species"": ""non-human"", ""origin"": ""somatic"", ""variant_size_class"": [""small""], ""analysis_goal"": [""basic-consequence""]}",I'm working with acquired somatic single-nucleotide changes from our pig samples. Can you just tell me the consequence types? Focus on non-coding regulatory elements.,['regulatory-noncoding'],"I'm working with acquired somatic single-nucleotide changes from our pig samples. Can you just tell me the consequence types? The coding in our pipeline is messy, but the variants are all in enhancers.",['regulatory-noncoding'],"I'm working with acquired somatic single-nucleotide changes from our pig samples. Can you just tell me the consequence types? The coding sequence holds all the variants, none are in enhancers.",['coding'],I'm working with acquired somatic single-nucleotide changes from our pig samples. Can you just tell me the consequence types?,[],
regi-word-5,region_focus,word_sense,"{""species"": ""non-human"", ""origin"": ""somatic"", ""variant_size_class"": [""small""], ""analysis_goal"": [""clinical-interpretation""]}",I care about promoters and enhancers. I'm working with acquired somatic point mutations and a few short indels from chicken tissue. The goal is clinical interpretation.,['regulatory-noncoding'],"In the frame of this project, the variants are intergenic and in enhancers. I'm working with acquired somatic point mutations and a few short indels from chicken tissue. The goal is clinical interpretation.",['regulatory-noncoding'],In-frame variants inside the coding sequence. I'm working with acquired somatic point mutations and a few short indels from chicken tissue. The goal is clinical interpretation.,['coding'],I'm working with acquired somatic point mutations and a few short indels from chicken tissue. The goal is clinical interpretation.,[],
regi-word-6,region_focus,word_sense,"{""species"": ""non-human"", ""origin"": ""germline"", ""variant_size_class"": [""small""], ""analysis_goal"": [""basic-consequence""]}",I care about promoters and enhancers. Our lab just got back constitutional single-nucleotide changes from sheep. Can you just tell me the consequence types?,['regulatory-noncoding'],The translation of the protocol is done; the variants are in UTRs and promoters. Our lab just got back constitutional single-nucleotide changes from sheep. Can you just tell me the consequence types?,['regulatory-noncoding'],"The variants affect translation of the protein, inside the coding sequence. Our lab just got back constitutional single-nucleotide changes from sheep. Can you just tell me the consequence types?",['coding'],Our lab just got back constitutional single-nucleotide changes from sheep. Can you just tell me the consequence types?,[],
regi-tool-1,region_focus,tool_name,"{""species"": ""human"", ""origin"": ""germline"", ""variant_size_class"": [""structural-CNV""], ""analysis_goal"": [""basic-consequence""]}",I've got a VCF of constitutional structural variants from human donors. They're in coding regions. Can you just tell me the consequence types?,['coding'],"I've got a VCF of constitutional structural variants from human donors. We used the ENCODE browser for figures, but the variants are in coding exons. Can you just tell me the consequence types?",['coding'],I've got a VCF of constitutional structural variants from human donors. The variants are in ENCODE regulatory elements. Can you just tell me the consequence types?,['regulatory-noncoding'],I've got a VCF of constitutional structural variants from human donors. Can you just tell me the consequence types?,[],
regi-tool-2,region_focus,tool_name,"{""species"": ""human"", ""origin"": ""somatic"", ""variant_size_class"": [""structural-CNV""], ""analysis_goal"": [""clinical-interpretation""]}",I care about the protein-coding exons. Our lab just got back somatic copy-number changes and other large SVs from human donors. The goal is clinical interpretation.,['coding'],"The Regulatory Build track loads by default, but our variants are protein-coding. Our lab just got back somatic copy-number changes and other large SVs from human donors. The goal is clinical interpretation.",['coding'],Our variants are in the Regulatory Build's promoter and enhancer features. Our lab just got back somatic copy-number changes and other large SVs from human donors. The goal is clinical interpretation.,['regulatory-noncoding'],Our lab just got back somatic copy-number changes and other large SVs from human donors. The goal is clinical interpretation.,[],
regi-tool-3,region_focus,tool_name,"{""species"": ""human"", ""origin"": ""somatic"", ""variant_size_class"": [""small""], ""analysis_goal"": [""population-frequency""]}",Focus on coding sequence. I'm trying to annotate tumour-derived somatic single-nucleotide changes from human donors. Mainly I'm after allele frequencies in different populations.,['coding'],JASPAR was cited in the old draft; these variants are exonic. I'm trying to annotate tumour-derived somatic single-nucleotide changes from human donors. Mainly I'm after allele frequencies in different populations.,['coding'],These variants disrupt JASPAR transcription-factor motifs outside genes. I'm trying to annotate tumour-derived somatic single-nucleotide changes from human donors. Mainly I'm after allele frequencies in different populations.,['regulatory-noncoding'],I'm trying to annotate tumour-derived somatic single-nucleotide changes from human donors. Mainly I'm after allele frequencies in different populations.,[],
regi-tool-4,region_focus,tool_name,"{""species"": ""human"", ""origin"": ""germline"", ""variant_size_class"": [""small""], ""analysis_goal"": [""population-frequency""]}",Our lab just got back germline point mutations and a few short indels from Homo sapiens samples. Mainly I'm after allele frequencies in different populations. Focus on non-coding regulatory elements.,['regulatory-noncoding'],Our lab just got back germline point mutations and a few short indels from Homo sapiens samples. Mainly I'm after allele frequencies in different populations. UniProt was open in another tab; the variants are in enhancers.,['regulatory-noncoding'],"Our lab just got back germline point mutations and a few short indels from Homo sapiens samples. Mainly I'm after allele frequencies in different populations. The variants change residues listed in UniProt, inside coding exons.",['coding'],Our lab just got back germline point mutations and a few short indels from Homo sapiens samples. Mainly I'm after allele frequencies in different populations.,[],
regi-tool-5,region_focus,tool_name,"{""species"": ""human"", ""origin"": ""germline"", ""variant_size_class"": [""small""], ""analysis_goal"": [""basic-consequence""]}","Focus on non-coding regulatory elements. We called constitutional point mutations and a few short indels from Homo sapiens samples. I just need the basic consequences, nothing fancy.",['regulatory-noncoding'],"The CCDS set was the old default in our config; our variants are intergenic. We called constitutional point mutations and a few short indels from Homo sapiens samples. I just need the basic consequences, nothing fancy.",['regulatory-noncoding'],"Our variants fall in CCDS coding exons. We called constitutional point mutations and a few short indels from Homo sapiens samples. I just need the basic consequences, nothing fancy.",['coding'],"We called constitutional point mutations and a few short indels from Homo sapiens samples. I just need the basic consequences, nothing fancy.",[],
regi-tool-6,region_focus,tool_name,"{""species"": ""human"", ""origin"": ""somatic"", ""variant_size_class"": [""small""], ""analysis_goal"": [""clinical-interpretation""]}",I care about promoters and enhancers. We have acquired somatic SNVs and small indels from Homo sapiens samples. Are any of these likely to be disease-causing?,['regulatory-noncoding'],"Pfam came up in lab meeting, but these are promoter variants. We have acquired somatic SNVs and small indels from Homo sapiens samples. Are any of these likely to be disease-causing?",['regulatory-noncoding'],These variants fall inside Pfam protein domains. We have acquired somatic SNVs and small indels from Homo sapiens samples. Are any of these likely to be disease-causing?,['coding'],We have acquired somatic SNVs and small indels from Homo sapiens samples. Are any of these likely to be disease-causing?,[],
regi-atta-1,region_focus,attachment,"{""species"": ""human"", ""origin"": ""germline"", ""variant_size_class"": [""small""], ""analysis_goal"": [""clinical-interpretation""]}",I've got a VCF of inherited single-nucleotide changes from Homo sapiens samples. Are any of these likely to be disease-causing? Focus on coding sequence.,['coding'],I've got a VCF of inherited single-nucleotide changes from Homo sapiens samples. Are any of these likely to be disease-causing? The paper we follow was about enhancers; our variants are in coding exons.,['coding'],"I've got a VCF of inherited single-nucleotide changes from Homo sapiens samples. Are any of these likely to be disease-causing? Like the paper, our variants are in enhancers.",['regulatory-noncoding'],I've got a VCF of inherited single-nucleotide changes from Homo sapiens samples. Are any of these likely to be disease-causing?,[],
regi-atta-2,region_focus,attachment,"{""species"": ""human"", ""origin"": ""somatic"", ""variant_size_class"": [""small""], ""analysis_goal"": [""basic-consequence""]}",They're in coding regions. We have acquired somatic SNVs and small indels from Homo sapiens samples. Can you just tell me the consequence types?,['coding'],The gene's promoter was characterised last year; we are annotating its exonic changes. We have acquired somatic SNVs and small indels from Homo sapiens samples. Can you just tell me the consequence types?,['coding'],We are annotating the changes in that promoter. We have acquired somatic SNVs and small indels from Homo sapiens samples. Can you just tell me the consequence types?,['regulatory-noncoding'],We have acquired somatic SNVs and small indels from Homo sapiens samples. Can you just tell me the consequence types?,[],
regi-atta-3,region_focus,attachment,"{""species"": ""non-human"", ""origin"": ""germline"", ""variant_size_class"": [""small""], ""analysis_goal"": [""clinical-interpretation""]}",Basically we have constitutional point mutations and a few short indels from pig tissue. Focus on coding sequence. I need to work out if any of them are pathogenic.,['coding'],Basically we have constitutional point mutations and a few short indels from pig tissue. The intergenic controls were filtered out; only protein-coding variants remain. I need to work out if any of them are pathogenic.,['coding'],Basically we have constitutional point mutations and a few short indels from pig tissue. The protein-coding controls were filtered out; only intergenic variants remain. I need to work out if any of them are pathogenic.,['regulatory-noncoding'],Basically we have constitutional point mutations and a few short indels from pig tissue. I need to work out if any of them are pathogenic.,[],
regi-atta-4,region_focus,attachment,"{""species"": ""non-human"", ""origin"": ""somatic"", ""variant_size_class"": [""small""], ""analysis_goal"": [""basic-consequence""]}",We have tumour-derived somatic SNVs and small indels from cattle tissue. Focus on non-coding regulatory elements. All I really want is to know what each one hits.,['regulatory-noncoding'],We have tumour-derived somatic SNVs and small indels from cattle tissue. The exome capture kit was for another study; our variants are in distal enhancers. All I really want is to know what each one hits.,['regulatory-noncoding'],"We have tumour-derived somatic SNVs and small indels from cattle tissue. Our variants come from the exome capture, in coding exons. All I really want is to know what each one hits.",['coding'],We have tumour-derived somatic SNVs and small indels from cattle tissue. All I really want is to know what each one hits.,[],
regi-atta-5,region_focus,attachment,"{""species"": ""human"", ""origin"": ""germline"", ""variant_size_class"": [""structural-CNV""], ""analysis_goal"": [""clinical-interpretation""]}",I'm working with constitutional copy-number changes and other large SVs from human donors. The goal is clinical interpretation. They're in regulatory regions.,['regulatory-noncoding'],I'm working with constitutional copy-number changes and other large SVs from human donors. The goal is clinical interpretation. We named the file coding_variants out of habit; they are in promoters.,['regulatory-noncoding'],I'm working with constitutional copy-number changes and other large SVs from human donors. The goal is clinical interpretation. The file coding_variants holds exonic variants.,['coding'],I'm working with constitutional copy-number changes and other large SVs from human donors. The goal is clinical interpretation.,[],
regi-atta-6,region_focus,attachment,"{""species"": ""human"", ""origin"": ""somatic"", ""variant_size_class"": [""structural-CNV""], ""analysis_goal"": [""basic-consequence""]}",Focus on non-coding regulatory elements. We have somatic CNVs and some big deletions from Homo sapiens samples. Can you just tell me the consequence types?,['regulatory-noncoding'],Our collaborators study protein structure; these variants are in introns and UTRs. We have somatic CNVs and some big deletions from Homo sapiens samples. Can you just tell me the consequence types?,['regulatory-noncoding'],"These variants change protein structure, inside the coding sequence. We have somatic CNVs and some big deletions from Homo sapiens samples. Can you just tell me the consequence types?",['coding'],We have somatic CNVs and some big deletions from Homo sapiens samples. Can you just tell me the consequence types?,[],
regi-doma-1,region_focus,domain,"{""species"": ""non-human"", ""origin"": ""somatic"", ""variant_size_class"": [""small""], ""analysis_goal"": [""clinical-interpretation""]}",Our lab just got back acquired somatic single-nucleotide changes from cattle. Focus on coding sequence. Are any of these likely to be disease-causing?,['coding'],"Our lab just got back acquired somatic single-nucleotide changes from cattle. Variants at the 5' end of the open reading frame, right after the start codon. Are any of these likely to be disease-causing?",['coding'],"Our lab just got back acquired somatic single-nucleotide changes from cattle. Variants in the 5' UTR, just before the start codon. Are any of these likely to be disease-causing?",['regulatory-noncoding'],Our lab just got back acquired somatic single-nucleotide changes from cattle. Are any of these likely to be disease-causing?,[],
regi-doma-2,region_focus,domain,"{""species"": ""non-human"", ""origin"": ""germline"", ""variant_size_class"": [""small""], ""analysis_goal"": [""basic-consequence""]}","Hi, we called constitutional SNVs and small indels from our zebrafish samples. All I really want is to know what each one hits. They're in coding regions.",['coding'],"Hi, we called constitutional SNVs and small indels from our zebrafish samples. All I really want is to know what each one hits. Variants in the coding exons of the regulatory-subunit gene PRKAR1A.",['coding'],"Hi, we called constitutional SNVs and small indels from our zebrafish samples. All I really want is to know what each one hits. Variants in the regulatory region upstream of PRKAR1A.",['regulatory-noncoding'],"Hi, we called constitutional SNVs and small indels from our zebrafish samples. All I really want is to know what each one hits.",[],
regi-doma-3,region_focus,domain,"{""species"": ""human"", ""origin"": ""somatic"", ""variant_size_class"": [""structural-CNV""], ""analysis_goal"": [""population-frequency""]}",Our lab just got back acquired somatic CNVs and some big deletions from Homo sapiens samples. How frequent are these in population databases? I care about the protein-coding exons.,['coding'],Our lab just got back acquired somatic CNVs and some big deletions from Homo sapiens samples. How frequent are these in population databases? Amino-acid changes in the DNA-binding domain of a transcription factor.,['coding'],Our lab just got back acquired somatic CNVs and some big deletions from Homo sapiens samples. How frequent are these in population databases? Changes in the DNA motifs that the transcription factor binds.,['regulatory-noncoding'],Our lab just got back acquired somatic CNVs and some big deletions from Homo sapiens samples. How frequent are these in population databases?,[],
regi-doma-4,region_focus,domain,"{""species"": ""human"", ""origin"": ""germline"", ""variant_size_class"": [""structural-CNV""], ""analysis_goal"": [""population-frequency""]}",So I've got constitutional copy-number changes and other large SVs from human donors. They're in regulatory regions. Mainly I'm after allele frequencies in different populations.,['regulatory-noncoding'],So I've got constitutional copy-number changes and other large SVs from human donors. Variants in the promoter of a protein-coding gene. Mainly I'm after allele frequencies in different populations.,['regulatory-noncoding'],So I've got constitutional copy-number changes and other large SVs from human donors. Variants in the exons of a protein-coding gene. Mainly I'm after allele frequencies in different populations.,['coding'],So I've got constitutional copy-number changes and other large SVs from human donors. Mainly I'm after allele frequencies in different populations.,[],
regi-doma-5,region_focus,domain,"{""species"": ""human"", ""origin"": ""germline"", ""variant_size_class"": [""structural-CNV""], ""analysis_goal"": [""basic-consequence""]}",Focus on non-coding regulatory elements. So I've got constitutional copy-number changes and other large SVs from human donors. All I really want is to know what each one hits.,['regulatory-noncoding'],Deep intronic variants within a protein-coding gene's locus. So I've got constitutional copy-number changes and other large SVs from human donors. All I really want is to know what each one hits.,['regulatory-noncoding'],Exonic variants within a protein-coding gene's locus. So I've got constitutional copy-number changes and other large SVs from human donors. All I really want is to know what each one hits.,['coding'],So I've got constitutional copy-number changes and other large SVs from human donors. All I really want is to know what each one hits.,[],
regi-doma-6,region_focus,domain,"{""species"": ""human"", ""origin"": ""somatic"", ""variant_size_class"": [""structural-CNV""], ""analysis_goal"": [""clinical-interpretation""]}",So I've got acquired somatic CNVs and some big deletions from human donors. They're in regulatory regions. The goal is clinical interpretation.,['regulatory-noncoding'],"So I've got acquired somatic CNVs and some big deletions from human donors. Variants in microRNA genes, which are transcribed but never translated. The goal is clinical interpretation.",['regulatory-noncoding'],So I've got acquired somatic CNVs and some big deletions from human donors. Variants in genes that are transcribed and translated into protein. The goal is clinical interpretation.,['coding'],So I've got acquired somatic CNVs and some big deletions from human donors. The goal is clinical interpretation.,[],
anal-nega-1,analysis_goal,negation,"{""species"": ""human"", ""origin"": ""germline"", ""variant_size_class"": [""small""], ""region_focus"": [""coding""]}","Only the basic consequence types, please. We have inherited point mutations and a few short indels from Homo sapiens samples, mostly in protein-coding regions.",['basic-consequence'],"No clinical question here, I just want to know which genes and transcripts they hit. We have inherited point mutations and a few short indels from Homo sapiens samples, mostly in protein-coding regions.",['basic-consequence'],"A clinical question here, not just which genes and transcripts they hit. We have inherited point mutations and a few short indels from Homo sapiens samples, mostly in protein-coding regions.",['clinical-interpretation'],"We have inherited point mutations and a few short indels from Homo sapiens samples, mostly in protein-coding regions.",[],
anal-nega-2,analysis_goal,negation,"{""species"": ""human"", ""origin"": ""somatic"", ""variant_size_class"": [""small""], ""region_focus"": [""regulatory-noncoding""]}","I'm working with somatic point mutations and a few short indels from human samples, mostly in regulatory regions. Just tell me what each one hits.",['basic-consequence'],"I'm working with somatic point mutations and a few short indels from human samples, mostly in regulatory regions. Frequencies don't matter for this, just the consequence of each variant.",['basic-consequence'],"I'm working with somatic point mutations and a few short indels from human samples, mostly in regulatory regions. Only frequencies matter for this, not the consequence of each variant.",['population-frequency'],"I'm working with somatic point mutations and a few short indels from human samples, mostly in regulatory regions.",[],
anal-nega-3,analysis_goal,negation,"{""species"": ""human"", ""origin"": ""germline"", ""variant_size_class"": [""small""], ""region_focus"": [""regulatory-noncoding""]}","Hi, we called inherited point mutations and a few short indels from Homo sapiens samples, and I only care about the non-coding regulatory ones. The aim is pathogenicity assessment.",['clinical-interpretation'],"Hi, we called inherited point mutations and a few short indels from Homo sapiens samples, and I only care about the non-coding regulatory ones. Not a quick consequence lookup; I need to know which are disease-causing.",['clinical-interpretation'],"Hi, we called inherited point mutations and a few short indels from Homo sapiens samples, and I only care about the non-coding regulatory ones. A quick consequence lookup; I don't need to know which are disease-causing.",['basic-consequence'],"Hi, we called inherited point mutations and a few short indels from Homo sapiens samples, and I only care about the non-coding regulatory ones.",[],
anal-nega-4,analysis_goal,negation,"{""species"": ""human"", ""origin"": ""somatic"", ""variant_size_class"": [""small""], ""region_focus"": [""coding""]}","I need clinical interpretation. Basically we have tumour-derived somatic point mutations and a few short indels from human samples, and I only care about the ones in coding sequence.",['clinical-interpretation'],"Not after population frequencies; the question is whether any are pathogenic. Basically we have tumour-derived somatic point mutations and a few short indels from human samples, and I only care about the ones in coding sequence.",['clinical-interpretation'],"After population frequencies; the question is not whether any are pathogenic. Basically we have tumour-derived somatic point mutations and a few short indels from human samples, and I only care about the ones in coding sequence.",['population-frequency'],"Basically we have tumour-derived somatic point mutations and a few short indels from human samples, and I only care about the ones in coding sequence.",[],
anal-nega-5,analysis_goal,negation,"{""species"": ""human"", ""origin"": ""germline"", ""variant_size_class"": [""structural-CNV""], ""region_focus"": [""regulatory-noncoding""]}","I'm trying to annotate germline CNVs and some big deletions from human donors, and they're mostly in promoters and enhancers. I want population allele frequencies.",['population-frequency'],"I'm trying to annotate germline CNVs and some big deletions from human donors, and they're mostly in promoters and enhancers. We're not diagnosing anyone; we want allele frequencies across ancestries.",['population-frequency'],"I'm trying to annotate germline CNVs and some big deletions from human donors, and they're mostly in promoters and enhancers. We're diagnosing someone; we don't want allele frequencies across ancestries.",['clinical-interpretation'],"I'm trying to annotate germline CNVs and some big deletions from human donors, and they're mostly in promoters and enhancers.",[],
anal-nega-6,analysis_goal,negation,"{""species"": ""human"", ""origin"": ""somatic"", ""variant_size_class"": [""structural-CNV""], ""region_focus"": [""coding""]}","We have tumour-derived somatic structural variants from human donors, and they're mostly in coding exons. The aim is frequency lookup across populations.",['population-frequency'],"We have tumour-derived somatic structural variants from human donors, and they're mostly in coding exons. Not just what they hit: how common each one is in gnomAD populations.",['population-frequency'],"We have tumour-derived somatic structural variants from human donors, and they're mostly in coding exons. Just what they hit, not how common each one is in gnomAD populations.",['basic-consequence'],"We have tumour-derived somatic structural variants from human donors, and they're mostly in coding exons.",[],
anal-word-1,analysis_goal,word_sense,"{""species"": ""non-human"", ""origin"": ""somatic"", ""variant_size_class"": [""small""], ""region_focus"": [""regulatory-noncoding""]}","Only the basic consequence types, please. We have acquired somatic point mutations and a few short indels from our chicken samples, mostly in regulatory regions.",['basic-consequence'],"Run it with clinical precision please, just the consequence types. We have acquired somatic point mutations and a few short indels from our chicken samples, mostly in regulatory regions.",['basic-consequence'],"Run a clinical interpretation please, not just the consequence types. We have acquired somatic point mutations and a few short indels from our chicken samples, mostly in regulatory regions.",['clinical-interpretation'],"We have acquired somatic point mutations and a few short indels from our chicken samples, mostly in regulatory regions.",[],
anal-word-2,analysis_goal,word_sense,"{""species"": ""human"", ""origin"": ""germline"", ""variant_size_class"": [""small""], ""region_focus"": [""coding""]}","I'm trying to annotate inherited single-nucleotide changes from Homo sapiens samples, and I only care about the ones in coding sequence. I just want the consequence of each variant.",['basic-consequence'],"I'm trying to annotate inherited single-nucleotide changes from Homo sapiens samples, and I only care about the ones in coding sequence. Our growing lab population needs a quick answer: which transcripts are hit.",['basic-consequence'],"I'm trying to annotate inherited single-nucleotide changes from Homo sapiens samples, and I only care about the ones in coding sequence. Our population study needs frequencies, not which transcripts are hit.",['population-frequency'],"I'm trying to annotate inherited single-nucleotide changes from Homo sapiens samples, and I only care about the ones in coding sequence.",[],
anal-word-3,analysis_goal,word_sense,"{""species"": ""non-human"", ""origin"": ""germline"", ""variant_size_class"": [""small""], ""region_focus"": [""coding""]}","Basically we have germline single-nucleotide changes from cattle tissue, mostly in protein-coding regions. The aim is pathogenicity assessment.",['clinical-interpretation'],"Basically we have germline single-nucleotide changes from cattle tissue, mostly in protein-coding regions. Basic question maybe, but are any of these pathogenic?",['clinical-interpretation'],"Basically we have germline single-nucleotide changes from cattle tissue, mostly in protein-coding regions. Basic question: what consequence does each have, nothing about pathogenicity.",['basic-consequence'],"Basically we have germline single-nucleotide changes from cattle tissue, mostly in protein-coding regions.",[],
anal-word-4,analysis_goal,word_sense,"{""species"": ""human"", ""origin"": ""somatic"", ""variant_size_class"": [""small""], ""region_focus"": [""regulatory-noncoding""]}","The aim is pathogenicity assessment. Our lab just got back acquired somatic SNVs and small indels from human donors, and I only care about the non-coding regulatory ones.",['clinical-interpretation'],"Common sense says check which ones could cause the disease. Our lab just got back acquired somatic SNVs and small indels from human donors, and I only care about the non-coding regulatory ones.",['clinical-interpretation'],"Check how common they are in populations, not whether they cause disease. Our lab just got back acquired somatic SNVs and small indels from human donors, and I only care about the non-coding regulatory ones.",['population-frequency'],"Our lab just got back acquired somatic SNVs and small indels from human donors, and I only care about the non-coding regulatory ones.",[],
anal-word-5,analysis_goal,word_sense,"{""species"": ""human"", ""origin"": ""germline"", ""variant_size_class"": [""small""], ""region_focus"": [""regulatory-noncoding""]}","I've got a VCF of constitutional single-nucleotide changes from human samples, mostly in regulatory regions. I want population allele frequencies.",['population-frequency'],"I've got a VCF of constitutional single-nucleotide changes from human samples, mostly in regulatory regions. I'm pathologically curious how frequent these are across populations.",['population-frequency'],"I've got a VCF of constitutional single-nucleotide changes from human samples, mostly in regulatory regions. I want the pathology read: are these disease-causing, not how frequent they are.",['clinical-interpretation'],"I've got a VCF of constitutional single-nucleotide changes from human samples, mostly in regulatory regions.",[],
anal-word-6,analysis_goal,word_sense,"{""species"": ""human"", ""origin"": ""somatic"", ""variant_size_class"": [""small""], ""region_focus"": [""coding""]}","We have somatic single-nucleotide changes from human donors, and I only care about the ones in coding sequence. Show me how common they are in populations.",['population-frequency'],"We have somatic single-nucleotide changes from human donors, and I only care about the ones in coding sequence. As a consequence of reviewer 2, we need allele frequencies in each population.",['population-frequency'],"We have somatic single-nucleotide changes from human donors, and I only care about the ones in coding sequence. We need the consequence of each variant, not allele frequencies.",['basic-consequence'],"We have somatic single-nucleotide changes from human donors, and I only care about the ones in coding sequence.",[],
anal-tool-1,analysis_goal,tool_name,"{""species"": ""non-human"", ""origin"": ""germline"", ""variant_size_class"": [""small""], ""region_focus"": [""regulatory-noncoding""]}","So I've got germline single-nucleotide changes from cattle tissue, mostly in regulatory regions. Only the basic consequence types, please.",['basic-consequence'],"So I've got germline single-nucleotide changes from cattle tissue, mostly in regulatory regions. ClinVar is bookmarked but not needed; just the consequence per transcript.",['basic-consequence'],"So I've got germline single-nucleotide changes from cattle tissue, mostly in regulatory regions. ClinVar significance is needed, not just the consequence per transcript.",['clinical-interpretation'],"So I've got germline single-nucleotide changes from cattle tissue, mostly in regulatory regions.",[],
anal-tool-2,analysis_goal,tool_name,"{""species"": ""human"", ""origin"": ""somatic"", ""variant_size_class"": [""structural-CNV""], ""region_focus"": [""regulatory-noncoding""]}","I've got a VCF of somatic copy-number changes and other large SVs from Homo sapiens samples, and I only care about the non-coding regulatory ones. I just want the consequence of each variant.",['basic-consequence'],"I've got a VCF of somatic copy-number changes and other large SVs from Homo sapiens samples, and I only care about the non-coding regulatory ones. gnomAD is down anyway; I only want what each variant hits.",['basic-consequence'],"I've got a VCF of somatic copy-number changes and other large SVs from Homo sapiens samples, and I only care about the non-coding regulatory ones. I only want the gnomAD frequencies, not what each variant hits.",['population-frequency'],"I've got a VCF of somatic copy-number changes and other large SVs from Homo sapiens samples, and I only care about the non-coding regulatory ones.",[],
anal-tool-3,analysis_goal,tool_name,"{""species"": ""non-human"", ""origin"": ""somatic"", ""variant_size_class"": [""small""], ""region_focus"": [""coding""]}","We have acquired somatic single-nucleotide changes from mouse tissue, mostly in protein-coding regions. The aim is pathogenicity assessment.",['clinical-interpretation'],"We have acquired somatic single-nucleotide changes from mouse tissue, mostly in protein-coding regions. SnpEff gave us consequences already; now we need to know which are pathogenic.",['clinical-interpretation'],"We have acquired somatic single-nucleotide changes from mouse tissue, mostly in protein-coding regions. We need SnpEff-style consequences, nothing about pathogenicity.",['basic-consequence'],"We have acquired somatic single-nucleotide changes from mouse tissue, mostly in protein-coding regions.",[],
anal-tool-4,analysis_goal,tool_name,"{""species"": ""human"", ""origin"": ""germline"", ""variant_size_class"": [""structural-CNV""], ""region_focus"": [""coding""]}","The aim is pathogenicity assessment. I've got a VCF of inherited structural variants from Homo sapiens samples, and I only care about the ones in coding sequence.",['clinical-interpretation'],"The 1000 Genomes browser tab was left open by accident; the aim is pathogenicity. I've got a VCF of inherited structural variants from Homo sapiens samples, and I only care about the ones in coding sequence.",['clinical-interpretation'],"The aim is 1000 Genomes allele frequencies, not pathogenicity. I've got a VCF of inherited structural variants from Homo sapiens samples, and I only care about the ones in coding sequence.",['population-frequency'],"I've got a VCF of inherited structural variants from Homo sapiens samples, and I only care about the ones in coding sequence.",[],
anal-tool-5,analysis_goal,tool_name,"{""species"": ""human"", ""origin"": ""germline"", ""variant_size_class"": [""small""], ""region_focus"": [""coding""]}","So I've got inherited SNVs and small indels from human samples, mostly in protein-coding regions. I want population allele frequencies.",['population-frequency'],"So I've got inherited SNVs and small indels from human samples, mostly in protein-coding regions. OMIM is on the reading list, but this analysis is about allele frequencies across populations.",['population-frequency'],"So I've got inherited SNVs and small indels from human samples, mostly in protein-coding regions. This analysis is about OMIM disease links, not allele frequencies.",['clinical-interpretation'],"So I've got inherited SNVs and small indels from human samples, mostly in protein-coding regions.",[],
anal-tool-6,analysis_goal,tool_name,"{""species"": ""human"", ""origin"": ""germline"", ""variant_size_class"": [""small""], ""region_focus"": [""regulatory-noncoding""]}","Show me how common they are in populations. Basically we have constitutional point mutations and a few short indels from human samples, and I only care about the non-coding regulatory ones.",['population-frequency'],"The Sequence Ontology poster is on our wall; what we need is population allele frequencies. Basically we have constitutional point mutations and a few short indels from human samples, and I only care about the non-coding regulatory ones.",['population-frequency'],"What we need is Sequence Ontology consequence terms, not population allele frequencies. Basically we have constitutional point mutations and a few short indels from human samples, and I only care about the non-coding regulatory ones.",['basic-consequence'],"Basically we have constitutional point mutations and a few short indels from human samples, and I only care about the non-coding regulatory ones.",[],
anal-atta-1,analysis_goal,attachment,"{""species"": ""human"", ""origin"": ""somatic"", ""variant_size_class"": [""structural-CNV""], ""region_focus"": [""coding""]}","Only the basic consequence types, please. I've got a VCF of somatic CNVs and some big deletions from human donors, and they're mostly in coding exons.",['basic-consequence'],"The clinical team will interpret later; from me they just want the consequence types. I've got a VCF of somatic CNVs and some big deletions from human donors, and they're mostly in coding exons.",['basic-consequence'],"The clinical team wants me to interpret pathogenicity, not just the consequence types. I've got a VCF of somatic CNVs and some big deletions from human donors, and they're mostly in coding exons.",['clinical-interpretation'],"I've got a VCF of somatic CNVs and some big deletions from human donors, and they're mostly in coding exons.",[],
anal-atta-2,analysis_goal,attachment,"{""species"": ""human"", ""origin"": ""germline"", ""variant_size_class"": [""structural-CNV""], ""region_focus"": [""regulatory-noncoding""]}","Our lab just got back germline CNVs and some big deletions from Homo sapiens samples, mostly in regulatory regions. I just want the consequence of each variant.",['basic-consequence'],"Our lab just got back germline CNVs and some big deletions from Homo sapiens samples, mostly in regulatory regions. A population geneticist will do frequencies afterwards; my part is only which genes are hit.",['basic-consequence'],"Our lab just got back germline CNVs and some big deletions from Homo sapiens samples, mostly in regulatory regions. My part is the population frequencies, not which genes are hit.",['population-frequency'],"Our lab just got back germline CNVs and some big deletions from Homo sapiens samples, mostly in regulatory regions.",[],
anal-atta-3,analysis_goal,attachment,"{""species"": ""human"", ""origin"": ""somatic"", ""variant_size_class"": [""small""], ""region_focus"": [""regulatory-noncoding""]}","Hi, we called acquired somatic SNVs and small indels from Homo sapiens samples, and they're mostly in promoters and enhancers. I want to know which are pathogenic.",['clinical-interpretation'],"Hi, we called acquired somatic SNVs and small indels from Homo sapiens samples, and they're mostly in promoters and enhancers. The first-year student did the quick consequence pass; I need to decide which are pathogenic.",['clinical-interpretation'],"Hi, we called acquired somatic SNVs and small indels from Homo sapiens samples, and they're mostly in promoters and enhancers. I need the quick consequence pass; the pathogenicity decision is someone else's.",['basic-consequence'],"Hi, we called acquired somatic SNVs and small indels from Homo sapiens samples, and they're mostly in promoters and enhancers.",[],
anal-atta-4,analysis_goal,attachment,"{""species"": ""human"", ""origin"": ""somatic"", ""variant_size_class"": [""structural-CNV""], ""region_focus"": [""regulatory-noncoding""]}","We have somatic structural variants from human samples, and they're mostly in promoters and enhancers. I need clinical interpretation.",['clinical-interpretation'],"We have somatic structural variants from human samples, and they're mostly in promoters and enhancers. Last year's paper reported the allele frequencies; this year we assess pathogenicity.",['clinical-interpretation'],"We have somatic structural variants from human samples, and they're mostly in promoters and enhancers. This year we report the allele frequencies; pathogenicity was last year's paper.",['population-frequency'],"We have somatic structural variants from human samples, and they're mostly in promoters and enhancers.",[],
anal-atta-5,analysis_goal,attachment,"{""species"": ""human"", ""origin"": ""somatic"", ""variant_size_class"": [""small""], ""region_focus"": [""coding""]}","I've got a VCF of somatic single-nucleotide changes from human samples, and I only care about the ones in coding sequence. The aim is frequency lookup across populations.",['population-frequency'],"I've got a VCF of somatic single-nucleotide changes from human samples, and I only care about the ones in coding sequence. The diagnosis was made elsewhere; our job is frequency across populations.",['population-frequency'],"I've got a VCF of somatic single-nucleotide changes from human samples, and I only care about the ones in coding sequence. Our job is the diagnosis; frequency across populations was done elsewhere.",['clinical-interpretation'],"I've got a VCF of somatic single-nucleotide changes from human samples, and I only care about the ones in coding sequence.",[],
anal-atta-6,analysis_goal,attachment,"{""species"": ""human"", ""origin"": ""germline"", ""variant_size_class"": [""structural-CNV""], ""region_focus"": [""coding""]}","We have inherited structural variants from human donors, and they're mostly in coding exons. The aim is frequency lookup across populations.",['population-frequency'],"We have inherited structural variants from human donors, and they're mostly in coding exons. The consequences were annotated in a previous release; we now need population frequencies.",['population-frequency'],"We have inherited structural variants from human donors, and they're mostly in coding exons. We now need the consequences; population frequencies were done in a previous release.",['basic-consequence'],"We have inherited structural variants from human donors, and they're mostly in coding exons.",[],
anal-doma-1,analysis_goal,domain,"{""species"": ""non-human"", ""origin"": ""germline"", ""variant_size_class"": [""small""], ""region_focus"": [""coding""]}","Our lab just got back germline point mutations and a few short indels from dog tissue, mostly in protein-coding regions. Just tell me what each one hits.",['basic-consequence'],"Our lab just got back germline point mutations and a few short indels from dog tissue, mostly in protein-coding regions. These disease genes are for a teaching exercise: students just label each variant's consequence.",['basic-consequence'],"Our lab just got back germline point mutations and a few short indels from dog tissue, mostly in protein-coding regions. These disease genes are for a diagnosis: which variants are pathogenic?",['clinical-interpretation'],"Our lab just got back germline point mutations and a few short indels from dog tissue, mostly in protein-coding regions.",[],
anal-doma-2,analysis_goal,domain,"{""species"": ""human"", ""origin"": ""somatic"", ""variant_size_class"": [""structural-CNV""], ""region_focus"": [""coding""]}","So I've got somatic structural variants from human donors, mostly in protein-coding regions. I just want the consequence of each variant.",['basic-consequence'],"So I've got somatic structural variants from human donors, mostly in protein-coding regions. Variants from a population cohort, but all I need is the consequence class for each.",['basic-consequence'],"So I've got somatic structural variants from human donors, mostly in protein-coding regions. Variants from a population cohort, and all I need is how frequent each is.",['population-frequency'],"So I've got somatic structural variants from human donors, mostly in protein-coding regions.",[],
anal-doma-3,analysis_goal,domain,"{""species"": ""non-human"", ""origin"": ""somatic"", ""variant_size_class"": [""small""], ""region_focus"": [""regulatory-noncoding""]}","I'm working with tumour-derived somatic SNVs and small indels from our zebrafish samples, and they're mostly in promoters and enhancers. The aim is pathogenicity assessment.",['clinical-interpretation'],"I'm working with tumour-derived somatic SNVs and small indels from our zebrafish samples, and they're mostly in promoters and enhancers. Just one question about these variants: could any explain the seizure phenotype?",['clinical-interpretation'],"I'm working with tumour-derived somatic SNVs and small indels from our zebrafish samples, and they're mostly in promoters and enhancers. Just one question about these variants: what consequence does each have?",['basic-consequence'],"I'm working with tumour-derived somatic SNVs and small indels from our zebrafish samples, and they're mostly in promoters and enhancers.",[],
anal-doma-4,analysis_goal,domain,"{""species"": ""human"", ""origin"": ""germline"", ""variant_size_class"": [""structural-CNV""], ""region_focus"": [""regulatory-noncoding""]}","The aim is pathogenicity assessment. I'm working with inherited structural variants from human samples, and they're mostly in promoters and enhancers.",['clinical-interpretation'],"The variant is common in one ancestry; is it benign or pathogenic in our case? I'm working with inherited structural variants from human samples, and they're mostly in promoters and enhancers.",['clinical-interpretation'],"How common is the variant in each ancestry? I'm working with inherited structural variants from human samples, and they're mostly in promoters and enhancers.",['population-frequency'],"I'm working with inherited structural variants from human samples, and they're mostly in promoters and enhancers.",[],
anal-doma-5,analysis_goal,domain,"{""species"": ""human"", ""origin"": ""germline"", ""variant_size_class"": [""small""], ""region_focus"": [""regulatory-noncoding""]}","Hi, we called germline point mutations and a few short indels from human samples, and they're mostly in promoters and enhancers. I want population allele frequencies.",['population-frequency'],"Hi, we called germline point mutations and a few short indels from human samples, and they're mostly in promoters and enhancers. Carrier frequency of a recessive disease allele across populations.",['population-frequency'],"Hi, we called germline point mutations and a few short indels from human samples, and they're mostly in promoters and enhancers. Whether this recessive disease allele caused the child's condition.",['clinical-interpretation'],"Hi, we called germline point mutations and a few short indels from human samples, and they're mostly in promoters and enhancers.",[],
anal-doma-6,analysis_goal,domain,"{""species"": ""human"", ""origin"": ""somatic"", ""variant_size_class"": [""small""], ""region_focus"": [""coding""]}","Hi, we called somatic SNVs and small indels from human donors, and they're mostly in coding exons. The aim is frequency lookup across populations.",['population-frequency'],"Hi, we called somatic SNVs and small indels from human donors, and they're mostly in coding exons. Just count how often each allele appears across ancestries.",['population-frequency'],"Hi, we called somatic SNVs and small indels from human donors, and they're mostly in coding exons. Just tell me what each allele does to its transcript.",['basic-consequence'],"Hi, we called somatic SNVs and small indels from human donors, and they're mostly in coding exons.",[],
