id,kind,organism as written,expected species,decoy,plain query,decoy query
comm-1,common,abingdon island giant tortoise,chelonoidis_abingdonii,tupaia belangeri,The samples are from abingdon island giant tortoise. We have germline SNVs and small indels in coding exons. I just need the consequence types.,"My supervisor works on tupaia belangeri, but the samples are abingdon island giant tortoise. We have germline SNVs and small indels in coding exons. I just need the consequence types."
bino-1,binomial,acanthochromis polyacanthus,acanthochromis_polyacanthus,junco hyemalis,The samples are from acanthochromis polyacanthus. We have germline SNVs and small indels in coding exons. I just need the consequence types.,"My supervisor works on junco hyemalis, but the samples are acanthochromis polyacanthus. We have germline SNVs and small indels in coding exons. I just need the consequence types."
bino-2,binomial,accipiter nisus,accipiter_nisus,chrysolophus pictus,These are accipiter nisus samples. I'm working with somatic point mutations in promoters and enhancers. I want to know which are pathogenic.,The variants were first reported in chrysolophus pictus; ours are from accipiter nisus. I'm working with somatic point mutations in promoters and enhancers. I want to know which are pathogenic.
comm-2,common,african green monkey,chlorocebus_sabaeus,phasianus colchicus,These are african green monkey samples. I'm working with somatic point mutations in promoters and enhancers. I want to know which are pathogenic.,The variants were first reported in phasianus colchicus; ours are from african green monkey. I'm working with somatic point mutations in promoters and enhancers. I want to know which are pathogenic.
stra-1,strain,african ostrich,struthio_camelus_australis,ochotona princeps,The samples are from african ostrich. We have germline SNVs and small indels in coding exons. I just need the consequence types.,"My supervisor works on ochotona princeps, but the samples are african ostrich. We have germline SNVs and small indels in coding exons. I just need the consequence types."
comm-3,common,african savanna elephant,loxodonta_africana,mouse c3h/hej,The data are from african savanna elephant. Our lab just got back inherited structural variants in coding regions. I just need the basic consequences.,"We followed a protocol written for mouse c3h/hej, and the samples are african savanna elephant. Our lab just got back inherited structural variants in coding regions. I just need the basic consequences."
comm-4,common,agassiz's desert tortoise,gopherus_agassizii,gray short-tailed opossum,The samples are from agassiz's desert tortoise. I've got a VCF of acquired somatic CNVs in regulatory regions. I want to know which are pathogenic.,Not a gray short-tailed opossum study: the samples are agassiz's desert tortoise. I've got a VCF of acquired somatic CNVs in regulatory regions. I want to know which are pathogenic.
bino-3,binomial,ailuropoda melanoleuca,ailuropoda_melanoleuca,panamanian white-faced capuchin,The data are from ailuropoda melanoleuca. Our lab just got back inherited structural variants in coding regions. I just need the basic consequences.,"We followed a protocol written for panamanian white-faced capuchin, and the samples are ailuropoda melanoleuca. Our lab just got back inherited structural variants in coding regions. I just need the basic consequences."
engl-1,english_word,alpaca,vicugna_pacos,mouse balb/cj,The samples are from an alpaca. We have germline SNVs and small indels in coding exons. I just need the consequence types.,"My supervisor works on mouse balb/cj, but the samples are from an alpaca. We have germline SNVs and small indels in coding exons. I just need the consequence types."
stra-2,strain,alpine marmot,marmota_marmota_marmota,anas platyrhynchos platyrhynchos,These are alpine marmot samples. I'm working with somatic point mutations in promoters and enhancers. I want to know which are pathogenic.,The variants were first reported in anas platyrhynchos platyrhynchos; ours are from alpine marmot. I'm working with somatic point mutations in promoters and enhancers. I want to know which are pathogenic.
comm-5,common,amazon molly,poecilia_formosa,chrysemys picta bellii,These are amazon molly samples. We called germline SNVs and small indels in coding exons. I just need the consequence types.,"My supervisor works on chrysemys picta bellii, but the samples are amazon molly. We called germline SNVs and small indels in coding exons. I just need the consequence types."
bino-4,binomial,amazona collaria,amazona_collaria,latimeria chalumnae,The samples are from amazona collaria. I've got a VCF of acquired somatic CNVs in regulatory regions. I want to know which are pathogenic.,Not a latimeria chalumnae study: the samples are amazona collaria. I've got a VCF of acquired somatic CNVs in regulatory regions. I want to know which are pathogenic.
comm-6,common,american beaver,castor_canadensis,sea squirt ciona savignyi,The data are from american beaver. We have somatic point mutations in promoters and enhancers. I want to know which are pathogenic.,The variants were first reported in sea squirt ciona savignyi; ours are from american beaver. We have somatic point mutations in promoters and enhancers. I want to know which are pathogenic.
stra-3,strain,american bison,bison_bison_bison,poecilia reticulata,The data are from american bison. Our lab just got back inherited structural variants in coding regions. I just need the basic consequences.,"We followed a protocol written for poecilia reticulata, and the samples are american bison. Our lab just got back inherited structural variants in coding regions. I just need the basic consequences."
comm-7,common,american black bear,ursus_americanus,neovison vison,The samples are from american black bear. I'm working with inherited structural variants in coding regions. I just need the basic consequences.,"We followed a protocol written for neovison vison, and the samples are american black bear. I'm working with inherited structural variants in coding regions. I just need the basic consequences."
comm-8,common,american mink,neovison_vison,chlorocebus sabaeus,These are american mink samples. Our lab just got back acquired somatic CNVs in regulatory regions. I want to know which are pathogenic.,Not a chlorocebus sabaeus study: the samples are american mink. Our lab just got back acquired somatic CNVs in regulatory regions. I want to know which are pathogenic.
comm-9,common,american pika,ochotona_princeps,bottlenosed dolphin,The data are from american pika. I've got a VCF of germline SNVs and small indels in coding exons. I just need the consequence types.,"My supervisor works on bottlenosed dolphin, but the samples are american pika. I've got a VCF of germline SNVs and small indels in coding exons. I just need the consequence types."
bino-5,binomial,amphilophus citrinellus,amphilophus_citrinellus,eastern buzzard,These are amphilophus citrinellus samples. We called germline SNVs and small indels in coding exons. I just need the consequence types.,"My supervisor works on eastern buzzard, but the samples are amphilophus citrinellus. We called germline SNVs and small indels in coding exons. I just need the consequence types."
bino-6,binomial,amphiprion ocellaris,amphiprion_ocellaris,haplochromis burtoni,The data are from amphiprion ocellaris. We have somatic point mutations in promoters and enhancers. I want to know which are pathogenic.,The variants were first reported in haplochromis burtoni; ours are from amphiprion ocellaris. We have somatic point mutations in promoters and enhancers. I want to know which are pathogenic.
bino-7,binomial,amphiprion percula,amphiprion_percula,oryzias sinensis,The samples are from amphiprion percula. I'm working with inherited structural variants in coding regions. I just need the basic consequences.,"We followed a protocol written for oryzias sinensis, and the samples are amphiprion percula. I'm working with inherited structural variants in coding regions. I just need the basic consequences."
bino-8,binomial,anabas testudineus,anabas_testudineus,duck,These are anabas testudineus samples. Our lab just got back acquired somatic CNVs in regulatory regions. I want to know which are pathogenic.,Not a duck study: the samples are anabas testudineus. Our lab just got back acquired somatic CNVs in regulatory regions. I want to know which are pathogenic.
bino-9,binomial,anas platyrhynchos,anas_platyrhynchos,mustela putorius furo,The data are from anas platyrhynchos. I've got a VCF of germline SNVs and small indels in coding exons. I just need the consequence types.,"My supervisor works on mustela putorius furo, but the samples are anas platyrhynchos. I've got a VCF of germline SNVs and small indels in coding exons. I just need the consequence types."
stra-4,strain,anas platyrhynchos platyrhynchos,anas_platyrhynchos_platyrhynchos,rufous-capped babbler,The samples are from anas platyrhynchos platyrhynchos. I've got a VCF of acquired somatic CNVs in regulatory regions. I want to know which are pathogenic.,Not a rufous-capped babbler study: the samples are anas platyrhynchos platyrhynchos. I've got a VCF of acquired somatic CNVs in regulatory regions. I want to know which are pathogenic.
bino-10,binomial,anas zonorhyncha,anas_zonorhyncha,pseudonaja textilis,The samples are from anas zonorhyncha. We called somatic point mutations in promoters and enhancers. I want to know which are pathogenic.,The variants were first reported in pseudonaja textilis; ours are from anas zonorhyncha. We called somatic point mutations in promoters and enhancers. I want to know which are pathogenic.
stra-5,strain,angola colobus,colobus_angolensis_palliatus,sus scrofa meishan,These are angola colobus samples. We called germline SNVs and small indels in coding exons. I just need the consequence types.,"My supervisor works on sus scrofa meishan, but the samples are angola colobus. We called germline SNVs and small indels in coding exons. I just need the consequence types."
bino-11,binomial,anolis carolinensis,anolis_carolinensis,gambusia affinis,These are anolis carolinensis samples. We have inherited structural variants in coding regions. I just need the basic consequences.,"We followed a protocol written for gambusia affinis, and the samples are anolis carolinensis. We have inherited structural variants in coding regions. I just need the basic consequences."
bino-12,binomial,anser brachyrhynchus,anser_brachyrhynchus,mastacembelus armatus,The data are from anser brachyrhynchus. I'm working with acquired somatic CNVs in regulatory regions. I want to know which are pathogenic.,Not a mastacembelus armatus study: the samples are anser brachyrhynchus. I'm working with acquired somatic CNVs in regulatory regions. I want to know which are pathogenic.
bino-13,binomial,anser cygnoides,anser_cygnoides,silver-eye,The samples are from anser cygnoides. Our lab just got back germline SNVs and small indels in coding exons. I just need the consequence types.,"My supervisor works on silver-eye, but the samples are anser cygnoides. Our lab just got back germline SNVs and small indels in coding exons. I just need the consequence types."
bino-14,binomial,aotus nancymaae,aotus_nancymaae,saimiri boliviensis boliviensis,These are aotus nancymaae samples. I've got a VCF of somatic point mutations in promoters and enhancers. I want to know which are pathogenic.,The variants were first reported in saimiri boliviensis boliviensis; ours are from aotus nancymaae. I've got a VCF of somatic point mutations in promoters and enhancers. I want to know which are pathogenic.
bino-15,binomial,apteryx haastii,apteryx_haastii,mouse nod/shiltj,The data are from apteryx haastii. We called inherited structural variants in coding regions. I just need the basic consequences.,"We followed a protocol written for mouse nod/shiltj, and the samples are apteryx haastii. We called inherited structural variants in coding regions. I just need the basic consequences."
bino-16,binomial,apteryx owenii,apteryx_owenii,poecilia formosa,The samples are from apteryx owenii. We have acquired somatic CNVs in regulatory regions. I want to know which are pathogenic.,Not a poecilia formosa study: the samples are apteryx owenii. We have acquired somatic CNVs in regulatory regions. I want to know which are pathogenic.
bino-17,binomial,apteryx rowi,apteryx_rowi,golden eagle,These are apteryx rowi samples. I'm working with germline SNVs and small indels in coding exons. I just need the consequence types.,"My supervisor works on golden eagle, but the samples are apteryx rowi. I'm working with germline SNVs and small indels in coding exons. I just need the consequence types."
stra-6,strain,aquila chrysaetos chrysaetos,aquila_chrysaetos_chrysaetos,strigops habroptila,The data are from aquila chrysaetos chrysaetos. We have somatic point mutations in promoters and enhancers. I want to know which are pathogenic.,The variants were first reported in strigops habroptila; ours are from aquila chrysaetos chrysaetos. We have somatic point mutations in promoters and enhancers. I want to know which are pathogenic.
comm-10,common,arabian camel,camelus_dromedarius,ord's kangaroo rat,The samples are from arabian camel. We called somatic point mutations in promoters and enhancers. I want to know which are pathogenic.,The variants were first reported in ord's kangaroo rat; ours are from arabian camel. We called somatic point mutations in promoters and enhancers. I want to know which are pathogenic.
comm-11,common,arctic ground squirrel,urocitellus_parryii,yellowtail amberjack,These are arctic ground squirrel samples. We have inherited structural variants in coding regions. I just need the basic consequences.,"We followed a protocol written for yellowtail amberjack, and the samples are arctic ground squirrel. We have inherited structural variants in coding regions. I just need the basic consequences."
comm-12,common,argentine black and white tegu,salvator_merianae,fundulus heteroclitus,The data are from argentine black and white tegu. I'm working with acquired somatic CNVs in regulatory regions. I want to know which are pathogenic.,Not a fundulus heteroclitus study: the samples are argentine black and white tegu. I'm working with acquired somatic CNVs in regulatory regions. I want to know which are pathogenic.
engl-2,english_word,armadillo,dasypus_novemcinctus,argentine black and white tegu,These samples come from an armadillo. I'm working with somatic point mutations in promoters and enhancers. I want to know which are pathogenic.,The variants were first reported in argentine black and white tegu; ours are from an armadillo. I'm working with somatic point mutations in promoters and enhancers. I want to know which are pathogenic.
comm-13,common,asian bonytongue,scleropages_formosus,corvus moneduloides,The samples are from asian bonytongue. Our lab just got back germline SNVs and small indels in coding exons. I just need the consequence types.,"My supervisor works on corvus moneduloides, but the samples are asian bonytongue. Our lab just got back germline SNVs and small indels in coding exons. I just need the consequence types."
stra-7,strain,asiatic black bear,ursus_thibetanus_thibetanus,mouse nod/shiltj,The samples are from asiatic black bear. I'm working with inherited structural variants in coding regions. I just need the basic consequences.,"We followed a protocol written for mouse nod/shiltj, and the samples are asiatic black bear. I'm working with inherited structural variants in coding regions. I just need the basic consequences."
engl-3,english_word,ass,equus_asinus,parus major,The data are from an ass. Our lab just got back inherited structural variants in coding regions. I just need the basic consequences.,"We followed a protocol written for parus major, and the samples are from an ass. Our lab just got back inherited structural variants in coding regions. I just need the basic consequences."
bino-18,binomial,astatotilapia calliptera,astatotilapia_calliptera,sus scrofa usmarc,The data are from astatotilapia calliptera. Our lab just got back somatic point mutations in promoters and enhancers. I want to know which are pathogenic.,The variants were first reported in sus scrofa usmarc; ours are from astatotilapia calliptera. Our lab just got back somatic point mutations in promoters and enhancers. I want to know which are pathogenic.
bino-19,binomial,astyanax mexicanus,astyanax_mexicanus,sparus aurata,The samples are from astyanax mexicanus. I've got a VCF of inherited structural variants in coding regions. I just need the basic consequences.,"We followed a protocol written for sparus aurata, and the samples are astyanax mexicanus. I've got a VCF of inherited structural variants in coding regions. I just need the basic consequences."
stra-8,strain,astyanax mexicanus pachon,astyanax_mexicanus,western european house mouse,These are astyanax mexicanus pachon samples. Our lab just got back acquired somatic CNVs in regulatory regions. I want to know which are pathogenic.,Not a western european house mouse study: the samples are astyanax mexicanus pachon. Our lab just got back acquired somatic CNVs in regulatory regions. I want to know which are pathogenic.
bino-20,binomial,athene cunicularia,athene_cunicularia,c.intestinalis,These are athene cunicularia samples. We called acquired somatic CNVs in regulatory regions. I want to know which are pathogenic.,Not a c.intestinalis study: the samples are athene cunicularia. We called acquired somatic CNVs in regulatory regions. I want to know which are pathogenic.
comm-14,common,atlantic cod,gadus_morhua,ma's night monkey,These are atlantic cod samples. I've got a VCF of somatic point mutations in promoters and enhancers. I want to know which are pathogenic.,The variants were first reported in ma's night monkey; ours are from atlantic cod. I've got a VCF of somatic point mutations in promoters and enhancers. I want to know which are pathogenic.
comm-15,common,atlantic herring,clupea_harengus,indian medaka,The data are from atlantic herring. We called inherited structural variants in coding regions. I just need the basic consequences.,"We followed a protocol written for indian medaka, and the samples are atlantic herring. We called inherited structural variants in coding regions. I just need the basic consequences."
stra-9,strain,atlantic salmon,salmo_salar,domestic guinea pig,The data are from atlantic salmon. I've got a VCF of germline SNVs and small indels in coding exons. I just need the consequence types.,"My supervisor works on domestic guinea pig, but the samples are atlantic salmon. I've got a VCF of germline SNVs and small indels in coding exons. I just need the consequence types."
tagg-1,tagged,atlantic salmon - european origin alta,salmo_salar,electrophorus electricus,The samples are from atlantic salmon - european origin alta. We have germline SNVs and small indels in coding exons. I just need the consequence types.,"My supervisor works on electrophorus electricus, but the samples are atlantic salmon - european origin alta. We have germline SNVs and small indels in coding exons. I just need the consequence types."
tagg-2,tagged,atlantic salmon - north american atlantic salmon,salmo_salar,gambusia affinis,These are atlantic salmon - north american atlantic salmon samples. I'm working with somatic point mutations in promoters and enhancers. I want to know which are pathogenic.,The variants were first reported in gambusia affinis; ours are from atlantic salmon - north american atlantic salmon. I'm working with somatic point mutations in promoters and enhancers. I want to know which are pathogenic.
tagg-3,tagged,atlantic salmon - north american origin brian,salmo_salar,leopard,The data are from atlantic salmon - north american origin brian. Our lab just got back inherited structural variants in coding regions. I just need the basic consequences.,"We followed a protocol written for leopard, and the samples are atlantic salmon - north american origin brian. Our lab just got back inherited structural variants in coding regions. I just need the basic consequences."
comm-16,common,australian saltwater crocodile,crocodylus_porosus,eastern happy,The samples are from australian saltwater crocodile. We have acquired somatic CNVs in regulatory regions. I want to know which are pathogenic.,Not a eastern happy study: the samples are australian saltwater crocodile. We have acquired somatic CNVs in regulatory regions. I want to know which are pathogenic.
bino-21,binomial,balaenoptera musculus,balaenoptera_musculus,greater horseshoe bat,The data are from balaenoptera musculus. We have germline SNVs and small indels in coding exons. I just need the consequence types.,"My supervisor works on greater horseshoe bat, but the samples are balaenoptera musculus. We have germline SNVs and small indels in coding exons. I just need the consequence types."
comm-17,common,ballan wrasse,labrus_bergylta,camarhynchus parvulus,These are ballan wrasse samples. I'm working with germline SNVs and small indels in coding exons. I just need the consequence types.,"My supervisor works on camarhynchus parvulus, but the samples are ballan wrasse. I'm working with germline SNVs and small indels in coding exons. I just need the consequence types."
comm-18,common,barramundi perch,lates_calcarifer,gallus gallus,The data are from barramundi perch. Our lab just got back somatic point mutations in promoters and enhancers. I want to know which are pathogenic.,The variants were first reported in gallus gallus; ours are from barramundi perch. Our lab just got back somatic point mutations in promoters and enhancers. I want to know which are pathogenic.
comm-19,common,beluga whale,delphinapterus_leucas,silver-eye,The samples are from beluga whale. I've got a VCF of inherited structural variants in coding regions. I just need the basic consequences.,"We followed a protocol written for silver-eye, and the samples are beluga whale. I've got a VCF of inherited structural variants in coding regions. I just need the basic consequences."
stra-10,strain,bengalese finch,lonchura_striata_domestica,indian medaka,The samples are from bengalese finch. We called somatic point mutations in promoters and enhancers. I want to know which are pathogenic.,The variants were first reported in indian medaka; ours are from bengalese finch. We called somatic point mutations in promoters and enhancers. I want to know which are pathogenic.
bino-22,binomial,betta splendens,betta_splendens,armadillo,The samples are from betta splendens. I'm working with somatic point mutations in promoters and enhancers. I want to know which are pathogenic.,The variants were first reported in armadillo; ours are from betta splendens. I'm working with somatic point mutations in promoters and enhancers. I want to know which are pathogenic.
comm-20,common,bicolor damselfish,stegastes_partitus,burrowing owl,These are bicolor damselfish samples. We called acquired somatic CNVs in regulatory regions. I want to know which are pathogenic.,Not a burrowing owl study: the samples are bicolor damselfish. We called acquired somatic CNVs in regulatory regions. I want to know which are pathogenic.
stra-11,strain,bison bison bison,bison_bison_bison,saimiri boliviensis boliviensis,These are bison bison bison samples. We have inherited structural variants in coding regions. I just need the basic consequences.,"We followed a protocol written for saimiri boliviensis boliviensis, and the samples are bison bison bison. We have inherited structural variants in coding regions. I just need the basic consequences."
comm-21,common,black snub-nosed monkey,rhinopithecus_bieti,alpaca,The data are from black snub-nosed monkey. We have germline SNVs and small indels in coding exons. I just need the consequence types.,"My supervisor works on alpaca, but the samples are black snub-nosed monkey. We have germline SNVs and small indels in coding exons. I just need the consequence types."
comm-22,common,blind barbel,sinocyclocheilus_anshuiensis,pygocentrus nattereri,The samples are from blind barbel. I'm working with somatic point mutations in promoters and enhancers. I want to know which are pathogenic.,The variants were first reported in pygocentrus nattereri; ours are from blind barbel. I'm working with somatic point mutations in promoters and enhancers. I want to know which are pathogenic.
comm-23,common,blue tilapia,oreochromis_aureus,inshore hagfish,These are blue tilapia samples. Our lab just got back inherited structural variants in coding regions. I just need the basic consequences.,"We followed a protocol written for inshore hagfish, and the samples are blue tilapia. Our lab just got back inherited structural variants in coding regions. I just need the basic consequences."
comm-24,common,blue tit,cyanistes_caeruleus,painted turtle,The data are from blue tit. I've got a VCF of acquired somatic CNVs in regulatory regions. I want to know which are pathogenic.,Not a painted turtle study: the samples are blue tit. I've got a VCF of acquired somatic CNVs in regulatory regions. I want to know which are pathogenic.
comm-25,common,blue whale,balaenoptera_musculus,periophthalmus magnuspinnatus,The samples are from blue whale. We called germline SNVs and small indels in coding exons. I just need the consequence types.,"My supervisor works on periophthalmus magnuspinnatus, but the samples are blue whale. We called germline SNVs and small indels in coding exons. I just need the consequence types."
comm-26,common,blue-crowned manakin,lepidothrix_coronata,callorhinchus milii,These are blue-crowned manakin samples. We have somatic point mutations in promoters and enhancers. I want to know which are pathogenic.,The variants were first reported in callorhinchus milii; ours are from blue-crowned manakin. We have somatic point mutations in promoters and enhancers. I want to know which are pathogenic.
comm-27,common,blue-ringed sea krait,laticauda_laticaudata,tammar wallaby,The data are from blue-ringed sea krait. I'm working with inherited structural variants in coding regions. I just need the basic consequences.,"We followed a protocol written for tammar wallaby, and the samples are blue-ringed sea krait. I'm working with inherited structural variants in coding regions. I just need the basic consequences."
comm-28,common,blunt-snouted clingfish,gouania_willdenowi,parambassis ranga,The samples are from blunt-snouted clingfish. Our lab just got back acquired somatic CNVs in regulatory regions. I want to know which are pathogenic.,Not a parambassis ranga study: the samples are blunt-snouted clingfish. Our lab just got back acquired somatic CNVs in regulatory regions. I want to know which are pathogenic.
stra-12,strain,bolivian squirrel monkey,saimiri_boliviensis_boliviensis,sus scrofa bamei,The data are from bolivian squirrel monkey. I'm working with acquired somatic CNVs in regulatory regions. I want to know which are pathogenic.,Not a sus scrofa bamei study: the samples are bolivian squirrel monkey. I'm working with acquired somatic CNVs in regulatory regions. I want to know which are pathogenic.
comm-29,common,bonobo,pan_paniscus,myripristis murdjan,These samples come from a bonobo. I've got a VCF of germline SNVs and small indels in coding exons. I just need the consequence types.,"My supervisor works on myripristis murdjan, but the samples are from a bonobo. I've got a VCF of germline SNVs and small indels in coding exons. I just need the consequence types."
bino-23,binomial,bos grunniens,bos_grunniens,leishan spiny toad,These are bos grunniens samples. Our lab just got back inherited structural variants in coding regions. I just need the basic consequences.,"We followed a protocol written for leishan spiny toad, and the samples are bos grunniens. Our lab just got back inherited structural variants in coding regions. I just need the basic consequences."
tagg-4,tagged,bos indicus hybrid,bos_taurus_hybrid,swan goose,The samples are from bos indicus hybrid. I've got a VCF of acquired somatic CNVs in regulatory regions. I want to know which are pathogenic.,Not a swan goose study: the samples are bos indicus hybrid. I've got a VCF of acquired somatic CNVs in regulatory regions. I want to know which are pathogenic.
bino-24,binomial,bos mutus,bos_mutus,erythrura gouldiae,The data are from bos mutus. I've got a VCF of acquired somatic CNVs in regulatory regions. I want to know which are pathogenic.,Not a erythrura gouldiae study: the samples are bos mutus. I've got a VCF of acquired somatic CNVs in regulatory regions. I want to know which are pathogenic.
bino-25,binomial,bos taurus,bos_taurus,propithecus coquereli,The samples are from bos taurus. We called germline SNVs and small indels in coding exons. I just need the consequence types.,"My supervisor works on propithecus coquereli, but the samples are bos taurus. We called germline SNVs and small indels in coding exons. I just need the consequence types."
tagg-5,tagged,bos taurus gca963921495v1,bos_taurus,bonobo,These are bos taurus gca963921495v1 samples. We called germline SNVs and small indels in coding exons. I just need the consequence types.,"My supervisor works on bonobo, but the samples are bos taurus gca963921495v1. We called germline SNVs and small indels in coding exons. I just need the consequence types."
tagg-6,tagged,bos taurus hybrid,bos_taurus_hybrid,lumpfish,The data are from bos taurus hybrid. We have somatic point mutations in promoters and enhancers. I want to know which are pathogenic.,The variants were first reported in lumpfish; ours are from bos taurus hybrid. We have somatic point mutations in promoters and enhancers. I want to know which are pathogenic.
stra-13,strain,bos taurus tuli,bos_taurus,anolis carolinensis,The samples are from bos taurus tuli. Our lab just got back germline SNVs and small indels in coding exons. I just need the consequence types.,"My supervisor works on anolis carolinensis, but the samples are bos taurus tuli. Our lab just got back germline SNVs and small indels in coding exons. I just need the consequence types."
stra-14,strain,bos taurus wagyu,bos_taurus,dicentrarchus labrax,These are bos taurus wagyu samples. I've got a VCF of somatic point mutations in promoters and enhancers. I want to know which are pathogenic.,The variants were first reported in dicentrarchus labrax; ours are from bos taurus wagyu. I've got a VCF of somatic point mutations in promoters and enhancers. I want to know which are pathogenic.
comm-30,common,bottlenosed dolphin,tursiops_truncatus,pteropus vampyrus,The data are from bottlenosed dolphin. We called somatic point mutations in promoters and enhancers. I want to know which are pathogenic.,The variants were first reported in pteropus vampyrus; ours are from bottlenosed dolphin. We called somatic point mutations in promoters and enhancers. I want to know which are pathogenic.
comm-31,common,brazilian guinea pig,cavia_aperea,dromaius novaehollandiae,The samples are from brazilian guinea pig. We have inherited structural variants in coding regions. I just need the basic consequences.,"We followed a protocol written for dromaius novaehollandiae, and the samples are brazilian guinea pig. We have inherited structural variants in coding regions. I just need the basic consequences."
comm-32,common,brown trout,salmo_trutta,ruff,These are brown trout samples. I'm working with acquired somatic CNVs in regulatory regions. I want to know which are pathogenic.,Not a ruff study: the samples are brown trout. I'm working with acquired somatic CNVs in regulatory regions. I want to know which are pathogenic.
bino-26,binomial,bubo bubo,bubo_bubo,ma's night monkey,These are bubo bubo samples. We have somatic point mutations in promoters and enhancers. I want to know which are pathogenic.,The variants were first reported in ma's night monkey; ours are from bubo bubo. We have somatic point mutations in promoters and enhancers. I want to know which are pathogenic.
engl-4,english_word,budgerigar,melopsittacus_undulatus,panthera tigris altaica,The samples are from a budgerigar. I've got a VCF of acquired somatic CNVs in regulatory regions. I want to know which are pathogenic.,Not a panthera tigris altaica study: the samples are from a budgerigar. I've got a VCF of acquired somatic CNVs in regulatory regions. I want to know which are pathogenic.
comm-33,common,burrowing owl,athene_cunicularia,c.savignyi,The data are from burrowing owl. Our lab just got back germline SNVs and small indels in coding exons. I just need the consequence types.,"My supervisor works on c.savignyi, but the samples are burrowing owl. Our lab just got back germline SNVs and small indels in coding exons. I just need the consequence types."
comm-34,common,burton's mouthbrooder,haplochromis_burtoni,xiphophorus maculatus,The samples are from burton's mouthbrooder. I've got a VCF of somatic point mutations in promoters and enhancers. I want to know which are pathogenic.,The variants were first reported in xiphophorus maculatus; ours are from burton's mouthbrooder. I've got a VCF of somatic point mutations in promoters and enhancers. I want to know which are pathogenic.
comm-35,common,bushbaby,otolemur_garnettii,little spotted kiwi,These samples come from a bushbaby. We called inherited structural variants in coding regions. I just need the basic consequences.,"We followed a protocol written for little spotted kiwi, and the samples are from a bushbaby. We called inherited structural variants in coding regions. I just need the basic consequences."
bino-27,binomial,buteo japonicus,buteo_japonicus,rattus norvegicus shrutx,The data are from buteo japonicus. I'm working with inherited structural variants in coding regions. I just need the basic consequences.,"We followed a protocol written for rattus norvegicus shrutx, and the samples are buteo japonicus. I'm working with inherited structural variants in coding regions. I just need the basic consequences."
comm-36,common,c.intestinalis,ciona_intestinalis,australian saltwater crocodile,The data are from a c.intestinalis. We have acquired somatic CNVs in regulatory regions. I want to know which are pathogenic.,Not a australian saltwater crocodile study: the samples are from a c.intestinalis. We have acquired somatic CNVs in regulatory regions. I want to know which are pathogenic.
comm-37,common,c.savignyi,ciona_savignyi,japanese quail,The samples are from a c.savignyi. I'm working with germline SNVs and small indels in coding exons. I just need the consequence types.,"My supervisor works on japanese quail, but the samples are from a c.savignyi. I'm working with germline SNVs and small indels in coding exons. I just need the consequence types."
stra-15,strain,cairina moschata domestica,cairina_moschata_domestica,cricetulus griseus chok1gshd,The data are from cairina moschata domestica. We called inherited structural variants in coding regions. I just need the basic consequences.,"We followed a protocol written for cricetulus griseus chok1gshd, and the samples are cairina moschata domestica. We called inherited structural variants in coding regions. I just need the basic consequences."
bino-28,binomial,calidris pugnax,calidris_pugnax,zebrafish,The samples are from calidris pugnax. Our lab just got back acquired somatic CNVs in regulatory regions. I want to know which are pathogenic.,Not a zebrafish study: the samples are calidris pugnax. Our lab just got back acquired somatic CNVs in regulatory regions. I want to know which are pathogenic.
bino-29,binomial,calidris pygmaea,calidris_pygmaea,little spotted kiwi,These are calidris pygmaea samples. I've got a VCF of germline SNVs and small indels in coding exons. I just need the consequence types.,"My supervisor works on little spotted kiwi, but the samples are calidris pygmaea. I've got a VCF of germline SNVs and small indels in coding exons. I just need the consequence types."
comm-38,common,california sea lion,zalophus_californianus,callorhinchus milii,These are california sea lion samples. Our lab just got back somatic point mutations in promoters and enhancers. I want to know which are pathogenic.,The variants were first reported in callorhinchus milii; ours are from california sea lion. Our lab just got back somatic point mutations in promoters and enhancers. I want to know which are pathogenic.
bino-30,binomial,callithrix jacchus,callithrix_jacchus,cavia porcellus,The data are from callithrix jacchus. We called somatic point mutations in promoters and enhancers. I want to know which are pathogenic.,The variants were first reported in cavia porcellus; ours are from callithrix jacchus. We called somatic point mutations in promoters and enhancers. I want to know which are pathogenic.
bino-31,binomial,callorhinchus milii,callorhinchus_milii,otus sunia,The samples are from callorhinchus milii. We have inherited structural variants in coding regions. I just need the basic consequences.,"We followed a protocol written for otus sunia, and the samples are callorhinchus milii. We have inherited structural variants in coding regions. I just need the basic consequences."
bino-32,binomial,camarhynchus parvulus,camarhynchus_parvulus,mus musculus akrj,These are camarhynchus parvulus samples. I'm working with acquired somatic CNVs in regulatory regions. I want to know which are pathogenic.,Not a mus musculus akrj study: the samples are camarhynchus parvulus. I'm working with acquired somatic CNVs in regulatory regions. I want to know which are pathogenic.
bino-33,binomial,camelus dromedarius,camelus_dromedarius,macaca mulatta,The data are from camelus dromedarius. Our lab just got back germline SNVs and small indels in coding exons. I just need the consequence types.,"My supervisor works on macaca mulatta, but the samples are camelus dromedarius. Our lab just got back germline SNVs and small indels in coding exons. I just need the consequence types."
comm-39,common,canada lynx,lynx_canadensis,ornithorhynchus anatinus,The data are from canada lynx. I've got a VCF of inherited structural variants in coding regions. I just need the basic consequences.,"We followed a protocol written for ornithorhynchus anatinus, and the samples are canada lynx. I've got a VCF of inherited structural variants in coding regions. I just need the basic consequences."
stra-16,strain,canis lupus dingo,canis_lupus_dingo,california sea lion,The samples are from canis lupus dingo. We have acquired somatic CNVs in regulatory regions. I want to know which are pathogenic.,Not a california sea lion study: the samples are canis lupus dingo. We have acquired somatic CNVs in regulatory regions. I want to know which are pathogenic.
stra-17,strain,canis lupus familiaris,canis_lupus_familiaris,small madagascar hedgehog,These are canis lupus familiaris samples. I'm working with germline SNVs and small indels in coding exons. I just need the consequence types.,"My supervisor works on small madagascar hedgehog, but the samples are canis lupus familiaris. I'm working with germline SNVs and small indels in coding exons. I just need the consequence types."
stra-18,strain,canis lupus familiarisbasenji,canis_lupus_familiaris,callithrix jacchus,The data are from canis lupus familiarisbasenji. Our lab just got back somatic point mutations in promoters and enhancers. I want to know which are pathogenic.,The variants were first reported in callithrix jacchus; ours are from canis lupus familiarisbasenji. Our lab just got back somatic point mutations in promoters and enhancers. I want to know which are pathogenic.
stra-19,strain,canis lupus familiarisboxer,canis_lupus_familiaris,gambusia affinis,The samples are from canis lupus familiarisboxer. I've got a VCF of inherited structural variants in coding regions. I just need the basic consequences.,"We followed a protocol written for gambusia affinis, and the samples are canis lupus familiarisboxer. I've got a VCF of inherited structural variants in coding regions. I just need the basic consequences."
stra-20,strain,canis lupus familiarisgreatdane,canis_lupus_familiaris,sus scrofa largewhite,These are canis lupus familiarisgreatdane samples. We called acquired somatic CNVs in regulatory regions. I want to know which are pathogenic.,Not a sus scrofa largewhite study: the samples are canis lupus familiarisgreatdane. We called acquired somatic CNVs in regulatory regions. I want to know which are pathogenic.
stra-21,strain,canis lupus familiarisgsd,canis_lupus_familiaris,labrus bergylta,The data are from canis lupus familiarisgsd. We have germline SNVs and small indels in coding exons. I just need the consequence types.,"My supervisor works on labrus bergylta, but the samples are canis lupus familiarisgsd. We have germline SNVs and small indels in coding exons. I just need the consequence types."
comm-40,common,cape rock hyrax,procavia_capensis,common snapping turtle,The samples are from cape rock hyrax. We called acquired somatic CNVs in regulatory regions. I want to know which are pathogenic.,Not a common snapping turtle study: the samples are cape rock hyrax. We called acquired somatic CNVs in regulatory regions. I want to know which are pathogenic.
bino-34,binomial,capra hircus,capra_hircus,pig usmarc,The samples are from capra hircus. I've got a VCF of somatic point mutations in promoters and enhancers. I want to know which are pathogenic.,The variants were first reported in pig usmarc; ours are from capra hircus. I've got a VCF of somatic point mutations in promoters and enhancers. I want to know which are pathogenic.
stra-22,strain,capra hircus blackbengal,capra_hircus,huchen,The samples are from capra hircus blackbengal. I'm working with somatic point mutations in promoters and enhancers. I want to know which are pathogenic.,The variants were first reported in huchen; ours are from capra hircus blackbengal. I'm working with somatic point mutations in promoters and enhancers. I want to know which are pathogenic.
tagg-7,tagged,capra hircus gca015443085v1,capra_hircus,mus musculus casteij,The samples are from capra hircus gca015443085v1. I'm working with inherited structural variants in coding regions. I just need the basic consequences.,"We followed a protocol written for mus musculus casteij, and the samples are capra hircus gca015443085v1. I'm working with inherited structural variants in coding regions. I just need the basic consequences."
tagg-8,tagged,capra hircus gca026652205v1,capra_hircus,domestic guinea pig,These are capra hircus gca026652205v1 samples. Our lab just got back acquired somatic CNVs in regulatory regions. I want to know which are pathogenic.,Not a domestic guinea pig study: the samples are capra hircus gca026652205v1. Our lab just got back acquired somatic CNVs in regulatory regions. I want to know which are pathogenic.
bino-35,binomial,carassius auratus,carassius_auratus,american black bear,These are carassius auratus samples. We called inherited structural variants in coding regions. I just need the basic consequences.,"We followed a protocol written for american black bear, and the samples are carassius auratus. We called inherited structural variants in coding regions. I just need the basic consequences."
bino-36,binomial,carlito syrichta,carlito_syrichta,pachon cavefish,The data are from carlito syrichta. We have acquired somatic CNVs in regulatory regions. I want to know which are pathogenic.,Not a pachon cavefish study: the samples are carlito syrichta. We have acquired somatic CNVs in regulatory regions. I want to know which are pathogenic.
bino-37,binomial,castor canadensis,castor_canadensis,gouania willdenowi,The samples are from castor canadensis. I'm working with germline SNVs and small indels in coding exons. I just need the consequence types.,"My supervisor works on gouania willdenowi, but the samples are castor canadensis. I'm working with germline SNVs and small indels in coding exons. I just need the consequence types."
tagg-9,tagged,cat - abyssinian,felis_catus,mesocricetus auratus,The data are from cat - abyssinian. I've got a VCF of germline SNVs and small indels in coding exons. I just need the consequence types.,"My supervisor works on mesocricetus auratus, but the samples are cat - abyssinian. I've got a VCF of germline SNVs and small indels in coding exons. I just need the consequence types."
bino-38,binomial,catagonus wagneri,catagonus_wagneri,rabbit,These are catagonus wagneri samples. Our lab just got back somatic point mutations in promoters and enhancers. I want to know which are pathogenic.,The variants were first reported in rabbit; ours are from catagonus wagneri. Our lab just got back somatic point mutations in promoters and enhancers. I want to know which are pathogenic.
bino-39,binomial,catharus ustulatus,catharus_ustulatus,blunt-snouted clingfish,The data are from catharus ustulatus. I've got a VCF of inherited structural variants in coding regions. I just need the basic consequences.,"We followed a protocol written for blunt-snouted clingfish, and the samples are catharus ustulatus. I've got a VCF of inherited structural variants in coding regions. I just need the basic consequences."
engl-5,english_word,cattle,bos_taurus,reedfish,These samples come from a cattle. We called germline SNVs and small indels in coding exons. I just need the consequence types.,"My supervisor works on reedfish, but the samples are from a cattle. We called germline SNVs and small indels in coding exons. I just need the consequence types."
tagg-10,tagged,cattle - norwegian red (nrf),bos_taurus,macaca nemestrina,The samples are from cattle - norwegian red (nrf). We called somatic point mutations in promoters and enhancers. I want to know which are pathogenic.,The variants were first reported in macaca nemestrina; ours are from cattle - norwegian red (nrf). We called somatic point mutations in promoters and enhancers. I want to know which are pathogenic.
tagg-11,tagged,cattle - tuli,bos_taurus,american bison,These are cattle - tuli samples. We have inherited structural variants in coding regions. I just need the basic consequences.,"We followed a protocol written for american bison, and the samples are cattle - tuli. We have inherited structural variants in coding regions. I just need the basic consequences."
tagg-12,tagged,cattle - wagyu,bos_taurus,xiphophorus couchianus,The data are from cattle - wagyu. I'm working with acquired somatic CNVs in regulatory regions. I want to know which are pathogenic.,Not a xiphophorus couchianus study: the samples are cattle - wagyu. I'm working with acquired somatic CNVs in regulatory regions. I want to know which are pathogenic.
bino-40,binomial,cavia aperea,cavia_aperea,mastacembelus armatus,The samples are from cavia aperea. We called acquired somatic CNVs in regulatory regions. I want to know which are pathogenic.,Not a mastacembelus armatus study: the samples are cavia aperea. We called acquired somatic CNVs in regulatory regions. I want to know which are pathogenic.
bino-41,binomial,cavia porcellus,cavia_porcellus,blue tilapia,These are cavia porcellus samples. We have germline SNVs and small indels in coding exons. I just need the consequence types.,"My supervisor works on blue tilapia, but the samples are cavia porcellus. We have germline SNVs and small indels in coding exons. I just need the consequence types."
bino-42,binomial,cebus imitator,cebus_imitator,buteo japonicus,The data are from cebus imitator. I'm working with somatic point mutations in promoters and enhancers. I want to know which are pathogenic.,The variants were first reported in buteo japonicus; ours are from cebus imitator. I'm working with somatic point mutations in promoters and enhancers. I want to know which are pathogenic.
comm-41,common,central bearded dragon,pogona_vitticeps,mus musculus lpj,These are central bearded dragon samples. We have germline SNVs and small indels in coding exons. I just need the consequence types.,"My supervisor works on mus musculus lpj, but the samples are central bearded dragon. We have germline SNVs and small indels in coding exons. I just need the consequence types."
bino-43,binomial,cercocebus atys,cercocebus_atys,c.intestinalis,The samples are from cercocebus atys. Our lab just got back inherited structural variants in coding regions. I just need the basic consequences.,"We followed a protocol written for c.intestinalis, and the samples are cercocebus atys. Our lab just got back inherited structural variants in coding regions. I just need the basic consequences."
stra-23,strain,cervus hanglu yarkandensis,cervus_hanglu_yarkandensis,calidris pygmaea,These are cervus hanglu yarkandensis samples. Our lab just got back inherited structural variants in coding regions. I just need the basic consequences.,"We followed a protocol written for calidris pygmaea, and the samples are cervus hanglu yarkandensis. Our lab just got back inherited structural variants in coding regions. I just need the basic consequences."
comm-42,common,chacoan peccary,catagonus_wagneri,american pika,The data are from chacoan peccary. I'm working with somatic point mutations in promoters and enhancers. I want to know which are pathogenic.,The variants were first reported in american pika; ours are from chacoan peccary. I'm working with somatic point mutations in promoters and enhancers. I want to know which are pathogenic.
comm-43,common,channel bull blenny,cottoperca_gobio,steppe mouse,The samples are from channel bull blenny. Our lab just got back inherited structural variants in coding regions. I just need the basic consequences.,"We followed a protocol written for steppe mouse, and the samples are channel bull blenny. Our lab just got back inherited structural variants in coding regions. I just need the basic consequences."
comm-44,common,channel catfish,ictalurus_punctatus,callithrix jacchus,These are channel catfish samples. I've got a VCF of acquired somatic CNVs in regulatory regions. I want to know which are pathogenic.,Not a callithrix jacchus study: the samples are channel catfish. I've got a VCF of acquired somatic CNVs in regulatory regions. I want to know which are pathogenic.
bino-44,binomial,chelonoidis abingdonii,chelonoidis_abingdonii,western wild mouse,These are chelonoidis abingdonii samples. I've got a VCF of acquired somatic CNVs in regulatory regions. I want to know which are pathogenic.,Not a western wild mouse study: the samples are chelonoidis abingdonii. I've got a VCF of acquired somatic CNVs in regulatory regions. I want to know which are pathogenic.
bino-45,binomial,chelydra serpentina,chelydra_serpentina,lamprey,The data are from chelydra serpentina. We called germline SNVs and small indels in coding exons. I just need the consequence types.,"My supervisor works on lamprey, but the samples are chelydra serpentina. We called germline SNVs and small indels in coding exons. I just need the consequence types."
engl-6,english_word,chicken,gallus_gallus,gilthead seabream,The data are from a chicken. We have somatic point mutations in promoters and enhancers. I want to know which are pathogenic.,The variants were first reported in gilthead seabream; ours are from a chicken. We have somatic point mutations in promoters and enhancers. I want to know which are pathogenic.
tagg-13,tagged,chicken (paternal white leghorn layer),gallus_gallus,mexican tetra,The samples are from chicken (paternal white leghorn layer). Our lab just got back germline SNVs and small indels in coding exons. I just need the consequence types.,"My supervisor works on mexican tetra, but the samples are chicken (paternal white leghorn layer). Our lab just got back germline SNVs and small indels in coding exons. I just need the consequence types."
tagg-14,tagged,chicken (red jungle fowl),gallus_gallus,monodon monoceros,These are chicken (red jungle fowl) samples. I've got a VCF of somatic point mutations in promoters and enhancers. I want to know which are pathogenic.,The variants were first reported in monodon monoceros; ours are from chicken (red jungle fowl). I've got a VCF of somatic point mutations in promoters and enhancers. I want to know which are pathogenic.
comm-45,common,chilean tinamou,nothoprocta_perdicaria,nannospalax galili,The data are from chilean tinamou. We called germline SNVs and small indels in coding exons. I just need the consequence types.,"My supervisor works on nannospalax galili, but the samples are chilean tinamou. We called germline SNVs and small indels in coding exons. I just need the consequence types."
engl-7,english_word,chimpanzee,pan_troglodytes,california sea lion,The samples are from a chimpanzee. I'm working with inherited structural variants in coding regions. I just need the basic consequences.,"We followed a protocol written for california sea lion, and the samples are from a chimpanzee. I'm working with inherited structural variants in coding regions. I just need the basic consequences."
bino-46,binomial,chinchilla lanigera,chinchilla_lanigera,ferret,The samples are from chinchilla lanigera. We have somatic point mutations in promoters and enhancers. I want to know which are pathogenic.,The variants were first reported in ferret; ours are from chinchilla lanigera. We have somatic point mutations in promoters and enhancers. I want to know which are pathogenic.
stra-24,strain,chinese hamster,cricetulus_griseus,hucho hucho,The data are from chinese hamster. I've got a VCF of acquired somatic CNVs in regulatory regions. I want to know which are pathogenic.,Not a hucho hucho study: the samples are chinese hamster. I've got a VCF of acquired somatic CNVs in regulatory regions. I want to know which are pathogenic.
stra-25,strain,chinese hamster chok1gs,cricetulus_griseus,cercocebus atys,The samples are from chinese hamster chok1gs. We called germline SNVs and small indels in coding exons. I just need the consequence types.,"My supervisor works on cercocebus atys, but the samples are chinese hamster chok1gs. We called germline SNVs and small indels in coding exons. I just need the consequence types."
stra-26,strain,chinese hamster crigri,cricetulus_griseus,zalophus californianus,These are chinese hamster crigri samples. We have somatic point mutations in promoters and enhancers. I want to know which are pathogenic.,The variants were first reported in zalophus californianus; ours are from chinese hamster crigri. We have somatic point mutations in promoters and enhancers. I want to know which are pathogenic.
stra-27,strain,chinese hamster picr,cricetulus_griseus,ord's kangaroo rat,The data are from chinese hamster picr. I'm working with inherited structural variants in coding regions. I just need the basic consequences.,"We followed a protocol written for ord's kangaroo rat, and the samples are chinese hamster picr. I'm working with inherited structural variants in coding regions. I just need the basic consequences."
comm-46,common,chinese medaka,oryzias_sinensis,panthera leo,The samples are from chinese medaka. We have somatic point mutations in promoters and enhancers. I want to know which are pathogenic.,The variants were first reported in panthera leo; ours are from chinese medaka. We have somatic point mutations in promoters and enhancers. I want to know which are pathogenic.
comm-47,common,chinese softshell turtle,pelodiscus_sinensis,vicugna pacos,These are chinese softshell turtle samples. I'm working with inherited structural variants in coding regions. I just need the basic consequences.,"We followed a protocol written for vicugna pacos, and the samples are chinese softshell turtle. I'm working with inherited structural variants in coding regions. I just need the basic consequences."
comm-48,common,chinook salmon,oncorhynchus_tshawytscha,anas platyrhynchos,The data are from chinook salmon. Our lab just got back acquired somatic CNVs in regulatory regions. I want to know which are pathogenic.,Not a anas platyrhynchos study: the samples are chinook salmon. Our lab just got back acquired somatic CNVs in regulatory regions. I want to know which are pathogenic.
bino-47,binomial,chlorocebus sabaeus,chlorocebus_sabaeus,catagonus wagneri,These are chlorocebus sabaeus samples. I'm working with inherited structural variants in coding regions. I just need the basic consequences.,"We followed a protocol written for catagonus wagneri, and the samples are chlorocebus sabaeus. I'm working with inherited structural variants in coding regions. I just need the basic consequences."
bino-48,binomial,choloepus hoffmanni,choloepus_hoffmanni,sinocyclocheilus rhinocerous,The data are from choloepus hoffmanni. Our lab just got back acquired somatic CNVs in regulatory regions. I want to know which are pathogenic.,Not a sinocyclocheilus rhinocerous study: the samples are choloepus hoffmanni. Our lab just got back acquired somatic CNVs in regulatory regions. I want to know which are pathogenic.
stra-28,strain,chrysemys picta bellii,chrysemys_picta_bellii,spermophilus dauricus,The samples are from chrysemys picta bellii. Our lab just got back acquired somatic CNVs in regulatory regions. I want to know which are pathogenic.,Not a spermophilus dauricus study: the samples are chrysemys picta bellii. Our lab just got back acquired somatic CNVs in regulatory regions. I want to know which are pathogenic.
bino-49,binomial,chrysolophus pictus,chrysolophus_pictus,bicolor damselfish,The samples are from chrysolophus pictus. I've got a VCF of germline SNVs and small indels in coding exons. I just need the consequence types.,"My supervisor works on bicolor damselfish, but the samples are chrysolophus pictus. I've got a VCF of germline SNVs and small indels in coding exons. I just need the consequence types."
bino-50,binomial,ciona intestinalis,ciona_intestinalis,small madagascar hedgehog,These are ciona intestinalis samples. We called somatic point mutations in promoters and enhancers. I want to know which are pathogenic.,The variants were first reported in small madagascar hedgehog; ours are from ciona intestinalis. We called somatic point mutations in promoters and enhancers. I want to know which are pathogenic.
bino-51,binomial,ciona savignyi,ciona_savignyi,latimeria chalumnae,The data are from ciona savignyi. We have inherited structural variants in coding regions. I just need the basic consequences.,"We followed a protocol written for latimeria chalumnae, and the samples are ciona savignyi. We have inherited structural variants in coding regions. I just need the basic consequences."
comm-49,common,climbing perch,anabas_testudineus,lumpfish,The samples are from climbing perch. I've got a VCF of germline SNVs and small indels in coding exons. I just need the consequence types.,"My supervisor works on lumpfish, but the samples are climbing perch. I've got a VCF of germline SNVs and small indels in coding exons. I just need the consequence types."
comm-50,common,clown anemonefish,amphiprion_ocellaris,western painted turtle,These are clown anemonefish samples. We called somatic point mutations in promoters and enhancers. I want to know which are pathogenic.,The variants were first reported in western painted turtle; ours are from clown anemonefish. We called somatic point mutations in promoters and enhancers. I want to know which are pathogenic.
bino-52,binomial,clupea harengus,clupea_harengus,white-throated sparrow,The samples are from clupea harengus. I'm working with acquired somatic CNVs in regulatory regions. I want to know which are pathogenic.,Not a white-throated sparrow study: the samples are clupea harengus. I'm working with acquired somatic CNVs in regulatory regions. I want to know which are pathogenic.
engl-8,english_word,coelacanth,latimeria_chalumnae,electric eel,These samples come from a coelacanth. Our lab just got back acquired somatic CNVs in regulatory regions. I want to know which are pathogenic.,Not a electric eel study: the samples are from a coelacanth. Our lab just got back acquired somatic CNVs in regulatory regions. I want to know which are pathogenic.
comm-51,common,coho salmon,oncorhynchus_kisutch,rhinolophus ferrumequinum,The data are from coho salmon. We have inherited structural variants in coding regions. I just need the basic consequences.,"We followed a protocol written for rhinolophus ferrumequinum, and the samples are coho salmon. We have inherited structural variants in coding regions. I just need the basic consequences."
comm-52,common,collared flycatcher,ficedula_albicollis,electric eel,The samples are from collared flycatcher. I'm working with acquired somatic CNVs in regulatory regions. I want to know which are pathogenic.,Not a electric eel study: the samples are collared flycatcher. I'm working with acquired somatic CNVs in regulatory regions. I want to know which are pathogenic.
stra-29,strain,colobus angolensis palliatus,colobus_angolensis_palliatus,eptatretus burgeri,These are colobus angolensis palliatus samples. I've got a VCF of germline SNVs and small indels in coding exons. I just need the consequence types.,"My supervisor works on eptatretus burgeri, but the samples are colobus angolensis palliatus. I've got a VCF of germline SNVs and small indels in coding exons. I just need the consequence types."
comm-53,common,common canary,serinus_canaria,round goby,These are common canary samples. Our lab just got back germline SNVs and small indels in coding exons. I just need the consequence types.,"My supervisor works on round goby, but the samples are common canary. Our lab just got back germline SNVs and small indels in coding exons. I just need the consequence types."
stra-30,strain,common carp,cyprinus_carpio_carpio,vaquita,The data are from common carp. We called somatic point mutations in promoters and enhancers. I want to know which are pathogenic.,The variants were first reported in vaquita; ours are from common carp. We called somatic point mutations in promoters and enhancers. I want to know which are pathogenic.
stra-31,strain,common carp german mirror,cyprinus_carpio,bos mutus,The samples are from common carp german mirror. We have inherited structural variants in coding regions. I just need the basic consequences.,"We followed a protocol written for bos mutus, and the samples are common carp german mirror. We have inherited structural variants in coding regions. I just need the basic consequences."
stra-32,strain,common carp hebao red,cyprinus_carpio,midas cichlid,These are common carp hebao red samples. I'm working with acquired somatic CNVs in regulatory regions. I want to know which are pathogenic.,Not a midas cichlid study: the samples are common carp hebao red. I'm working with acquired somatic CNVs in regulatory regions. I want to know which are pathogenic.
stra-33,strain,common carp huanghe,cyprinus_carpio,horned golden-line barbel,The data are from common carp huanghe. Our lab just got back germline SNVs and small indels in coding exons. I just need the consequence types.,"My supervisor works on horned golden-line barbel, but the samples are common carp huanghe. Our lab just got back germline SNVs and small indels in coding exons. I just need the consequence types."
comm-54,common,common kestrel,falco_tinnunculus,sooty mangabey,The data are from common kestrel. I've got a VCF of somatic point mutations in promoters and enhancers. I want to know which are pathogenic.,The variants were first reported in sooty mangabey; ours are from common kestrel. I've got a VCF of somatic point mutations in promoters and enhancers. I want to know which are pathogenic.
stra-34,strain,common mallard,anas_platyrhynchos_platyrhynchos,carlito syrichta,The samples are from common mallard. I've got a VCF of somatic point mutations in promoters and enhancers. I want to know which are pathogenic.,The variants were first reported in carlito syrichta; ours are from common mallard. I've got a VCF of somatic point mutations in promoters and enhancers. I want to know which are pathogenic.
comm-55,common,common snapping turtle,chelydra_serpentina,ass,The samples are from common snapping turtle. We called inherited structural variants in coding regions. I just need the basic consequences.,"We followed a protocol written for ass, and the samples are common snapping turtle. We called inherited structural variants in coding regions. I just need the basic consequences."
comm-56,common,common wall lizard,podarcis_muralis,eurasian red squirrel,These are common wall lizard samples. We have acquired somatic CNVs in regulatory regions. I want to know which are pathogenic.,Not a eurasian red squirrel study: the samples are common wall lizard. We have acquired somatic CNVs in regulatory regions. I want to know which are pathogenic.
comm-57,common,common wombat,vombatus_ursinus,latimeria chalumnae,The data are from common wombat. I'm working with germline SNVs and small indels in coding exons. I just need the consequence types.,"My supervisor works on latimeria chalumnae, but the samples are common wombat. I'm working with germline SNVs and small indels in coding exons. I just need the consequence types."
comm-58,common,coquerel's sifaka,propithecus_coquereli,ursus americanus,The samples are from coquerel's sifaka. Our lab just got back somatic point mutations in promoters and enhancers. I want to know which are pathogenic.,The variants were first reported in ursus americanus; ours are from coquerel's sifaka. Our lab just got back somatic point mutations in promoters and enhancers. I want to know which are pathogenic.
bino-53,binomial,corvus moneduloides,corvus_moneduloides,scophthalmus maximus,These are corvus moneduloides samples. Our lab just got back germline SNVs and small indels in coding exons. I just need the consequence types.,"My supervisor works on scophthalmus maximus, but the samples are corvus moneduloides. Our lab just got back germline SNVs and small indels in coding exons. I just need the consequence types."
bino-54,binomial,cottoperca gobio,cottoperca_gobio,blunt-snouted clingfish,The data are from cottoperca gobio. I've got a VCF of somatic point mutations in promoters and enhancers. I want to know which are pathogenic.,The variants were first reported in blunt-snouted clingfish; ours are from cottoperca gobio. I've got a VCF of somatic point mutations in promoters and enhancers. I want to know which are pathogenic.
bino-55,binomial,coturnix japonica,coturnix_japonica,panthera leo,The samples are from coturnix japonica. We called inherited structural variants in coding regions. I just need the basic consequences.,"We followed a protocol written for panthera leo, and the samples are coturnix japonica. We called inherited structural variants in coding regions. I just need the basic consequences."
comm-59,common,crab-eating macaque,macaca_fascicularis,mummichog,These are crab-eating macaque samples. I've got a VCF of inherited structural variants in coding regions. I just need the basic consequences.,"We followed a protocol written for mummichog, and the samples are crab-eating macaque. I've got a VCF of inherited structural variants in coding regions. I just need the basic consequences."
stra-35,strain,cricetulus griseus chok1gshd,cricetulus_griseus,mus musculus c57bl6nj,These are cricetulus griseus chok1gshd samples. We called inherited structural variants in coding regions. I just need the basic consequences.,"We followed a protocol written for mus musculus c57bl6nj, and the samples are cricetulus griseus chok1gshd. We called inherited structural variants in coding regions. I just need the basic consequences."
stra-36,strain,cricetulus griseus crigri,cricetulus_griseus,zig-zag eel,The data are from cricetulus griseus crigri. We have acquired somatic CNVs in regulatory regions. I want to know which are pathogenic.,Not a zig-zag eel study: the samples are cricetulus griseus crigri. We have acquired somatic CNVs in regulatory regions. I want to know which are pathogenic.
stra-37,strain,cricetulus griseus picr,cricetulus_griseus,mouse lp/j,The samples are from cricetulus griseus picr. I'm working with germline SNVs and small indels in coding exons. I just need the consequence types.,"My supervisor works on mouse lp/j, but the samples are cricetulus griseus picr. I'm working with germline SNVs and small indels in coding exons. I just need the consequence types."
bino-56,binomial,crocodylus porosus,crocodylus_porosus,gray short-tailed opossum,These are crocodylus porosus samples. We have acquired somatic CNVs in regulatory regions. I want to know which are pathogenic.,Not a gray short-tailed opossum study: the samples are crocodylus porosus. We have acquired somatic CNVs in regulatory regions. I want to know which are pathogenic.
bino-57,binomial,cyanistes caeruleus,cyanistes_caeruleus,haplochromis burtoni,The data are from cyanistes caeruleus. I'm working with germline SNVs and small indels in coding exons. I just need the consequence types.,"My supervisor works on haplochromis burtoni, but the samples are cyanistes caeruleus. I'm working with germline SNVs and small indels in coding exons. I just need the consequence types."
bino-58,binomial,cyclopterus lumpus,cyclopterus_lumpus,ass,The samples are from cyclopterus lumpus. Our lab just got back somatic point mutations in promoters and enhancers. I want to know which are pathogenic.,The variants were first reported in ass; ours are from cyclopterus lumpus. Our lab just got back somatic point mutations in promoters and enhancers. I want to know which are pathogenic.
bino-59,binomial,cynoglossus semilaevis,cynoglossus_semilaevis,macaca fascicularis,These are cynoglossus semilaevis samples. I've got a VCF of inherited structural variants in coding regions. I just need the basic consequences.,"We followed a protocol written for macaca fascicularis, and the samples are cynoglossus semilaevis. I've got a VCF of inherited structural variants in coding regions. I just need the basic consequences."
bino-60,binomial,cyprinodon variegatus,cyprinodon_variegatus,esox lucius,The data are from cyprinodon variegatus. We called acquired somatic CNVs in regulatory regions. I want to know which are pathogenic.,Not a esox lucius study: the samples are cyprinodon variegatus. We called acquired somatic CNVs in regulatory regions. I want to know which are pathogenic.
stra-38,strain,cyprinus carpio carpio,cyprinus_carpio_carpio,sailfin molly,These are cyprinus carpio carpio samples. Our lab just got back somatic point mutations in promoters and enhancers. I want to know which are pathogenic.,The variants were first reported in sailfin molly; ours are from cyprinus carpio carpio. Our lab just got back somatic point mutations in promoters and enhancers. I want to know which are pathogenic.
stra-39,strain,cyprinus carpio germanmirror,cyprinus_carpio,chacoan peccary,The data are from cyprinus carpio germanmirror. I've got a VCF of inherited structural variants in coding regions. I just need the basic consequences.,"We followed a protocol written for chacoan peccary, and the samples are cyprinus carpio germanmirror. I've got a VCF of inherited structural variants in coding regions. I just need the basic consequences."
stra-40,strain,cyprinus carpio hebaored,cyprinus_carpio,shortfin molly,The samples are from cyprinus carpio hebaored. We called acquired somatic CNVs in regulatory regions. I want to know which are pathogenic.,Not a shortfin molly study: the samples are cyprinus carpio hebaored. We called acquired somatic CNVs in regulatory regions. I want to know which are pathogenic.
stra-41,strain,cyprinus carpio huanghe,cyprinus_carpio,bos taurus,These are cyprinus carpio huanghe samples. We have germline SNVs and small indels in coding exons. I just need the consequence types.,"My supervisor works on bos taurus, but the samples are cyprinus carpio huanghe. We have germline SNVs and small indels in coding exons. I just need the consequence types."
comm-60,common,damara mole rat,fukomys_damarensis,western european hedgehog,The data are from damara mole rat. We called acquired somatic CNVs in regulatory regions. I want to know which are pathogenic.,Not a western european hedgehog study: the samples are damara mole rat. We called acquired somatic CNVs in regulatory regions. I want to know which are pathogenic.
bino-61,binomial,danio rerio,danio_rerio,goat,The samples are from danio rerio. We have germline SNVs and small indels in coding exons. I just need the consequence types.,"My supervisor works on goat, but the samples are danio rerio. We have germline SNVs and small indels in coding exons. I just need the consequence types."
comm-61,common,dark-eyed junco,junco_hyemalis,otolemur garnettii,The samples are from dark-eyed junco. We have germline SNVs and small indels in coding exons. I just need the consequence types.,"My supervisor works on otolemur garnettii, but the samples are dark-eyed junco. We have germline SNVs and small indels in coding exons. I just need the consequence types."
bino-62,binomial,dasypus novemcinctus,dasypus_novemcinctus,jaculus jaculus,These are dasypus novemcinctus samples. I'm working with somatic point mutations in promoters and enhancers. I want to know which are pathogenic.,The variants were first reported in jaculus jaculus; ours are from dasypus novemcinctus. I'm working with somatic point mutations in promoters and enhancers. I want to know which are pathogenic.
comm-62,common,daurian ground squirrel,spermophilus_dauricus,dipodomys ordii,These are daurian ground squirrel samples. I'm working with somatic point mutations in promoters and enhancers. I want to know which are pathogenic.,The variants were first reported in dipodomys ordii; ours are from daurian ground squirrel. I'm working with somatic point mutations in promoters and enhancers. I want to know which are pathogenic.
engl-9,english_word,degu,octodon_degus,ochotona princeps,The data are from a degu. I've got a VCF of germline SNVs and small indels in coding exons. I just need the consequence types.,"My supervisor works on ochotona princeps, but the samples are from a degu. I've got a VCF of germline SNVs and small indels in coding exons. I just need the consequence types."
bino-63,binomial,delphinapterus leucas,delphinapterus_leucas,ma's night monkey,The data are from delphinapterus leucas. Our lab just got back inherited structural variants in coding regions. I just need the basic consequences.,"We followed a protocol written for ma's night monkey, and the samples are delphinapterus leucas. Our lab just got back inherited structural variants in coding regions. I just need the basic consequences."
bino-64,binomial,denticeps clupeoides,denticeps_clupeoides,mouse dba/2j,The samples are from denticeps clupeoides. I've got a VCF of acquired somatic CNVs in regulatory regions. I want to know which are pathogenic.,Not a mouse dba/2j study: the samples are denticeps clupeoides. I've got a VCF of acquired somatic CNVs in regulatory regions. I want to know which are pathogenic.
comm-63,common,denticle herring,denticeps_clupeoides,mus caroli,The data are from denticle herring. Our lab just got back inherited structural variants in coding regions. I just need the basic consequences.,"We followed a protocol written for mus caroli, and the samples are denticle herring. Our lab just got back inherited structural variants in coding regions. I just need the basic consequences."
bino-65,binomial,dicentrarchus labrax,dicentrarchus_labrax,mouse 129s1/svimj,These are dicentrarchus labrax samples. We called germline SNVs and small indels in coding exons. I just need the consequence types.,"My supervisor works on mouse 129s1/svimj, but the samples are dicentrarchus labrax. We called germline SNVs and small indels in coding exons. I just need the consequence types."
engl-10,english_word,dingo,canis_lupus_dingo,propithecus coquereli,The samples are from a dingo. We called somatic point mutations in promoters and enhancers. I want to know which are pathogenic.,The variants were first reported in propithecus coquereli; ours are from a dingo. We called somatic point mutations in promoters and enhancers. I want to know which are pathogenic.
bino-66,binomial,dipodomys ordii,dipodomys_ordii,phasianus colchicus,The data are from dipodomys ordii. We have somatic point mutations in promoters and enhancers. I want to know which are pathogenic.,The variants were first reported in phasianus colchicus; ours are from dipodomys ordii. We have somatic point mutations in promoters and enhancers. I want to know which are pathogenic.
trap-1,trap,dog,canis_lupus_familiaris,damara mole rat,The samples are from a dog. We have germline SNVs and small indels in coding exons. I just need the consequence types.,"My supervisor works on damara mole rat, but the samples are from a dog. We have germline SNVs and small indels in coding exons. I just need the consequence types."
tagg-15,tagged,dog - basenji,canis_lupus_familiaris,monopterus albus,The data are from dog - basenji. We called inherited structural variants in coding regions. I just need the basic consequences.,"We followed a protocol written for monopterus albus, and the samples are dog - basenji. We called inherited structural variants in coding regions. I just need the basic consequences."
tagg-16,tagged,dog - boxer,canis_lupus_familiaris,lynx canadensis,The samples are from dog - boxer. We have acquired somatic CNVs in regulatory regions. I want to know which are pathogenic.,Not a lynx canadensis study: the samples are dog - boxer. We have acquired somatic CNVs in regulatory regions. I want to know which are pathogenic.
tagg-17,tagged,dog - german shepherd,canis_lupus_familiaris,mus musculus c3hhej,These are dog - german shepherd samples. I'm working with germline SNVs and small indels in coding exons. I just need the consequence types.,"My supervisor works on mus musculus c3hhej, but the samples are dog - german shepherd. I'm working with germline SNVs and small indels in coding exons. I just need the consequence types."
tagg-18,tagged,dog - great dane,canis_lupus_familiaris,shrew,The data are from dog - great dane. Our lab just got back somatic point mutations in promoters and enhancers. I want to know which are pathogenic.,The variants were first reported in shrew; ours are from dog - great dane. Our lab just got back somatic point mutations in promoters and enhancers. I want to know which are pathogenic.
engl-11,english_word,dolphin,tursiops_truncatus,swan goose,These samples come from a dolphin. We have inherited structural variants in coding regions. I just need the basic consequences.,"We followed a protocol written for swan goose, and the samples are from a dolphin. We have inherited structural variants in coding regions. I just need the basic consequences."
comm-64,common,domestic cat,felis_catus,laticauda laticaudata,The samples are from domestic cat. I've got a VCF of acquired somatic CNVs in regulatory regions. I want to know which are pathogenic.,Not a laticauda laticaudata study: the samples are domestic cat. I've got a VCF of acquired somatic CNVs in regulatory regions. I want to know which are pathogenic.
stra-42,strain,domestic cattle,bos_taurus,lion,The data are from domestic cattle. I'm working with somatic point mutations in promoters and enhancers. I want to know which are pathogenic.,The variants were first reported in lion; ours are from domestic cattle. I'm working with somatic point mutations in promoters and enhancers. I want to know which are pathogenic.
stra-43,strain,domestic ferret,mustela_putorius_furo,gouldian finch,The samples are from domestic ferret. Our lab just got back inherited structural variants in coding regions. I just need the basic consequences.,"We followed a protocol written for gouldian finch, and the samples are domestic ferret. Our lab just got back inherited structural variants in coding regions. I just need the basic consequences."
comm-65,common,domestic guinea pig,cavia_porcellus,sumatran orangutan,These are domestic guinea pig samples. We called germline SNVs and small indels in coding exons. I just need the consequence types.,"My supervisor works on sumatran orangutan, but the samples are domestic guinea pig. We called germline SNVs and small indels in coding exons. I just need the consequence types."
stra-44,strain,domestic pig,sus_scrofa,sheep,These are domestic pig samples. I've got a VCF of acquired somatic CNVs in regulatory regions. I want to know which are pathogenic.,Not a sheep study: the samples are domestic pig. I've got a VCF of acquired somatic CNVs in regulatory regions. I want to know which are pathogenic.
comm-66,common,domestic yak,bos_grunniens,mus musculus nzohlltj,The data are from domestic yak. We have somatic point mutations in promoters and enhancers. I want to know which are pathogenic.,The variants were first reported in mus musculus nzohlltj; ours are from domestic yak. We have somatic point mutations in promoters and enhancers. I want to know which are pathogenic.
engl-12,english_word,donkey,equus_asinus,european seabass,The data are from a donkey. I'm working with acquired somatic CNVs in regulatory regions. I want to know which are pathogenic.,Not a european seabass study: the samples are from a donkey. I'm working with acquired somatic CNVs in regulatory regions. I want to know which are pathogenic.
tagg-19,tagged,donkey (equass-t2t_v2),equus_asinus,panthera leo,The samples are from donkey (equass-t2t_v2). I've got a VCF of inherited structural variants in coding regions. I just need the basic consequences.,"We followed a protocol written for panthera leo, and the samples are donkey (equass-t2t_v2). I've got a VCF of inherited structural variants in coding regions. I just need the basic consequences."
trap-2,trap,drill,mandrillus_leucophaeus,suricata suricatta,These samples come from a drill. I'm working with somatic point mutations in promoters and enhancers. I want to know which are pathogenic.,The variants were first reported in suricata suricatta; ours are from a drill. I'm working with somatic point mutations in promoters and enhancers. I want to know which are pathogenic.
bino-67,binomial,dromaius novaehollandiae,dromaius_novaehollandiae,large flying fox,The samples are from dromaius novaehollandiae. I'm working with inherited structural variants in coding regions. I just need the basic consequences.,"We followed a protocol written for large flying fox, and the samples are dromaius novaehollandiae. I'm working with inherited structural variants in coding regions. I just need the basic consequences."
trap-3,trap,duck,anas_platyrhynchos_platyrhynchos,loxodonta africana,The data are from a duck. Our lab just got back inherited structural variants in coding regions. I just need the basic consequences.,"We followed a protocol written for loxodonta africana, and the samples are from a duck. Our lab just got back inherited structural variants in coding regions. I just need the basic consequences."
comm-67,common,eastern brown snake,pseudonaja_textilis,gasterosteus aculeatus,The samples are from eastern brown snake. I'm working with inherited structural variants in coding regions. I just need the basic consequences.,"We followed a protocol written for gasterosteus aculeatus, and the samples are eastern brown snake. I'm working with inherited structural variants in coding regions. I just need the basic consequences."
comm-68,common,eastern buzzard,buteo_japonicus,betta splendens,These are eastern buzzard samples. Our lab just got back acquired somatic CNVs in regulatory regions. I want to know which are pathogenic.,Not a betta splendens study: the samples are eastern buzzard. Our lab just got back acquired somatic CNVs in regulatory regions. I want to know which are pathogenic.
stra-45,strain,eastern european house mouse,mus_musculus_pwkphj,rattus norvegicus shrutx,The data are from eastern european house mouse. We called germline SNVs and small indels in coding exons. I just need the consequence types.,"My supervisor works on rattus norvegicus shrutx, but the samples are eastern european house mouse. We called germline SNVs and small indels in coding exons. I just need the consequence types."
comm-69,common,eastern happy,astatotilapia_calliptera,armadillo,The data are from eastern happy. I've got a VCF of germline SNVs and small indels in coding exons. I just need the consequence types.,"My supervisor works on armadillo, but the samples are eastern happy. I've got a VCF of germline SNVs and small indels in coding exons. I just need the consequence types."
comm-70,common,eastern spot-billed duck,anas_zonorhyncha,phocoena sinus,The samples are from eastern spot-billed duck. We called somatic point mutations in promoters and enhancers. I want to know which are pathogenic.,The variants were first reported in phocoena sinus; ours are from eastern spot-billed duck. We called somatic point mutations in promoters and enhancers. I want to know which are pathogenic.
bino-68,binomial,echeneis naucrates,echeneis_naucrates,tongue sole,These are echeneis naucrates samples. Our lab just got back acquired somatic CNVs in regulatory regions. I want to know which are pathogenic.,Not a tongue sole study: the samples are echeneis naucrates. Our lab just got back acquired somatic CNVs in regulatory regions. I want to know which are pathogenic.
bino-69,binomial,echinops telfairi,echinops_telfairi,mouse akr/j,The data are from echinops telfairi. I've got a VCF of germline SNVs and small indels in coding exons. I just need the consequence types.,"My supervisor works on mouse akr/j, but the samples are echinops telfairi. I've got a VCF of germline SNVs and small indels in coding exons. I just need the consequence types."
comm-71,common,electric eel,electrophorus_electricus,oncorhynchus kisutch,These are electric eel samples. We have inherited structural variants in coding regions. I just need the basic consequences.,"We followed a protocol written for oncorhynchus kisutch, and the samples are electric eel. We have inherited structural variants in coding regions. I just need the basic consequences."
bino-70,binomial,electrophorus electricus,electrophorus_electricus,pig usmarc,The samples are from electrophorus electricus. We called somatic point mutations in promoters and enhancers. I want to know which are pathogenic.,The variants were first reported in pig usmarc; ours are from electrophorus electricus. We called somatic point mutations in promoters and enhancers. I want to know which are pathogenic.
engl-13,english_word,elephant,loxodonta_africana,crocodylus porosus,The samples are from an elephant. Our lab just got back germline SNVs and small indels in coding exons. I just need the consequence types.,"My supervisor works on crocodylus porosus, but the samples are from an elephant. Our lab just got back germline SNVs and small indels in coding exons. I just need the consequence types."
comm-72,common,elephant shark,callorhinchus_milii,mus pahari,The data are from elephant shark. I'm working with acquired somatic CNVs in regulatory regions. I want to know which are pathogenic.,Not a mus pahari study: the samples are elephant shark. I'm working with acquired somatic CNVs in regulatory regions. I want to know which are pathogenic.
engl-14,english_word,emu,dromaius_novaehollandiae,domestic pig,These samples come from an emu. I've got a VCF of somatic point mutations in promoters and enhancers. I want to know which are pathogenic.,The variants were first reported in domestic pig; ours are from an emu. I've got a VCF of somatic point mutations in promoters and enhancers. I want to know which are pathogenic.
bino-71,binomial,eptatretus burgeri,eptatretus_burgeri,common wombat,These are eptatretus burgeri samples. We have inherited structural variants in coding regions. I just need the basic consequences.,"We followed a protocol written for common wombat, and the samples are eptatretus burgeri. We have inherited structural variants in coding regions. I just need the basic consequences."
bino-72,binomial,equus asinus,equus_asinus,mouse,The data are from equus asinus. I'm working with acquired somatic CNVs in regulatory regions. I want to know which are pathogenic.,Not a mouse study: the samples are equus asinus. I'm working with acquired somatic CNVs in regulatory regions. I want to know which are pathogenic.
tagg-20,tagged,equus asinus gca041296235v2,equus_asinus,electric eel,These are equus asinus gca041296235v2 samples. We called acquired somatic CNVs in regulatory regions. I want to know which are pathogenic.,Not a electric eel study: the samples are equus asinus gca041296235v2. We called acquired somatic CNVs in regulatory regions. I want to know which are pathogenic.
bino-73,binomial,equus caballus,equus_caballus,catagonus wagneri,The samples are from equus caballus. Our lab just got back germline SNVs and small indels in coding exons. I just need the consequence types.,"My supervisor works on catagonus wagneri, but the samples are equus caballus. Our lab just got back germline SNVs and small indels in coding exons. I just need the consequence types."
bino-74,binomial,erinaceus europaeus,erinaceus_europaeus,spoon-billed sandpiper,These are erinaceus europaeus samples. I've got a VCF of somatic point mutations in promoters and enhancers. I want to know which are pathogenic.,The variants were first reported in spoon-billed sandpiper; ours are from erinaceus europaeus. I've got a VCF of somatic point mutations in promoters and enhancers. I want to know which are pathogenic.
bino-75,binomial,erpetoichthys calabaricus,erpetoichthys_calabaricus,ictidomys tridecemlineatus,The data are from erpetoichthys calabaricus. We called inherited structural variants in coding regions. I just need the basic consequences.,"We followed a protocol written for ictidomys tridecemlineatus, and the samples are erpetoichthys calabaricus. We called inherited structural variants in coding regions. I just need the basic consequences."
bino-76,binomial,erythrura gouldiae,erythrura_gouldiae,southern platyfish,The samples are from erythrura gouldiae. We have acquired somatic CNVs in regulatory regions. I want to know which are pathogenic.,Not a southern platyfish study: the samples are erythrura gouldiae. We have acquired somatic CNVs in regulatory regions. I want to know which are pathogenic.
bino-77,binomial,esox lucius,esox_lucius,taeniopygia guttata,These are esox lucius samples. I'm working with germline SNVs and small indels in coding exons. I just need the consequence types.,"My supervisor works on taeniopygia guttata, but the samples are esox lucius. I'm working with germline SNVs and small indels in coding exons. I just need the consequence types."
comm-73,common,eurasian eagle-owl,bubo_bubo,vulpes vulpes,The samples are from eurasian eagle-owl. Our lab just got back germline SNVs and small indels in coding exons. I just need the consequence types.,"My supervisor works on vulpes vulpes, but the samples are eurasian eagle-owl. Our lab just got back germline SNVs and small indels in coding exons. I just need the consequence types."
comm-74,common,eurasian red squirrel,sciurus_vulgaris,neogobius melanostomus,These are eurasian red squirrel samples. I've got a VCF of somatic point mutations in promoters and enhancers. I want to know which are pathogenic.,The variants were first reported in neogobius melanostomus; ours are from eurasian red squirrel. I've got a VCF of somatic point mutations in promoters and enhancers. I want to know which are pathogenic.
comm-75,common,eurasian sparrowhawk,accipiter_nisus,mouse pwk/phj,The data are from eurasian sparrowhawk. We called inherited structural variants in coding regions. I just need the basic consequences.,"We followed a protocol written for mouse pwk/phj, and the samples are eurasian sparrowhawk. We called inherited structural variants in coding regions. I just need the basic consequences."
comm-76,common,european seabass,dicentrarchus_labrax,sus scrofa tibetan,The samples are from european seabass. We have acquired somatic CNVs in regulatory regions. I want to know which are pathogenic.,Not a sus scrofa tibetan study: the samples are european seabass. We have acquired somatic CNVs in regulatory regions. I want to know which are pathogenic.
comm-77,common,european shrew,sorex_araneus,chinese hamster,These are european shrew samples. I'm working with germline SNVs and small indels in coding exons. I just need the consequence types.,"My supervisor works on chinese hamster, but the samples are european shrew. I'm working with germline SNVs and small indels in coding exons. I just need the consequence types."
bino-78,binomial,falco tinnunculus,falco_tinnunculus,gopherus evgoodei,The data are from falco tinnunculus. Our lab just got back somatic point mutations in promoters and enhancers. I want to know which are pathogenic.,The variants were first reported in gopherus evgoodei; ours are from falco tinnunculus. Our lab just got back somatic point mutations in promoters and enhancers. I want to know which are pathogenic.
bino-79,binomial,felis catus,felis_catus,numida meleagris,The samples are from felis catus. I've got a VCF of inherited structural variants in coding regions. I just need the basic consequences.,"We followed a protocol written for numida meleagris, and the samples are felis catus. I've got a VCF of inherited structural variants in coding regions. I just need the basic consequences."
stra-46,strain,felis catus abyssinian,felis_catus,rhinolophus ferrumequinum,The samples are from felis catus abyssinian. We have somatic point mutations in promoters and enhancers. I want to know which are pathogenic.,The variants were first reported in rhinolophus ferrumequinum; ours are from felis catus abyssinian. We have somatic point mutations in promoters and enhancers. I want to know which are pathogenic.
engl-15,english_word,ferret,mustela_putorius_furo,squirrel,The data are from a ferret. We called inherited structural variants in coding regions. I just need the basic consequences.,"We followed a protocol written for squirrel, and the samples are from a ferret. We called inherited structural variants in coding regions. I just need the basic consequences."
bino-80,binomial,ficedula albicollis,ficedula_albicollis,junco hyemalis,These are ficedula albicollis samples. We called acquired somatic CNVs in regulatory regions. I want to know which are pathogenic.,Not a junco hyemalis study: the samples are ficedula albicollis. We called acquired somatic CNVs in regulatory regions. I want to know which are pathogenic.
engl-16,english_word,fugu,takifugu_rubripes,mouse a/j,The samples are from a fugu. We have acquired somatic CNVs in regulatory regions. I want to know which are pathogenic.,Not a mouse a/j study: the samples are from a fugu. We have acquired somatic CNVs in regulatory regions. I want to know which are pathogenic.
bino-81,binomial,fukomys damarensis,fukomys_damarensis,pogona vitticeps,The data are from fukomys damarensis. We have germline SNVs and small indels in coding exons. I just need the consequence types.,"My supervisor works on pogona vitticeps, but the samples are fukomys damarensis. We have germline SNVs and small indels in coding exons. I just need the consequence types."
bino-82,binomial,fundulus heteroclitus,fundulus_heteroclitus,crocodylus porosus,The samples are from fundulus heteroclitus. I'm working with somatic point mutations in promoters and enhancers. I want to know which are pathogenic.,The variants were first reported in crocodylus porosus; ours are from fundulus heteroclitus. I'm working with somatic point mutations in promoters and enhancers. I want to know which are pathogenic.
bino-83,binomial,gadus morhua,gadus_morhua,denticeps clupeoides,These are gadus morhua samples. Our lab just got back inherited structural variants in coding regions. I just need the basic consequences.,"We followed a protocol written for denticeps clupeoides, and the samples are gadus morhua. Our lab just got back inherited structural variants in coding regions. I just need the basic consequences."
tagg-21,tagged,gadus morhua (celtic sea) - gca_010882105.1,gadus_morhua,ornithorhynchus anatinus,The data are from gadus morhua (celtic sea) - gca_010882105.1. We have germline SNVs and small indels in coding exons. I just need the consequence types.,"My supervisor works on ornithorhynchus anatinus, but the samples are gadus morhua (celtic sea) - gca_010882105.1. We have germline SNVs and small indels in coding exons. I just need the consequence types."
tagg-22,tagged,gadus morhua gca010882105v1,gadus_morhua,pavo cristatus,The samples are from gadus morhua gca010882105v1. I'm working with somatic point mutations in promoters and enhancers. I want to know which are pathogenic.,The variants were first reported in pavo cristatus; ours are from gadus morhua gca010882105v1. I'm working with somatic point mutations in promoters and enhancers. I want to know which are pathogenic.
bino-84,binomial,gallus gallus,gallus_gallus,capra hircus blackbengal,The data are from gallus gallus. I've got a VCF of acquired somatic CNVs in regulatory regions. I want to know which are pathogenic.,Not a capra hircus blackbengal study: the samples are gallus gallus. I've got a VCF of acquired somatic CNVs in regulatory regions. I want to know which are pathogenic.
tagg-23,tagged,gallus gallus gca000002315v5,gallus_gallus,apteryx rowi,These are gallus gallus gca000002315v5 samples. Our lab just got back inherited structural variants in coding regions. I just need the basic consequences.,"We followed a protocol written for apteryx rowi, and the samples are gallus gallus gca000002315v5. Our lab just got back inherited structural variants in coding regions. I just need the basic consequences."
tagg-24,tagged,gallus gallus gca016700215v2,gallus_gallus,vicugna pacos,The data are from gallus gallus gca016700215v2. I've got a VCF of acquired somatic CNVs in regulatory regions. I want to know which are pathogenic.,Not a vicugna pacos study: the samples are gallus gallus gca016700215v2. I've got a VCF of acquired somatic CNVs in regulatory regions. I want to know which are pathogenic.
bino-85,binomial,gambusia affinis,gambusia_affinis,chlorocebus sabaeus,The samples are from gambusia affinis. We called germline SNVs and small indels in coding exons. I just need the consequence types.,"My supervisor works on chlorocebus sabaeus, but the samples are gambusia affinis. We called germline SNVs and small indels in coding exons. I just need the consequence types."
bino-86,binomial,gasterosteus aculeatus,gasterosteus_aculeatus,pygocentrus nattereri,These are gasterosteus aculeatus samples. We have somatic point mutations in promoters and enhancers. I want to know which are pathogenic.,The variants were first reported in pygocentrus nattereri; ours are from gasterosteus aculeatus. We have somatic point mutations in promoters and enhancers. I want to know which are pathogenic.
tagg-25,tagged,gasterosteus aculeatus gca006229185v1,gasterosteus_aculeatus,domestic guinea pig,The samples are from gasterosteus aculeatus gca006229185v1. We called germline SNVs and small indels in coding exons. I just need the consequence types.,"My supervisor works on domestic guinea pig, but the samples are gasterosteus aculeatus gca006229185v1. We called germline SNVs and small indels in coding exons. I just need the consequence types."
tagg-26,tagged,gasterosteus aculeatus gca006232265v1,gasterosteus_aculeatus,chacoan peccary,These are gasterosteus aculeatus gca006232265v1 samples. We have somatic point mutations in promoters and enhancers. I want to know which are pathogenic.,The variants were first reported in chacoan peccary; ours are from gasterosteus aculeatus gca006232265v1. We have somatic point mutations in promoters and enhancers. I want to know which are pathogenic.
tagg-27,tagged,gasterosteus aculeatus gca006232285v1,gasterosteus_aculeatus,pygocentrus nattereri,The data are from gasterosteus aculeatus gca006232285v1. I'm working with inherited structural variants in coding regions. I just need the basic consequences.,"We followed a protocol written for pygocentrus nattereri, and the samples are gasterosteus aculeatus gca006232285v1. I'm working with inherited structural variants in coding regions. I just need the basic consequences."
engl-17,english_word,gelada,theropithecus_gelada,daurian ground squirrel,These samples come from a gelada. I'm working with germline SNVs and small indels in coding exons. I just need the consequence types.,"My supervisor works on daurian ground squirrel, but the samples are from a gelada. I'm working with germline SNVs and small indels in coding exons. I just need the consequence types."
bino-87,binomial,geospiza fortis,geospiza_fortis,bottlenosed dolphin,The data are from geospiza fortis. I'm working with inherited structural variants in coding regions. I just need the basic consequences.,"We followed a protocol written for bottlenosed dolphin, and the samples are geospiza fortis. I'm working with inherited structural variants in coding regions. I just need the basic consequences."
comm-78,common,giant panda,ailuropoda_melanoleuca,blue-crowned manakin,The data are from giant panda. Our lab just got back somatic point mutations in promoters and enhancers. I want to know which are pathogenic.,The variants were first reported in blue-crowned manakin; ours are from giant panda. Our lab just got back somatic point mutations in promoters and enhancers. I want to know which are pathogenic.
engl-18,english_word,gibbon,nomascus_leucogenys,sus scrofa rongchang,The data are from a gibbon. Our lab just got back somatic point mutations in promoters and enhancers. I want to know which are pathogenic.,The variants were first reported in sus scrofa rongchang; ours are from a gibbon. Our lab just got back somatic point mutations in promoters and enhancers. I want to know which are pathogenic.
comm-79,common,gilthead seabream,sparus_aurata,mus musculus,The samples are from gilthead seabream. I've got a VCF of inherited structural variants in coding regions. I just need the basic consequences.,"We followed a protocol written for mus musculus, and the samples are gilthead seabream. I've got a VCF of inherited structural variants in coding regions. I just need the basic consequences."
engl-19,english_word,goat,capra_hircus,blind barbel,The samples are from a goat. I've got a VCF of inherited structural variants in coding regions. I just need the basic consequences.,"We followed a protocol written for blind barbel, and the samples are from a goat. I've got a VCF of inherited structural variants in coding regions. I just need the basic consequences."
tagg-28,tagged,goat (black bengal),capra_hircus,western mosquitofish,The samples are from goat (black bengal). Our lab just got back acquired somatic CNVs in regulatory regions. I want to know which are pathogenic.,Not a western mosquitofish study: the samples are goat (black bengal). Our lab just got back acquired somatic CNVs in regulatory regions. I want to know which are pathogenic.
tagg-29,tagged,goat - saanen dairy,capra_hircus,panthera tigris altaica,These are goat - saanen dairy samples. I've got a VCF of germline SNVs and small indels in coding exons. I just need the consequence types.,"My supervisor works on panthera tigris altaica, but the samples are goat - saanen dairy. I've got a VCF of germline SNVs and small indels in coding exons. I just need the consequence types."
tagg-30,tagged,goat - xinong saanen dairy,capra_hircus,burrowing owl,The data are from goat - xinong saanen dairy. We called somatic point mutations in promoters and enhancers. I want to know which are pathogenic.,The variants were first reported in burrowing owl; ours are from goat - xinong saanen dairy. We called somatic point mutations in promoters and enhancers. I want to know which are pathogenic.
stra-47,strain,golden eagle,aquila_chrysaetos_chrysaetos,great tit,These are golden eagle samples. I'm working with inherited structural variants in coding regions. I just need the basic consequences.,"We followed a protocol written for great tit, and the samples are golden eagle. I'm working with inherited structural variants in coding regions. I just need the basic consequences."
comm-80,common,golden hamster,mesocricetus_auratus,agassiz's desert tortoise,These are golden hamster samples. We called acquired somatic CNVs in regulatory regions. I want to know which are pathogenic.,Not a agassiz's desert tortoise study: the samples are golden hamster. We called acquired somatic CNVs in regulatory regions. I want to know which are pathogenic.
comm-81,common,golden pheasant,chrysolophus_pictus,pig usmarc,The data are from golden pheasant. We have germline SNVs and small indels in coding exons. I just need the consequence types.,"My supervisor works on pig usmarc, but the samples are golden pheasant. We have germline SNVs and small indels in coding exons. I just need the consequence types."
comm-82,common,golden snub-nosed monkey,rhinopithecus_roxellana,chelonoidis abingdonii,The samples are from golden snub-nosed monkey. I'm working with somatic point mutations in promoters and enhancers. I want to know which are pathogenic.,The variants were first reported in chelonoidis abingdonii; ours are from golden snub-nosed monkey. I'm working with somatic point mutations in promoters and enhancers. I want to know which are pathogenic.
comm-83,common,golden-collared manakin,manacus_vitellinus,chilean tinamou,These are golden-collared manakin samples. Our lab just got back inherited structural variants in coding regions. I just need the basic consequences.,"We followed a protocol written for chilean tinamou, and the samples are golden-collared manakin. Our lab just got back inherited structural variants in coding regions. I just need the basic consequences."
comm-84,common,golden-line barbel,sinocyclocheilus_grahami,clown anemonefish,The data are from golden-line barbel. I've got a VCF of acquired somatic CNVs in regulatory regions. I want to know which are pathogenic.,Not a clown anemonefish study: the samples are golden-line barbel. I've got a VCF of acquired somatic CNVs in regulatory regions. I want to know which are pathogenic.
engl-20,english_word,goldfish,carassius_auratus,chinese hamster picr,These samples come from a goldfish. We called acquired somatic CNVs in regulatory regions. I want to know which are pathogenic.,Not a chinese hamster picr study: the samples are from a goldfish. We called acquired somatic CNVs in regulatory regions. I want to know which are pathogenic.
comm-85,common,goodes thornscrub tortoise,gopherus_evgoodei,canada lynx,The samples are from goodes thornscrub tortoise. We called germline SNVs and small indels in coding exons. I just need the consequence types.,"My supervisor works on canada lynx, but the samples are goodes thornscrub tortoise. We called germline SNVs and small indels in coding exons. I just need the consequence types."
bino-88,binomial,gopherus agassizii,gopherus_agassizii,sus scrofa tibetan,The samples are from gopherus agassizii. Our lab just got back acquired somatic CNVs in regulatory regions. I want to know which are pathogenic.,Not a sus scrofa tibetan study: the samples are gopherus agassizii. Our lab just got back acquired somatic CNVs in regulatory regions. I want to know which are pathogenic.
bino-89,binomial,gopherus evgoodei,gopherus_evgoodei,gasterosteus aculeatus,These are gopherus evgoodei samples. I've got a VCF of germline SNVs and small indels in coding exons. I just need the consequence types.,"My supervisor works on gasterosteus aculeatus, but the samples are gopherus evgoodei. I've got a VCF of germline SNVs and small indels in coding exons. I just need the consequence types."
engl-21,english_word,gorilla,gorilla_gorilla,bos taurus tuli,The data are from a gorilla. We have germline SNVs and small indels in coding exons. I just need the consequence types.,"My supervisor works on bos taurus tuli, but the samples are from a gorilla. We have germline SNVs and small indels in coding exons. I just need the consequence types."
bino-90,binomial,gorilla gorilla,gorilla_gorilla,dipodomys ordii,The data are from gorilla gorilla. We called somatic point mutations in promoters and enhancers. I want to know which are pathogenic.,The variants were first reported in dipodomys ordii; ours are from gorilla gorilla. We called somatic point mutations in promoters and enhancers. I want to know which are pathogenic.
bino-91,binomial,gouania willdenowi,gouania_willdenowi,bushbaby,The samples are from gouania willdenowi. We have inherited structural variants in coding regions. I just need the basic consequences.,"We followed a protocol written for bushbaby, and the samples are gouania willdenowi. We have inherited structural variants in coding regions. I just need the basic consequences."
comm-86,common,gouldian finch,erythrura_gouldiae,echeneis naucrates,These are gouldian finch samples. We have somatic point mutations in promoters and enhancers. I want to know which are pathogenic.,The variants were first reported in echeneis naucrates; ours are from gouldian finch. We have somatic point mutations in promoters and enhancers. I want to know which are pathogenic.
comm-87,common,gray mouse lemur,microcebus_murinus,macaca fascicularis,The data are from gray mouse lemur. I'm working with inherited structural variants in coding regions. I just need the basic consequences.,"We followed a protocol written for macaca fascicularis, and the samples are gray mouse lemur. I'm working with inherited structural variants in coding regions. I just need the basic consequences."
comm-88,common,gray short-tailed opossum,monodelphis_domestica,coho salmon,The samples are from gray short-tailed opossum. Our lab just got back acquired somatic CNVs in regulatory regions. I want to know which are pathogenic.,Not a coho salmon study: the samples are gray short-tailed opossum. Our lab just got back acquired somatic CNVs in regulatory regions. I want to know which are pathogenic.
comm-89,common,great spotted kiwi,apteryx_haastii,strix occidentalis caurina,These are great spotted kiwi samples. I've got a VCF of germline SNVs and small indels in coding exons. I just need the consequence types.,"My supervisor works on strix occidentalis caurina, but the samples are great spotted kiwi. I've got a VCF of germline SNVs and small indels in coding exons. I just need the consequence types."
comm-90,common,great tit,parus_major,mainland tiger snake,The data are from great tit. We called somatic point mutations in promoters and enhancers. I want to know which are pathogenic.,The variants were first reported in mainland tiger snake; ours are from great tit. We called somatic point mutations in promoters and enhancers. I want to know which are pathogenic.
comm-91,common,greater amberjack,seriola_dumerili,european seabass,The samples are from greater amberjack. We have inherited structural variants in coding regions. I just need the basic consequences.,"We followed a protocol written for european seabass, and the samples are greater amberjack. We have inherited structural variants in coding regions. I just need the basic consequences."
comm-92,common,greater bamboo lemur,prolemur_simus,microbat,These are greater bamboo lemur samples. I'm working with acquired somatic CNVs in regulatory regions. I want to know which are pathogenic.,Not a microbat study: the samples are greater bamboo lemur. I'm working with acquired somatic CNVs in regulatory regions. I want to know which are pathogenic.
comm-93,common,greater horseshoe bat,rhinolophus_ferrumequinum,elephant shark,The data are from greater horseshoe bat. Our lab just got back germline SNVs and small indels in coding exons. I just need the consequence types.,"My supervisor works on elephant shark, but the samples are greater horseshoe bat. Our lab just got back germline SNVs and small indels in coding exons. I just need the consequence types."
comm-94,common,green anole,anolis_carolinensis,chrysemys picta bellii,The samples are from green anole. I've got a VCF of somatic point mutations in promoters and enhancers. I want to know which are pathogenic.,The variants were first reported in chrysemys picta bellii; ours are from green anole. I've got a VCF of somatic point mutations in promoters and enhancers. I want to know which are pathogenic.
trap-4,trap,guinea pig,cavia_porcellus,monodon monoceros,The samples are from guinea pig. I've got a VCF of acquired somatic CNVs in regulatory regions. I want to know which are pathogenic.,Not a monodon monoceros study: the samples are guinea pig. I've got a VCF of acquired somatic CNVs in regulatory regions. I want to know which are pathogenic.
engl-22,english_word,guppy,poecilia_reticulata,drill,The samples are from a guppy. I'm working with somatic point mutations in promoters and enhancers. I want to know which are pathogenic.,The variants were first reported in drill; ours are from a guppy. I'm working with somatic point mutations in promoters and enhancers. I want to know which are pathogenic.
engl-23,english_word,hagfish,eptatretus_burgeri,poecilia formosa,These samples come from a hagfish. Our lab just got back inherited structural variants in coding regions. I just need the basic consequences.,"We followed a protocol written for poecilia formosa, and the samples are from a hagfish. Our lab just got back inherited structural variants in coding regions. I just need the basic consequences."
bino-92,binomial,haplochromis burtoni,haplochromis_burtoni,canada lynx,These are haplochromis burtoni samples. I'm working with acquired somatic CNVs in regulatory regions. I want to know which are pathogenic.,Not a canada lynx study: the samples are haplochromis burtoni. I'm working with acquired somatic CNVs in regulatory regions. I want to know which are pathogenic.
trap-5,trap,hedgehog,erinaceus_europaeus,pogona vitticeps,These samples come from a hedgehog. We called germline SNVs and small indels in coding exons. I just need the consequence types.,"My supervisor works on pogona vitticeps, but the samples are from a hedgehog. We called germline SNVs and small indels in coding exons. I just need the consequence types."
comm-95,common,helmeted guineafowl,numida_meleagris,lepidothrix coronata,These are helmeted guineafowl samples. We called inherited structural variants in coding regions. I just need the basic consequences.,"We followed a protocol written for lepidothrix coronata, and the samples are helmeted guineafowl. We called inherited structural variants in coding regions. I just need the basic consequences."
stra-48,strain,heterocephalus glaber female,heterocephalus_glaber,scophthalmus maximus,The data are from heterocephalus glaber female. Our lab just got back acquired somatic CNVs in regulatory regions. I want to know which are pathogenic.,Not a scophthalmus maximus study: the samples are heterocephalus glaber female. Our lab just got back acquired somatic CNVs in regulatory regions. I want to know which are pathogenic.
stra-49,strain,heterocephalus glaber male,heterocephalus_glaber,common carp hebao red,The samples are from heterocephalus glaber male. I've got a VCF of germline SNVs and small indels in coding exons. I just need the consequence types.,"My supervisor works on common carp hebao red, but the samples are heterocephalus glaber male. I've got a VCF of germline SNVs and small indels in coding exons. I just need the consequence types."
bino-93,binomial,hippocampus comes,hippocampus_comes,hyrax,The data are from hippocampus comes. Our lab just got back germline SNVs and small indels in coding exons. I just need the consequence types.,"My supervisor works on hyrax, but the samples are hippocampus comes. Our lab just got back germline SNVs and small indels in coding exons. I just need the consequence types."
comm-96,common,hoffmann's two-fingered sloth,choloepus_hoffmanni,canis lupus familiaris,The data are from hoffmann's two-fingered sloth. We have acquired somatic CNVs in regulatory regions. I want to know which are pathogenic.,Not a canis lupus familiaris study: the samples are hoffmann's two-fingered sloth. We have acquired somatic CNVs in regulatory regions. I want to know which are pathogenic.
comm-97,common,horned golden-line barbel,sinocyclocheilus_rhinocerous,sphenodon punctatus,The samples are from horned golden-line barbel. I'm working with germline SNVs and small indels in coding exons. I just need the consequence types.,"My supervisor works on sphenodon punctatus, but the samples are horned golden-line barbel. I'm working with germline SNVs and small indels in coding exons. I just need the consequence types."
engl-24,english_word,horse,equus_caballus,elephant,The data are from a horse. I've got a VCF of acquired somatic CNVs in regulatory regions. I want to know which are pathogenic.,Not a elephant study: the samples are from a horse. I've got a VCF of acquired somatic CNVs in regulatory regions. I want to know which are pathogenic.
stra-50,strain,house mouse,mus_musculus,dingo,These are house mouse samples. We called somatic point mutations in promoters and enhancers. I want to know which are pathogenic.,The variants were first reported in dingo; ours are from house mouse. We called somatic point mutations in promoters and enhancers. I want to know which are pathogenic.
engl-25,english_word,huchen,hucho_hucho,sus scrofa jinhua,The samples are from a huchen. We called germline SNVs and small indels in coding exons. I just need the consequence types.,"My supervisor works on sus scrofa jinhua, but the samples are from a huchen. We called germline SNVs and small indels in coding exons. I just need the consequence types."
bino-94,binomial,hucho hucho,hucho_hucho,asiatic black bear,The samples are from hucho hucho. I've got a VCF of somatic point mutations in promoters and enhancers. I want to know which are pathogenic.,The variants were first reported in asiatic black bear; ours are from hucho hucho. I've got a VCF of somatic point mutations in promoters and enhancers. I want to know which are pathogenic.
tagg-31,tagged,hybrid - bos indicus,bos_taurus_hybrid,erpetoichthys calabaricus,The samples are from hybrid - bos indicus. We have inherited structural variants in coding regions. I just need the basic consequences.,"We followed a protocol written for erpetoichthys calabaricus, and the samples are hybrid - bos indicus. We have inherited structural variants in coding regions. I just need the basic consequences."
tagg-32,tagged,hybrid - bos taurus,bos_taurus_hybrid,sinocyclocheilus rhinocerous,These are hybrid - bos taurus samples. I'm working with acquired somatic CNVs in regulatory regions. I want to know which are pathogenic.,Not a sinocyclocheilus rhinocerous study: the samples are hybrid - bos taurus. I'm working with acquired somatic CNVs in regulatory regions. I want to know which are pathogenic.
tagg-33,tagged,hybrid cattle,bos_taurus_hybrid,prolemur simus,The data are from hybrid cattle. Our lab just got back germline SNVs and small indels in coding exons. I just need the consequence types.,"My supervisor works on prolemur simus, but the samples are hybrid cattle. Our lab just got back germline SNVs and small indels in coding exons. I just need the consequence types."
engl-26,english_word,hyrax,procavia_capensis,dipodomys ordii,These samples come from a hyrax. We have somatic point mutations in promoters and enhancers. I want to know which are pathogenic.,The variants were first reported in dipodomys ordii; ours are from a hyrax. We have somatic point mutations in promoters and enhancers. I want to know which are pathogenic.
bino-95,binomial,ictalurus punctatus,ictalurus_punctatus,ovis aries texel,These are ictalurus punctatus samples. We called inherited structural variants in coding regions. I just need the basic consequences.,"We followed a protocol written for ovis aries texel, and the samples are ictalurus punctatus. We called inherited structural variants in coding regions. I just need the basic consequences."
bino-96,binomial,ictidomys tridecemlineatus,ictidomys_tridecemlineatus,mus musculus nzohlltj,The data are from ictidomys tridecemlineatus. We have acquired somatic CNVs in regulatory regions. I want to know which are pathogenic.,Not a mus musculus nzohlltj study: the samples are ictidomys tridecemlineatus. We have acquired somatic CNVs in regulatory regions. I want to know which are pathogenic.
comm-98,common,indian cobra,naja_naja,poecilia reticulata,These are indian cobra samples. Our lab just got back somatic point mutations in promoters and enhancers. I want to know which are pathogenic.,The variants were first reported in poecilia reticulata; ours are from indian cobra. Our lab just got back somatic point mutations in promoters and enhancers. I want to know which are pathogenic.
comm-99,common,indian glassy fish,parambassis_ranga,scophthalmus maximus,The data are from indian glassy fish. I've got a VCF of inherited structural variants in coding regions. I just need the basic consequences.,"We followed a protocol written for scophthalmus maximus, and the samples are indian glassy fish. I've got a VCF of inherited structural variants in coding regions. I just need the basic consequences."
comm-100,common,indian medaka,oryzias_melastigma,bicolor damselfish,The samples are from indian medaka. We called acquired somatic CNVs in regulatory regions. I want to know which are pathogenic.,Not a bicolor damselfish study: the samples are indian medaka. We called acquired somatic CNVs in regulatory regions. I want to know which are pathogenic.
comm-101,common,indian peafowl,pavo_cristatus,indian glassy fish,These are indian peafowl samples. We have germline SNVs and small indels in coding exons. I just need the consequence types.,"My supervisor works on indian glassy fish, but the samples are indian peafowl. We have germline SNVs and small indels in coding exons. I just need the consequence types."
comm-102,common,inshore hagfish,eptatretus_burgeri,mouse lp/j,The data are from inshore hagfish. I'm working with somatic point mutations in promoters and enhancers. I want to know which are pathogenic.,The variants were first reported in mouse lp/j; ours are from inshore hagfish. I'm working with somatic point mutations in promoters and enhancers. I want to know which are pathogenic.
bino-97,binomial,jaculus jaculus,jaculus_jaculus,equus caballus,The samples are from jaculus jaculus. I'm working with germline SNVs and small indels in coding exons. I just need the consequence types.,"My supervisor works on equus caballus, but the samples are jaculus jaculus. I'm working with germline SNVs and small indels in coding exons. I just need the consequence types."
comm-103,common,japanese medaka hdrr,oryzias_latipes,small tree finch,The samples are from japanese medaka hdrr. Our lab just got back inherited structural variants in coding regions. I just need the basic consequences.,"We followed a protocol written for small tree finch, and the samples are japanese medaka hdrr. Our lab just got back inherited structural variants in coding regions. I just need the basic consequences."
stra-51,strain,japanese medaka hni,oryzias_latipes,pteropus vampyrus,The data are from japanese medaka hni. We have inherited structural variants in coding regions. I just need the basic consequences.,"We followed a protocol written for pteropus vampyrus, and the samples are japanese medaka hni. We have inherited structural variants in coding regions. I just need the basic consequences."
stra-52,strain,japanese medaka hsok,oryzias_latipes,inshore hagfish,The samples are from japanese medaka hsok. I'm working with acquired somatic CNVs in regulatory regions. I want to know which are pathogenic.,Not a inshore hagfish study: the samples are japanese medaka hsok. I'm working with acquired somatic CNVs in regulatory regions. I want to know which are pathogenic.
comm-104,common,japanese quail,coturnix_japonica,steppe mouse,These are japanese quail samples. I've got a VCF of acquired somatic CNVs in regulatory regions. I want to know which are pathogenic.,Not a steppe mouse study: the samples are japanese quail. I've got a VCF of acquired somatic CNVs in regulatory regions. I want to know which are pathogenic.
stra-53,strain,japanese wild mouse,mus_musculus_molossinusjf1msj,chlorocebus sabaeus,These are japanese wild mouse samples. Our lab just got back germline SNVs and small indels in coding exons. I just need the consequence types.,"My supervisor works on chlorocebus sabaeus, but the samples are japanese wild mouse. Our lab just got back germline SNVs and small indels in coding exons. I just need the consequence types."
comm-105,common,javanese ricefish,oryzias_javanicus,great tit,The data are from javanese ricefish. We called germline SNVs and small indels in coding exons. I just need the consequence types.,"My supervisor works on great tit, but the samples are javanese ricefish. We called germline SNVs and small indels in coding exons. I just need the consequence types."
comm-106,common,jewelled blenny,salarias_fasciatus,japanese medaka hni,The samples are from jewelled blenny. We have somatic point mutations in promoters and enhancers. I want to know which are pathogenic.,The variants were first reported in japanese medaka hni; ours are from jewelled blenny. We have somatic point mutations in promoters and enhancers. I want to know which are pathogenic.
bino-98,binomial,junco hyemalis,junco_hyemalis,hippocampus comes,These are junco hyemalis samples. Our lab just got back somatic point mutations in promoters and enhancers. I want to know which are pathogenic.,The variants were first reported in hippocampus comes; ours are from junco hyemalis. Our lab just got back somatic point mutations in promoters and enhancers. I want to know which are pathogenic.
engl-27,english_word,kakapo,strigops_habroptila,ochotona princeps,The data are from a kakapo. I'm working with inherited structural variants in coding regions. I just need the basic consequences.,"We followed a protocol written for ochotona princeps, and the samples are from a kakapo. I'm working with inherited structural variants in coding regions. I just need the basic consequences."
comm-107,common,kangaroo rat,dipodomys_ordii,hippocampus comes,These are kangaroo rat samples. I'm working with inherited structural variants in coding regions. I just need the basic consequences.,"We followed a protocol written for hippocampus comes, and the samples are kangaroo rat. I'm working with inherited structural variants in coding regions. I just need the basic consequences."
engl-28,english_word,koala,phascolarctos_cinereus,swainson's thrush,The samples are from a koala. Our lab just got back acquired somatic CNVs in regulatory regions. I want to know which are pathogenic.,Not a swainson's thrush study: the samples are from a koala. Our lab just got back acquired somatic CNVs in regulatory regions. I want to know which are pathogenic.
comm-108,common,komodo dragon,varanus_komodoensis,chinese medaka,The data are from komodo dragon. Our lab just got back acquired somatic CNVs in regulatory regions. I want to know which are pathogenic.,Not a chinese medaka study: the samples are komodo dragon. Our lab just got back acquired somatic CNVs in regulatory regions. I want to know which are pathogenic.
bino-99,binomial,kryptolebias marmoratus,kryptolebias_marmoratus,ballan wrasse,The data are from kryptolebias marmoratus. I've got a VCF of inherited structural variants in coding regions. I just need the basic consequences.,"We followed a protocol written for ballan wrasse, and the samples are kryptolebias marmoratus. I've got a VCF of inherited structural variants in coding regions. I just need the basic consequences."
bino-100,binomial,labrus bergylta,labrus_bergylta,capra hircus blackbengal,The samples are from labrus bergylta. We called acquired somatic CNVs in regulatory regions. I want to know which are pathogenic.,Not a capra hircus blackbengal study: the samples are labrus bergylta. We called acquired somatic CNVs in regulatory regions. I want to know which are pathogenic.
engl-29,english_word,lamprey,petromyzon_marinus,salmo salar,These samples come from a lamprey. I've got a VCF of germline SNVs and small indels in coding exons. I just need the consequence types.,"My supervisor works on salmo salar, but the samples are from a lamprey. I've got a VCF of germline SNVs and small indels in coding exons. I just need the consequence types."
comm-109,common,large flying fox,pteropus_vampyrus,domestic ferret,The samples are from large flying fox. I've got a VCF of germline SNVs and small indels in coding exons. I just need the consequence types.,"My supervisor works on domestic ferret, but the samples are large flying fox. I've got a VCF of germline SNVs and small indels in coding exons. I just need the consequence types."
comm-110,common,large yellow croaker,larimichthys_crocea,polar bear,These are large yellow croaker samples. We called somatic point mutations in promoters and enhancers. I want to know which are pathogenic.,The variants were first reported in polar bear; ours are from large yellow croaker. We called somatic point mutations in promoters and enhancers. I want to know which are pathogenic.
bino-101,binomial,larimichthys crocea,larimichthys_crocea,mus musculus akrj,These are larimichthys crocea samples. We have germline SNVs and small indels in coding exons. I just need the consequence types.,"My supervisor works on mus musculus akrj, but the samples are larimichthys crocea. We have germline SNVs and small indels in coding exons. I just need the consequence types."
bino-102,binomial,lates calcarifer,lates_calcarifer,sus scrofa wuzhishan,The data are from lates calcarifer. I'm working with somatic point mutations in promoters and enhancers. I want to know which are pathogenic.,The variants were first reported in sus scrofa wuzhishan; ours are from lates calcarifer. I'm working with somatic point mutations in promoters and enhancers. I want to know which are pathogenic.
bino-103,binomial,laticauda laticaudata,laticauda_laticaudata,physeter catodon,The samples are from laticauda laticaudata. Our lab just got back inherited structural variants in coding regions. I just need the basic consequences.,"We followed a protocol written for physeter catodon, and the samples are laticauda laticaudata. Our lab just got back inherited structural variants in coding regions. I just need the basic consequences."
bino-104,binomial,latimeria chalumnae,latimeria_chalumnae,mouse nzo/hlltj,These are latimeria chalumnae samples. I've got a VCF of acquired somatic CNVs in regulatory regions. I want to know which are pathogenic.,Not a mouse nzo/hlltj study: the samples are latimeria chalumnae. I've got a VCF of acquired somatic CNVs in regulatory regions. I want to know which are pathogenic.
comm-111,common,leishan spiny toad,leptobrachium_leishanense,sea squirt ciona savignyi,The data are from leishan spiny toad. We have inherited structural variants in coding regions. I just need the basic consequences.,"We followed a protocol written for sea squirt ciona savignyi, and the samples are leishan spiny toad. We have inherited structural variants in coding regions. I just need the basic consequences."
engl-30,english_word,leopard,panthera_pardus,anolis carolinensis,The data are from a leopard. We called somatic point mutations in promoters and enhancers. I want to know which are pathogenic.,The variants were first reported in anolis carolinensis; ours are from a leopard. We called somatic point mutations in promoters and enhancers. I want to know which are pathogenic.
bino-105,binomial,lepidothrix coronata,lepidothrix_coronata,african savanna elephant,The data are from lepidothrix coronata. We called germline SNVs and small indels in coding exons. I just need the consequence types.,"My supervisor works on african savanna elephant, but the samples are lepidothrix coronata. We called germline SNVs and small indels in coding exons. I just need the consequence types."
bino-106,binomial,lepisosteus oculatus,lepisosteus_oculatus,anabas testudineus,The samples are from lepisosteus oculatus. We have somatic point mutations in promoters and enhancers. I want to know which are pathogenic.,The variants were first reported in anabas testudineus; ours are from lepisosteus oculatus. We have somatic point mutations in promoters and enhancers. I want to know which are pathogenic.
bino-107,binomial,leptobrachium leishanense,leptobrachium_leishanense,canis lupus familiarisbasenji,These are leptobrachium leishanense samples. I'm working with inherited structural variants in coding regions. I just need the basic consequences.,"We followed a protocol written for canis lupus familiarisbasenji, and the samples are leptobrachium leishanense. I'm working with inherited structural variants in coding regions. I just need the basic consequences."
comm-112,common,lesser egyptian jerboa,jaculus_jaculus,lyretail cichlid,The samples are from lesser egyptian jerboa. I'm working with acquired somatic CNVs in regulatory regions. I want to know which are pathogenic.,Not a lyretail cichlid study: the samples are lesser egyptian jerboa. I'm working with acquired somatic CNVs in regulatory regions. I want to know which are pathogenic.
comm-113,common,lesser hedgehog tenrec,echinops_telfairi,xiphophorus maculatus,These are lesser hedgehog tenrec samples. Our lab just got back germline SNVs and small indels in coding exons. I just need the consequence types.,"My supervisor works on xiphophorus maculatus, but the samples are lesser hedgehog tenrec. Our lab just got back germline SNVs and small indels in coding exons. I just need the consequence types."
engl-31,english_word,lion,panthera_leo,tasmanian devil,The samples are from a lion. We have inherited structural variants in coding regions. I just need the basic consequences.,"We followed a protocol written for tasmanian devil, and the samples are from a lion. We have inherited structural variants in coding regions. I just need the basic consequences."
comm-114,common,little brown bat,myotis_lucifugus,physeter catodon,The data are from little brown bat. I've got a VCF of somatic point mutations in promoters and enhancers. I want to know which are pathogenic.,The variants were first reported in physeter catodon; ours are from little brown bat. I've got a VCF of somatic point mutations in promoters and enhancers. I want to know which are pathogenic.
comm-115,common,little spotted kiwi,apteryx_owenii,australian saltwater crocodile,The samples are from little spotted kiwi. We called inherited structural variants in coding regions. I just need the basic consequences.,"We followed a protocol written for australian saltwater crocodile, and the samples are little spotted kiwi. We called inherited structural variants in coding regions. I just need the basic consequences."
comm-116,common,live sharksucker,echeneis_naucrates,olive baboon,These are live sharksucker samples. We have acquired somatic CNVs in regulatory regions. I want to know which are pathogenic.,Not a olive baboon study: the samples are live sharksucker. We have acquired somatic CNVs in regulatory regions. I want to know which are pathogenic.
stra-54,strain,lonchura striata domestica,lonchura_striata_domestica,large yellow croaker,The data are from lonchura striata domestica. I've got a VCF of somatic point mutations in promoters and enhancers. I want to know which are pathogenic.,The variants were first reported in large yellow croaker; ours are from lonchura striata domestica. I've got a VCF of somatic point mutations in promoters and enhancers. I want to know which are pathogenic.
comm-117,common,long-tailed chinchilla,chinchilla_lanigera,aquila chrysaetos chrysaetos,The data are from long-tailed chinchilla. I'm working with germline SNVs and small indels in coding exons. I just need the consequence types.,"My supervisor works on aquila chrysaetos chrysaetos, but the samples are long-tailed chinchilla. I'm working with germline SNVs and small indels in coding exons. I just need the consequence types."
bino-108,binomial,loxodonta africana,loxodonta_africana,jaculus jaculus,The data are from loxodonta africana. Our lab just got back acquired somatic CNVs in regulatory regions. I want to know which are pathogenic.,Not a jaculus jaculus study: the samples are loxodonta africana. Our lab just got back acquired somatic CNVs in regulatory regions. I want to know which are pathogenic.
engl-32,english_word,lumpfish,cyclopterus_lumpus,papio anubis,These samples come from a lumpfish. I'm working with acquired somatic CNVs in regulatory regions. I want to know which are pathogenic.,Not a papio anubis study: the samples are from a lumpfish. I'm working with acquired somatic CNVs in regulatory regions. I want to know which are pathogenic.
bino-109,binomial,lynx canadensis,lynx_canadensis,siamese fighting fish,The samples are from lynx canadensis. I've got a VCF of germline SNVs and small indels in coding exons. I just need the consequence types.,"My supervisor works on siamese fighting fish, but the samples are lynx canadensis. I've got a VCF of germline SNVs and small indels in coding exons. I just need the consequence types."
comm-118,common,lyretail cichlid,neolamprologus_brichardi,mouse 129s1/svimj,The samples are from lyretail cichlid. Our lab just got back somatic point mutations in promoters and enhancers. I want to know which are pathogenic.,The variants were first reported in mouse 129s1/svimj; ours are from lyretail cichlid. Our lab just got back somatic point mutations in promoters and enhancers. I want to know which are pathogenic.
comm-119,common,ma's night monkey,aotus_nancymaae,european seabass,These are ma's night monkey samples. I've got a VCF of inherited structural variants in coding regions. I just need the basic consequences.,"We followed a protocol written for european seabass, and the samples are ma's night monkey. I've got a VCF of inherited structural variants in coding regions. I just need the basic consequences."
bino-110,binomial,macaca fascicularis,macaca_fascicularis,pelusios castaneus,These are macaca fascicularis samples. We called somatic point mutations in promoters and enhancers. I want to know which are pathogenic.,The variants were first reported in pelusios castaneus; ours are from macaca fascicularis. We called somatic point mutations in promoters and enhancers. I want to know which are pathogenic.
bino-111,binomial,macaca mulatta,macaca_mulatta,domestic yak,The data are from macaca mulatta. We have inherited structural variants in coding regions. I just need the basic consequences.,"We followed a protocol written for domestic yak, and the samples are macaca mulatta. We have inherited structural variants in coding regions. I just need the basic consequences."
bino-112,binomial,macaca nemestrina,macaca_nemestrina,collared flycatcher,The samples are from macaca nemestrina. I'm working with acquired somatic CNVs in regulatory regions. I want to know which are pathogenic.,Not a collared flycatcher study: the samples are macaca nemestrina. I'm working with acquired somatic CNVs in regulatory regions. I want to know which are pathogenic.
engl-33,english_word,macaque,macaca_mulatta,naked mole-rat,The data are from a macaque. Our lab just got back germline SNVs and small indels in coding exons. I just need the consequence types.,"My supervisor works on naked mole-rat, but the samples are from a macaque. Our lab just got back germline SNVs and small indels in coding exons. I just need the consequence types."
comm-120,common,mainland tiger snake,notechis_scutatus,african savanna elephant,The data are from mainland tiger snake. We called acquired somatic CNVs in regulatory regions. I want to know which are pathogenic.,Not a african savanna elephant study: the samples are mainland tiger snake. We called acquired somatic CNVs in regulatory regions. I want to know which are pathogenic.
comm-121,common,makobe island cichlid,pundamilia_nyererei,zosterops lateralis melanops,The samples are from makobe island cichlid. We have germline SNVs and small indels in coding exons. I just need the consequence types.,"My supervisor works on zosterops lateralis melanops, but the samples are makobe island cichlid. We have germline SNVs and small indels in coding exons. I just need the consequence types."
engl-34,english_word,mallard,anas_platyrhynchos,zebra finch,The samples are from a mallard. I've got a VCF of somatic point mutations in promoters and enhancers. I want to know which are pathogenic.,The variants were first reported in zebra finch; ours are from a mallard. I've got a VCF of somatic point mutations in promoters and enhancers. I want to know which are pathogenic.
stra-55,strain,malurus cyaneus samueli,malurus_cyaneus_samueli,macaca mulatta,The samples are from malurus cyaneus samueli. We called inherited structural variants in coding regions. I just need the basic consequences.,"We followed a protocol written for macaca mulatta, and the samples are malurus cyaneus samueli. We called inherited structural variants in coding regions. I just need the basic consequences."
bino-113,binomial,manacus vitellinus,manacus_vitellinus,cercocebus atys,These are manacus vitellinus samples. Our lab just got back germline SNVs and small indels in coding exons. I just need the consequence types.,"My supervisor works on cercocebus atys, but the samples are manacus vitellinus. Our lab just got back germline SNVs and small indels in coding exons. I just need the consequence types."
bino-114,binomial,mandrillus leucophaeus,mandrillus_leucophaeus,chinese softshell turtle,The data are from mandrillus leucophaeus. I've got a VCF of somatic point mutations in promoters and enhancers. I want to know which are pathogenic.,The variants were first reported in chinese softshell turtle; ours are from mandrillus leucophaeus. I've got a VCF of somatic point mutations in promoters and enhancers. I want to know which are pathogenic.
comm-122,common,mangrove rivulus,kryptolebias_marmoratus,eurasian sparrowhawk,These are mangrove rivulus samples. I'm working with somatic point mutations in promoters and enhancers. I want to know which are pathogenic.,The variants were first reported in eurasian sparrowhawk; ours are from mangrove rivulus. I'm working with somatic point mutations in promoters and enhancers. I want to know which are pathogenic.
stra-56,strain,marmota marmota marmota,marmota_marmota_marmota,white-tufted-ear marmoset,These are marmota marmota marmota samples. We have acquired somatic CNVs in regulatory regions. I want to know which are pathogenic.,Not a white-tufted-ear marmoset study: the samples are marmota marmota marmota. We have acquired somatic CNVs in regulatory regions. I want to know which are pathogenic.
bino-115,binomial,mastacembelus armatus,mastacembelus_armatus,gopherus evgoodei,The samples are from mastacembelus armatus. We called inherited structural variants in coding regions. I just need the basic consequences.,"We followed a protocol written for gopherus evgoodei, and the samples are mastacembelus armatus. We called inherited structural variants in coding regions. I just need the basic consequences."
bino-116,binomial,maylandia zebra,maylandia_zebra,chelonoidis abingdonii,These are maylandia zebra samples. We have acquired somatic CNVs in regulatory regions. I want to know which are pathogenic.,Not a chelonoidis abingdonii study: the samples are maylandia zebra. We have acquired somatic CNVs in regulatory regions. I want to know which are pathogenic.
comm-123,common,medium ground-finch,geospiza_fortis,nile tilapia,The data are from medium ground-finch. Our lab just got back inherited structural variants in coding regions. I just need the basic consequences.,"We followed a protocol written for nile tilapia, and the samples are medium ground-finch. Our lab just got back inherited structural variants in coding regions. I just need the basic consequences."
engl-35,english_word,meerkat,suricata_suricatta,atlantic herring,These samples come from a meerkat. We called inherited structural variants in coding regions. I just need the basic consequences.,"We followed a protocol written for atlantic herring, and the samples are from a meerkat. We called inherited structural variants in coding regions. I just need the basic consequences."
comm-124,common,megabat,pteropus_vampyrus,indian medaka,The samples are from a megabat. I've got a VCF of acquired somatic CNVs in regulatory regions. I want to know which are pathogenic.,Not a indian medaka study: the samples are from a megabat. I've got a VCF of acquired somatic CNVs in regulatory regions. I want to know which are pathogenic.
bino-117,binomial,meleagris gallopavo,meleagris_gallopavo,meriones unguiculatus,The data are from meleagris gallopavo. I'm working with germline SNVs and small indels in coding exons. I just need the consequence types.,"My supervisor works on meriones unguiculatus, but the samples are meleagris gallopavo. I'm working with germline SNVs and small indels in coding exons. I just need the consequence types."
bino-118,binomial,melopsittacus undulatus,melopsittacus_undulatus,ursus americanus,The samples are from melopsittacus undulatus. Our lab just got back somatic point mutations in promoters and enhancers. I want to know which are pathogenic.,The variants were first reported in ursus americanus; ours are from melopsittacus undulatus. Our lab just got back somatic point mutations in promoters and enhancers. I want to know which are pathogenic.
bino-119,binomial,meriones unguiculatus,meriones_unguiculatus,anas platyrhynchos platyrhynchos,These are meriones unguiculatus samples. I've got a VCF of inherited structural variants in coding regions. I just need the basic consequences.,"We followed a protocol written for anas platyrhynchos platyrhynchos, and the samples are meriones unguiculatus. I've got a VCF of inherited structural variants in coding regions. I just need the basic consequences."
bino-120,binomial,mesocricetus auratus,mesocricetus_auratus,common carp hebao red,The data are from mesocricetus auratus. We called acquired somatic CNVs in regulatory regions. I want to know which are pathogenic.,Not a common carp hebao red study: the samples are mesocricetus auratus. We called acquired somatic CNVs in regulatory regions. I want to know which are pathogenic.
comm-125,common,mexican tetra,astyanax_mexicanus,gray short-tailed opossum,These are mexican tetra samples. We called germline SNVs and small indels in coding exons. I just need the consequence types.,"My supervisor works on gray short-tailed opossum, but the samples are mexican tetra. We called germline SNVs and small indels in coding exons. I just need the consequence types."
comm-126,common,microbat,myotis_lucifugus,greater bamboo lemur,The data are from a microbat. We have somatic point mutations in promoters and enhancers. I want to know which are pathogenic.,The variants were first reported in greater bamboo lemur; ours are from a microbat. We have somatic point mutations in promoters and enhancers. I want to know which are pathogenic.
bino-121,binomial,microcebus murinus,microcebus_murinus,lepisosteus oculatus,The samples are from microcebus murinus. We have germline SNVs and small indels in coding exons. I just need the consequence types.,"My supervisor works on lepisosteus oculatus, but the samples are microcebus murinus. We have germline SNVs and small indels in coding exons. I just need the consequence types."
bino-122,binomial,microtus ochrogaster,microtus_ochrogaster,felis catus abyssinian,These are microtus ochrogaster samples. I'm working with somatic point mutations in promoters and enhancers. I want to know which are pathogenic.,The variants were first reported in felis catus abyssinian; ours are from microtus ochrogaster. I'm working with somatic point mutations in promoters and enhancers. I want to know which are pathogenic.
comm-127,common,midas cichlid,amphilophus_citrinellus,chinchilla lanigera,The samples are from midas cichlid. I'm working with inherited structural variants in coding regions. I just need the basic consequences.,"We followed a protocol written for chinchilla lanigera, and the samples are midas cichlid. I'm working with inherited structural variants in coding regions. I just need the basic consequences."
bino-123,binomial,mola mola,mola_mola,mouse fvb/nj,The data are from mola mola. Our lab just got back inherited structural variants in coding regions. I just need the basic consequences.,"We followed a protocol written for mouse fvb/nj, and the samples are mola mola. Our lab just got back inherited structural variants in coding regions. I just need the basic consequences."
comm-128,common,mongolian gerbil,meriones_unguiculatus,coturnix japonica,These are mongolian gerbil samples. Our lab just got back acquired somatic CNVs in regulatory regions. I want to know which are pathogenic.,Not a coturnix japonica study: the samples are mongolian gerbil. Our lab just got back acquired somatic CNVs in regulatory regions. I want to know which are pathogenic.
bino-124,binomial,monodelphis domestica,monodelphis_domestica,mexican tetra,The samples are from monodelphis domestica. I've got a VCF of acquired somatic CNVs in regulatory regions. I want to know which are pathogenic.,Not a mexican tetra study: the samples are monodelphis domestica. I've got a VCF of acquired somatic CNVs in regulatory regions. I want to know which are pathogenic.
bino-125,binomial,monodon monoceros,monodon_monoceros,mouse akr/j,These are monodon monoceros samples. We called germline SNVs and small indels in coding exons. I just need the consequence types.,"My supervisor works on mouse akr/j, but the samples are monodon monoceros. We called germline SNVs and small indels in coding exons. I just need the consequence types."
bino-126,binomial,monopterus albus,monopterus_albus,aotus nancymaae,The data are from monopterus albus. We have somatic point mutations in promoters and enhancers. I want to know which are pathogenic.,The variants were first reported in aotus nancymaae; ours are from monopterus albus. We have somatic point mutations in promoters and enhancers. I want to know which are pathogenic.
comm-129,common,monterrey platyfish,xiphophorus_couchianus,periophthalmus magnuspinnatus,The data are from monterrey platyfish. I've got a VCF of germline SNVs and small indels in coding exons. I just need the consequence types.,"My supervisor works on periophthalmus magnuspinnatus, but the samples are monterrey platyfish. I've got a VCF of germline SNVs and small indels in coding exons. I just need the consequence types."
bino-127,binomial,moschus moschiferus,moschus_moschiferus,japanese medaka hni,The samples are from moschus moschiferus. I'm working with inherited structural variants in coding regions. I just need the basic consequences.,"We followed a protocol written for japanese medaka hni, and the samples are moschus moschiferus. I'm working with inherited structural variants in coding regions. I just need the basic consequences."
engl-36,english_word,mouse,mus_musculus,spermophilus dauricus,The data are from a mouse. We have acquired somatic CNVs in regulatory regions. I want to know which are pathogenic.,Not a spermophilus dauricus study: the samples are from a mouse. We have acquired somatic CNVs in regulatory regions. I want to know which are pathogenic.
stra-57,strain,mouse 129s1/svimj,mus_musculus,fukomys damarensis,The data are from mouse 129s1/svimj. I'm working with germline SNVs and small indels in coding exons. I just need the consequence types.,"My supervisor works on fukomys damarensis, but the samples are mouse 129s1/svimj. I'm working with germline SNVs and small indels in coding exons. I just need the consequence types."
stra-58,strain,mouse a/j,mus_musculus,coturnix japonica,The samples are from mouse a/j. Our lab just got back somatic point mutations in promoters and enhancers. I want to know which are pathogenic.,The variants were first reported in coturnix japonica; ours are from mouse a/j. Our lab just got back somatic point mutations in promoters and enhancers. I want to know which are pathogenic.
stra-59,strain,mouse akr/j,mus_musculus,tetraodon nigroviridis,These are mouse akr/j samples. I've got a VCF of inherited structural variants in coding regions. I just need the basic consequences.,"We followed a protocol written for tetraodon nigroviridis, and the samples are mouse akr/j. I've got a VCF of inherited structural variants in coding regions. I just need the basic consequences."
stra-60,strain,mouse balb/cj,mus_musculus,blunt-snouted clingfish,The data are from mouse balb/cj. We called acquired somatic CNVs in regulatory regions. I want to know which are pathogenic.,Not a blunt-snouted clingfish study: the samples are mouse balb/cj. We called acquired somatic CNVs in regulatory regions. I want to know which are pathogenic.
stra-61,strain,mouse c3h/hej,mus_musculus,atlantic cod,The samples are from mouse c3h/hej. We have germline SNVs and small indels in coding exons. I just need the consequence types.,"My supervisor works on atlantic cod, but the samples are mouse c3h/hej. We have germline SNVs and small indels in coding exons. I just need the consequence types."
stra-62,strain,mouse c57bl/6nj,mus_musculus,ursus thibetanus thibetanus,These are mouse c57bl/6nj samples. I'm working with somatic point mutations in promoters and enhancers. I want to know which are pathogenic.,The variants were first reported in ursus thibetanus thibetanus; ours are from mouse c57bl/6nj. I'm working with somatic point mutations in promoters and enhancers. I want to know which are pathogenic.
stra-63,strain,mouse cast/eij,mus_musculus_casteij,emu,The data are from mouse cast/eij. Our lab just got back inherited structural variants in coding regions. I just need the basic consequences.,"We followed a protocol written for emu, and the samples are mouse cast/eij. Our lab just got back inherited structural variants in coding regions. I just need the basic consequences."
stra-64,strain,mouse cba/j,mus_musculus,vicugna pacos,The samples are from mouse cba/j. I've got a VCF of acquired somatic CNVs in regulatory regions. I want to know which are pathogenic.,Not a vicugna pacos study: the samples are mouse cba/j. I've got a VCF of acquired somatic CNVs in regulatory regions. I want to know which are pathogenic.
stra-65,strain,mouse dba/2j,mus_musculus,rabbit,These are mouse dba/2j samples. We called germline SNVs and small indels in coding exons. I just need the consequence types.,"My supervisor works on rabbit, but the samples are mouse dba/2j. We called germline SNVs and small indels in coding exons. I just need the consequence types."
stra-66,strain,mouse fvb/nj,mus_musculus,dingo,The data are from mouse fvb/nj. We have somatic point mutations in promoters and enhancers. I want to know which are pathogenic.,The variants were first reported in dingo; ours are from mouse fvb/nj. We have somatic point mutations in promoters and enhancers. I want to know which are pathogenic.
stra-67,strain,mouse jf1/msj,mus_musculus_molossinusjf1msj,greater bamboo lemur,The samples are from mouse jf1/msj. I'm working with inherited structural variants in coding regions. I just need the basic consequences.,"We followed a protocol written for greater bamboo lemur, and the samples are mouse jf1/msj. I'm working with inherited structural variants in coding regions. I just need the basic consequences."
comm-130,common,mouse lemur,microcebus_murinus,pike-perch,The samples are from mouse lemur. We called somatic point mutations in promoters and enhancers. I want to know which are pathogenic.,The variants were first reported in pike-perch; ours are from mouse lemur. We called somatic point mutations in promoters and enhancers. I want to know which are pathogenic.
stra-68,strain,mouse lp/j,mus_musculus,oriental scops-owl,These are mouse lp/j samples. Our lab just got back acquired somatic CNVs in regulatory regions. I want to know which are pathogenic.,Not a oriental scops-owl study: the samples are mouse lp/j. Our lab just got back acquired somatic CNVs in regulatory regions. I want to know which are pathogenic.
stra-69,strain,mouse nod/shiltj,mus_musculus,emu,The data are from mouse nod/shiltj. I've got a VCF of germline SNVs and small indels in coding exons. I just need the consequence types.,"My supervisor works on emu, but the samples are mouse nod/shiltj. I've got a VCF of germline SNVs and small indels in coding exons. I just need the consequence types."
stra-70,strain,mouse nzo/hlltj,mus_musculus,sea squirt ciona savignyi,The samples are from mouse nzo/hlltj. We called somatic point mutations in promoters and enhancers. I want to know which are pathogenic.,The variants were first reported in sea squirt ciona savignyi; ours are from mouse nzo/hlltj. We called somatic point mutations in promoters and enhancers. I want to know which are pathogenic.
stra-71,strain,mouse pwk/phj,mus_musculus_pwkphj,japanese quail,These are mouse pwk/phj samples. We have inherited structural variants in coding regions. I just need the basic consequences.,"We followed a protocol written for japanese quail, and the samples are mouse pwk/phj. We have inherited structural variants in coding regions. I just need the basic consequences."
stra-72,strain,mouse wsb/eij,mus_musculus_wsbeij,otolemur garnettii,The data are from mouse wsb/eij. I'm working with acquired somatic CNVs in regulatory regions. I want to know which are pathogenic.,Not a otolemur garnettii study: the samples are mouse wsb/eij. I'm working with acquired somatic CNVs in regulatory regions. I want to know which are pathogenic.
engl-37,english_word,mummichog,fundulus_heteroclitus,tupaia belangeri,The samples are from a mummichog. I'm working with germline SNVs and small indels in coding exons. I just need the consequence types.,"My supervisor works on tupaia belangeri, but the samples are from a mummichog. I'm working with germline SNVs and small indels in coding exons. I just need the consequence types."
bino-128,binomial,mus caroli,mus_caroli,calidris pygmaea,These are mus caroli samples. Our lab just got back acquired somatic CNVs in regulatory regions. I want to know which are pathogenic.,Not a calidris pygmaea study: the samples are mus caroli. Our lab just got back acquired somatic CNVs in regulatory regions. I want to know which are pathogenic.
bino-129,binomial,mus musculus,mus_musculus,mustela putorius furo,The data are from mus musculus. I've got a VCF of germline SNVs and small indels in coding exons. I just need the consequence types.,"My supervisor works on mustela putorius furo, but the samples are mus musculus. I've got a VCF of germline SNVs and small indels in coding exons. I just need the consequence types."
stra-73,strain,mus musculus 129s1svimj,mus_musculus,giant panda,The samples are from mus musculus 129s1svimj. Our lab just got back germline SNVs and small indels in coding exons. I just need the consequence types.,"My supervisor works on giant panda, but the samples are mus musculus 129s1svimj. Our lab just got back germline SNVs and small indels in coding exons. I just need the consequence types."
stra-74,strain,mus musculus aj,mus_musculus,large flying fox,These are mus musculus aj samples. I've got a VCF of somatic point mutations in promoters and enhancers. I want to know which are pathogenic.,The variants were first reported in large flying fox; ours are from mus musculus aj. I've got a VCF of somatic point mutations in promoters and enhancers. I want to know which are pathogenic.
stra-75,strain,mus musculus akrj,mus_musculus,atlantic cod,The data are from mus musculus akrj. We called inherited structural variants in coding regions. I just need the basic consequences.,"We followed a protocol written for atlantic cod, and the samples are mus musculus akrj. We called inherited structural variants in coding regions. I just need the basic consequences."
stra-76,strain,mus musculus balbcj,mus_musculus,catharus ustulatus,The samples are from mus musculus balbcj. We have acquired somatic CNVs in regulatory regions. I want to know which are pathogenic.,Not a catharus ustulatus study: the samples are mus musculus balbcj. We have acquired somatic CNVs in regulatory regions. I want to know which are pathogenic.
stra-77,strain,mus musculus c3hhej,mus_musculus,chelydra serpentina,These are mus musculus c3hhej samples. I'm working with germline SNVs and small indels in coding exons. I just need the consequence types.,"My supervisor works on chelydra serpentina, but the samples are mus musculus c3hhej. I'm working with germline SNVs and small indels in coding exons. I just need the consequence types."
stra-78,strain,mus musculus c57bl6nj,mus_musculus,cyprinus carpio carpio,The data are from mus musculus c57bl6nj. Our lab just got back somatic point mutations in promoters and enhancers. I want to know which are pathogenic.,The variants were first reported in cyprinus carpio carpio; ours are from mus musculus c57bl6nj. Our lab just got back somatic point mutations in promoters and enhancers. I want to know which are pathogenic.
stra-79,strain,mus musculus casteij,mus_musculus_casteij,northern pike,The samples are from mus musculus casteij. I've got a VCF of inherited structural variants in coding regions. I just need the basic consequences.,"We followed a protocol written for northern pike, and the samples are mus musculus casteij. I've got a VCF of inherited structural variants in coding regions. I just need the basic consequences."
stra-80,strain,mus musculus cbaj,mus_musculus,salmo salar,These are mus musculus cbaj samples. We called acquired somatic CNVs in regulatory regions. I want to know which are pathogenic.,Not a salmo salar study: the samples are mus musculus cbaj. We called acquired somatic CNVs in regulatory regions. I want to know which are pathogenic.
stra-81,strain,mus musculus dba2j,mus_musculus,macaca mulatta,The data are from mus musculus dba2j. We have germline SNVs and small indels in coding exons. I just need the consequence types.,"My supervisor works on macaca mulatta, but the samples are mus musculus dba2j. We have germline SNVs and small indels in coding exons. I just need the consequence types."
stra-82,strain,mus musculus fvbnj,mus_musculus,ring-necked pheasant,The samples are from mus musculus fvbnj. I'm working with somatic point mutations in promoters and enhancers. I want to know which are pathogenic.,The variants were first reported in ring-necked pheasant; ours are from mus musculus fvbnj. I'm working with somatic point mutations in promoters and enhancers. I want to know which are pathogenic.
stra-83,strain,mus musculus lpj,mus_musculus,jaculus jaculus,These are mus musculus lpj samples. Our lab just got back inherited structural variants in coding regions. I just need the basic consequences.,"We followed a protocol written for jaculus jaculus, and the samples are mus musculus lpj. Our lab just got back inherited structural variants in coding regions. I just need the basic consequences."
stra-84,strain,mus musculus molossinusjf1msj,mus_musculus_molossinusjf1msj,goat,The data are from mus musculus molossinusjf1msj. I've got a VCF of acquired somatic CNVs in regulatory regions. I want to know which are pathogenic.,Not a goat study: the samples are mus musculus molossinusjf1msj. I've got a VCF of acquired somatic CNVs in regulatory regions. I want to know which are pathogenic.
stra-85,strain,mus musculus nodshiltj,mus_musculus,poecilia reticulata,The samples are from mus musculus nodshiltj. We called germline SNVs and small indels in coding exons. I just need the consequence types.,"My supervisor works on poecilia reticulata, but the samples are mus musculus nodshiltj. We called germline SNVs and small indels in coding exons. I just need the consequence types."
stra-86,strain,mus musculus nzohlltj,mus_musculus,macaca mulatta,These are mus musculus nzohlltj samples. We have somatic point mutations in promoters and enhancers. I want to know which are pathogenic.,The variants were first reported in macaca mulatta; ours are from mus musculus nzohlltj. We have somatic point mutations in promoters and enhancers. I want to know which are pathogenic.
stra-87,strain,mus musculus pwkphj,mus_musculus_pwkphj,cynoglossus semilaevis,The data are from mus musculus pwkphj. I'm working with inherited structural variants in coding regions. I just need the basic consequences.,"We followed a protocol written for cynoglossus semilaevis, and the samples are mus musculus pwkphj. I'm working with inherited structural variants in coding regions. I just need the basic consequences."
stra-88,strain,mus musculus wsbeij,mus_musculus_wsbeij,cyprinus carpio carpio,The samples are from mus musculus wsbeij. Our lab just got back acquired somatic CNVs in regulatory regions. I want to know which are pathogenic.,Not a cyprinus carpio carpio study: the samples are mus musculus wsbeij. Our lab just got back acquired somatic CNVs in regulatory regions. I want to know which are pathogenic.
bino-130,binomial,mus pahari,mus_pahari,atlantic herring,The samples are from mus pahari. We called somatic point mutations in promoters and enhancers. I want to know which are pathogenic.,The variants were first reported in atlantic herring; ours are from mus pahari. We called somatic point mutations in promoters and enhancers. I want to know which are pathogenic.
bino-131,binomial,mus spicilegus,mus_spicilegus,petromyzon marinus,These are mus spicilegus samples. We have inherited structural variants in coding regions. I just need the basic consequences.,"We followed a protocol written for petromyzon marinus, and the samples are mus spicilegus. We have inherited structural variants in coding regions. I just need the basic consequences."
bino-132,binomial,mus spretus,mus_spretus,dipodomys ordii,The data are from mus spretus. I'm working with acquired somatic CNVs in regulatory regions. I want to know which are pathogenic.,Not a dipodomys ordii study: the samples are mus spretus. I'm working with acquired somatic CNVs in regulatory regions. I want to know which are pathogenic.
tagg-34,tagged,muscovy duck (domestic type),cairina_moschata_domestica,inshore hagfish,The samples are from muscovy duck (domestic type). I've got a VCF of somatic point mutations in promoters and enhancers. I want to know which are pathogenic.,The variants were first reported in inshore hagfish; ours are from muscovy duck (domestic type). I've got a VCF of somatic point mutations in promoters and enhancers. I want to know which are pathogenic.
stra-89,strain,mustela putorius furo,mustela_putorius_furo,propithecus coquereli,These are mustela putorius furo samples. I've got a VCF of germline SNVs and small indels in coding exons. I just need the consequence types.,"My supervisor works on propithecus coquereli, but the samples are mustela putorius furo. I've got a VCF of germline SNVs and small indels in coding exons. I just need the consequence types."
bino-133,binomial,myotis lucifugus,myotis_lucifugus,goat,The samples are from myotis lucifugus. Our lab just got back germline SNVs and small indels in coding exons. I just need the consequence types.,"My supervisor works on goat, but the samples are myotis lucifugus. Our lab just got back germline SNVs and small indels in coding exons. I just need the consequence types."
bino-134,binomial,myripristis murdjan,myripristis_murdjan,macaque,These are myripristis murdjan samples. I've got a VCF of somatic point mutations in promoters and enhancers. I want to know which are pathogenic.,The variants were first reported in macaque; ours are from myripristis murdjan. I've got a VCF of somatic point mutations in promoters and enhancers. I want to know which are pathogenic.
bino-135,binomial,naja naja,naja_naja,gray mouse lemur,The data are from naja naja. We called inherited structural variants in coding regions. I just need the basic consequences.,"We followed a protocol written for gray mouse lemur, and the samples are naja naja. We called inherited structural variants in coding regions. I just need the basic consequences."
stra-90,strain,naked mole-rat,heterocephalus_glaber,microcebus murinus,The data are from naked mole-rat. We called somatic point mutations in promoters and enhancers. I want to know which are pathogenic.,The variants were first reported in microcebus murinus; ours are from naked mole-rat. We called somatic point mutations in promoters and enhancers. I want to know which are pathogenic.
stra-91,strain,naked mole-rat female,heterocephalus_glaber,arctic ground squirrel,The samples are from naked mole-rat female. We have inherited structural variants in coding regions. I just need the basic consequences.,"We followed a protocol written for arctic ground squirrel, and the samples are naked mole-rat female. We have inherited structural variants in coding regions. I just need the basic consequences."
stra-92,strain,naked mole-rat male,heterocephalus_glaber,kangaroo rat,These are naked mole-rat male samples. I'm working with acquired somatic CNVs in regulatory regions. I want to know which are pathogenic.,Not a kangaroo rat study: the samples are naked mole-rat male. I'm working with acquired somatic CNVs in regulatory regions. I want to know which are pathogenic.
bino-136,binomial,nannospalax galili,nannospalax_galili,bubo bubo,The samples are from nannospalax galili. We have acquired somatic CNVs in regulatory regions. I want to know which are pathogenic.,Not a bubo bubo study: the samples are nannospalax galili. We have acquired somatic CNVs in regulatory regions. I want to know which are pathogenic.
engl-38,english_word,narwhal,monodon_monoceros,oryzias latipes,These samples come from a narwhal. Our lab just got back somatic point mutations in promoters and enhancers. I want to know which are pathogenic.,The variants were first reported in oryzias latipes; ours are from a narwhal. Our lab just got back somatic point mutations in promoters and enhancers. I want to know which are pathogenic.
bino-137,binomial,neogobius melanostomus,neogobius_melanostomus,theropithecus gelada,These are neogobius melanostomus samples. I'm working with germline SNVs and small indels in coding exons. I just need the consequence types.,"My supervisor works on theropithecus gelada, but the samples are neogobius melanostomus. I'm working with germline SNVs and small indels in coding exons. I just need the consequence types."
bino-138,binomial,neolamprologus brichardi,neolamprologus_brichardi,asian bonytongue,The data are from neolamprologus brichardi. Our lab just got back somatic point mutations in promoters and enhancers. I want to know which are pathogenic.,The variants were first reported in asian bonytongue; ours are from neolamprologus brichardi. Our lab just got back somatic point mutations in promoters and enhancers. I want to know which are pathogenic.
bino-139,binomial,neovison vison,neovison_vison,mouse nzo/hlltj,The samples are from neovison vison. I've got a VCF of inherited structural variants in coding regions. I just need the basic consequences.,"We followed a protocol written for mouse nzo/hlltj, and the samples are neovison vison. I've got a VCF of inherited structural variants in coding regions. I just need the basic consequences."
comm-131,common,new caledonian crow,corvus_moneduloides,chrysolophus pictus,These are new caledonian crow samples. We have inherited structural variants in coding regions. I just need the basic consequences.,"We followed a protocol written for chrysolophus pictus, and the samples are new caledonian crow. We have inherited structural variants in coding regions. I just need the basic consequences."
comm-132,common,nile tilapia,oreochromis_niloticus,panthera tigris altaica,The data are from nile tilapia. I'm working with acquired somatic CNVs in regulatory regions. I want to know which are pathogenic.,Not a panthera tigris altaica study: the samples are nile tilapia. I'm working with acquired somatic CNVs in regulatory regions. I want to know which are pathogenic.
comm-133,common,nine-banded armadillo,dasypus_novemcinctus,goat,The samples are from nine-banded armadillo. Our lab just got back germline SNVs and small indels in coding exons. I just need the consequence types.,"My supervisor works on goat, but the samples are nine-banded armadillo. Our lab just got back germline SNVs and small indels in coding exons. I just need the consequence types."
bino-140,binomial,nomascus leucogenys,nomascus_leucogenys,bubo bubo,These are nomascus leucogenys samples. We called acquired somatic CNVs in regulatory regions. I want to know which are pathogenic.,Not a bubo bubo study: the samples are nomascus leucogenys. We called acquired somatic CNVs in regulatory regions. I want to know which are pathogenic.
stra-93,strain,northern american deer mouse,peromyscus_maniculatus_bairdii,lamprey,The data are from northern american deer mouse. Our lab just got back germline SNVs and small indels in coding exons. I just need the consequence types.,"My supervisor works on lamprey, but the samples are northern american deer mouse. Our lab just got back germline SNVs and small indels in coding exons. I just need the consequence types."
comm-134,common,northern pike,esox_lucius,small madagascar hedgehog,These are northern pike samples. I've got a VCF of somatic point mutations in promoters and enhancers. I want to know which are pathogenic.,The variants were first reported in small madagascar hedgehog; ours are from northern pike. I've got a VCF of somatic point mutations in promoters and enhancers. I want to know which are pathogenic.
stra-94,strain,northern spotted owl,strix_occidentalis_caurina,pavo cristatus,The samples are from northern spotted owl. I've got a VCF of somatic point mutations in promoters and enhancers. I want to know which are pathogenic.,The variants were first reported in pavo cristatus; ours are from northern spotted owl. I've got a VCF of somatic point mutations in promoters and enhancers. I want to know which are pathogenic.
comm-135,common,northern tree shrew,tupaia_belangeri,climbing perch,The data are from northern tree shrew. We called inherited structural variants in coding regions. I just need the basic consequences.,"We followed a protocol written for climbing perch, and the samples are northern tree shrew. We called inherited structural variants in coding regions. I just need the basic consequences."
comm-136,common,northern white-cheeked gibbon,nomascus_leucogenys,common canary,The samples are from northern white-cheeked gibbon. We have acquired somatic CNVs in regulatory regions. I want to know which are pathogenic.,Not a common canary study: the samples are northern white-cheeked gibbon. We have acquired somatic CNVs in regulatory regions. I want to know which are pathogenic.
stra-95,strain,norway rat,rattus_norvegicus,horse,These are norway rat samples. We called inherited structural variants in coding regions. I just need the basic consequences.,"We followed a protocol written for horse, and the samples are norway rat. We called inherited structural variants in coding regions. I just need the basic consequences."
tagg-35,tagged,norway rat - bn/nhsdmcwi,rattus_norvegicus,mainland tiger snake,These are norway rat - bn/nhsdmcwi samples. We called inherited structural variants in coding regions. I just need the basic consequences.,"We followed a protocol written for mainland tiger snake, and the samples are norway rat - bn/nhsdmcwi. We called inherited structural variants in coding regions. I just need the basic consequences."
bino-141,binomial,notamacropus eugenii,notamacropus_eugenii,yellowtail amberjack,The data are from notamacropus eugenii. We have germline SNVs and small indels in coding exons. I just need the consequence types.,"My supervisor works on yellowtail amberjack, but the samples are notamacropus eugenii. We have germline SNVs and small indels in coding exons. I just need the consequence types."
bino-142,binomial,notechis scutatus,notechis_scutatus,gibbon,The samples are from notechis scutatus. I'm working with somatic point mutations in promoters and enhancers. I want to know which are pathogenic.,The variants were first reported in gibbon; ours are from notechis scutatus. I'm working with somatic point mutations in promoters and enhancers. I want to know which are pathogenic.
bino-143,binomial,nothobranchius furzeri,nothobranchius_furzeri,northern american deer mouse,These are nothobranchius furzeri samples. Our lab just got back inherited structural variants in coding regions. I just need the basic consequences.,"We followed a protocol written for northern american deer mouse, and the samples are nothobranchius furzeri. Our lab just got back inherited structural variants in coding regions. I just need the basic consequences."
bino-144,binomial,nothoprocta perdicaria,nothoprocta_perdicaria,poecilia mexicana,The data are from nothoprocta perdicaria. I've got a VCF of acquired somatic CNVs in regulatory regions. I want to know which are pathogenic.,Not a poecilia mexicana study: the samples are nothoprocta perdicaria. I've got a VCF of acquired somatic CNVs in regulatory regions. I want to know which are pathogenic.
bino-145,binomial,numida meleagris,numida_meleagris,hucho hucho,The samples are from numida meleagris. We called germline SNVs and small indels in coding exons. I just need the consequence types.,"My supervisor works on hucho hucho, but the samples are numida meleagris. We called germline SNVs and small indels in coding exons. I just need the consequence types."
comm-137,common,ocean sunfish,mola_mola,esox lucius,These are ocean sunfish samples. I'm working with germline SNVs and small indels in coding exons. I just need the consequence types.,"My supervisor works on esox lucius, but the samples are ocean sunfish. I'm working with germline SNVs and small indels in coding exons. I just need the consequence types."
bino-146,binomial,ochotona princeps,ochotona_princeps,mustela putorius furo,These are ochotona princeps samples. We have somatic point mutations in promoters and enhancers. I want to know which are pathogenic.,The variants were first reported in mustela putorius furo; ours are from ochotona princeps. We have somatic point mutations in promoters and enhancers. I want to know which are pathogenic.
bino-147,binomial,octodon degus,octodon_degus,sinocyclocheilus rhinocerous,The data are from octodon degus. I'm working with inherited structural variants in coding regions. I just need the basic consequences.,"We followed a protocol written for sinocyclocheilus rhinocerous, and the samples are octodon degus. I'm working with inherited structural variants in coding regions. I just need the basic consequences."
comm-138,common,okarito brown kiwi,apteryx_rowi,tammar wallaby,The data are from okarito brown kiwi. Our lab just got back somatic point mutations in promoters and enhancers. I want to know which are pathogenic.,The variants were first reported in tammar wallaby; ours are from okarito brown kiwi. Our lab just got back somatic point mutations in promoters and enhancers. I want to know which are pathogenic.
comm-139,common,olive baboon,papio_anubis,sorex araneus,The samples are from olive baboon. I've got a VCF of inherited structural variants in coding regions. I just need the basic consequences.,"We followed a protocol written for sorex araneus, and the samples are olive baboon. I've got a VCF of inherited structural variants in coding regions. I just need the basic consequences."
bino-148,binomial,oncorhynchus kisutch,oncorhynchus_kisutch,sarcophilus harrisii,The samples are from oncorhynchus kisutch. Our lab just got back acquired somatic CNVs in regulatory regions. I want to know which are pathogenic.,Not a sarcophilus harrisii study: the samples are oncorhynchus kisutch. Our lab just got back acquired somatic CNVs in regulatory regions. I want to know which are pathogenic.
bino-149,binomial,oncorhynchus mykiss,oncorhynchus_mykiss,oryzias sinensis,These are oncorhynchus mykiss samples. I've got a VCF of germline SNVs and small indels in coding exons. I just need the consequence types.,"My supervisor works on oryzias sinensis, but the samples are oncorhynchus mykiss. I've got a VCF of germline SNVs and small indels in coding exons. I just need the consequence types."
bino-150,binomial,oncorhynchus tshawytscha,oncorhynchus_tshawytscha,mouse wsb/eij,The data are from oncorhynchus tshawytscha. We called somatic point mutations in promoters and enhancers. I want to know which are pathogenic.,The variants were first reported in mouse wsb/eij; ours are from oncorhynchus tshawytscha. We called somatic point mutations in promoters and enhancers. I want to know which are pathogenic.
engl-39,english_word,opossum,monodelphis_domestica,rattus norvegicus wkybbb,The data are from an opossum. I've got a VCF of inherited structural variants in coding regions. I just need the basic consequences.,"We followed a protocol written for rattus norvegicus wkybbb, and the samples are from an opossum. I've got a VCF of inherited structural variants in coding regions. I just need the basic consequences."
comm-140,common,orange clownfish,amphiprion_percula,pachon cavefish,These are orange clownfish samples. We called acquired somatic CNVs in regulatory regions. I want to know which are pathogenic.,Not a pachon cavefish study: the samples are orange clownfish. We called acquired somatic CNVs in regulatory regions. I want to know which are pathogenic.
comm-141,common,orbiculate cardinalfish,sphaeramia_orbicularis,duck,The data are from orbiculate cardinalfish. We have germline SNVs and small indels in coding exons. I just need the consequence types.,"My supervisor works on duck, but the samples are orbiculate cardinalfish. We have germline SNVs and small indels in coding exons. I just need the consequence types."
comm-142,common,ord's kangaroo rat,dipodomys_ordii,mouse lemur,The samples are from ord's kangaroo rat. I'm working with somatic point mutations in promoters and enhancers. I want to know which are pathogenic.,The variants were first reported in mouse lemur; ours are from ord's kangaroo rat. I'm working with somatic point mutations in promoters and enhancers. I want to know which are pathogenic.
bino-151,binomial,oreochromis aureus,oreochromis_aureus,bottlenosed dolphin,The samples are from oreochromis aureus. We have inherited structural variants in coding regions. I just need the basic consequences.,"We followed a protocol written for bottlenosed dolphin, and the samples are oreochromis aureus. We have inherited structural variants in coding regions. I just need the basic consequences."
bino-152,binomial,oreochromis niloticus,oreochromis_niloticus,little brown bat,These are oreochromis niloticus samples. I'm working with acquired somatic CNVs in regulatory regions. I want to know which are pathogenic.,Not a little brown bat study: the samples are oreochromis niloticus. I'm working with acquired somatic CNVs in regulatory regions. I want to know which are pathogenic.
comm-143,common,oriental scops-owl,otus_sunia,african ostrich,These are oriental scops-owl samples. Our lab just got back inherited structural variants in coding regions. I just need the basic consequences.,"We followed a protocol written for african ostrich, and the samples are oriental scops-owl. Our lab just got back inherited structural variants in coding regions. I just need the basic consequences."
bino-153,binomial,ornithorhynchus anatinus,ornithorhynchus_anatinus,sus scrofa largewhite,The data are from ornithorhynchus anatinus. Our lab just got back germline SNVs and small indels in coding exons. I just need the consequence types.,"My supervisor works on sus scrofa largewhite, but the samples are ornithorhynchus anatinus. Our lab just got back germline SNVs and small indels in coding exons. I just need the consequence types."
bino-154,binomial,oryctolagus cuniculus,oryctolagus_cuniculus,goodes thornscrub tortoise,The samples are from oryctolagus cuniculus. I've got a VCF of somatic point mutations in promoters and enhancers. I want to know which are pathogenic.,The variants were first reported in goodes thornscrub tortoise; ours are from oryctolagus cuniculus. I've got a VCF of somatic point mutations in promoters and enhancers. I want to know which are pathogenic.
bino-155,binomial,oryzias javanicus,oryzias_javanicus,polar bear,These are oryzias javanicus samples. We called inherited structural variants in coding regions. I just need the basic consequences.,"We followed a protocol written for polar bear, and the samples are oryzias javanicus. We called inherited structural variants in coding regions. I just need the basic consequences."
bino-156,binomial,oryzias latipes,oryzias_latipes,greater horseshoe bat,The data are from oryzias latipes. We have acquired somatic CNVs in regulatory regions. I want to know which are pathogenic.,Not a greater horseshoe bat study: the samples are oryzias latipes. We have acquired somatic CNVs in regulatory regions. I want to know which are pathogenic.
stra-96,strain,oryzias latipes hni,oryzias_latipes,sloth,The data are from oryzias latipes hni. We have acquired somatic CNVs in regulatory regions. I want to know which are pathogenic.,Not a sloth study: the samples are oryzias latipes hni. We have acquired somatic CNVs in regulatory regions. I want to know which are pathogenic.
stra-97,strain,oryzias latipes hsok,oryzias_latipes,mus musculus 129s1svimj,The samples are from oryzias latipes hsok. I'm working with germline SNVs and small indels in coding exons. I just need the consequence types.,"My supervisor works on mus musculus 129s1svimj, but the samples are oryzias latipes hsok. I'm working with germline SNVs and small indels in coding exons. I just need the consequence types."
bino-157,binomial,oryzias melastigma,oryzias_melastigma,denticle herring,The samples are from oryzias melastigma. I'm working with germline SNVs and small indels in coding exons. I just need the consequence types.,"My supervisor works on denticle herring, but the samples are oryzias melastigma. I'm working with germline SNVs and small indels in coding exons. I just need the consequence types."
bino-158,binomial,oryzias sinensis,oryzias_sinensis,nine-banded armadillo,These are oryzias sinensis samples. Our lab just got back somatic point mutations in promoters and enhancers. I want to know which are pathogenic.,The variants were first reported in nine-banded armadillo; ours are from oryzias sinensis. Our lab just got back somatic point mutations in promoters and enhancers. I want to know which are pathogenic.
bino-159,binomial,otolemur garnettii,otolemur_garnettii,mastacembelus armatus,The data are from otolemur garnettii. I've got a VCF of inherited structural variants in coding regions. I just need the basic consequences.,"We followed a protocol written for mastacembelus armatus, and the samples are otolemur garnettii. I've got a VCF of inherited structural variants in coding regions. I just need the basic consequences."
bino-160,binomial,otus sunia,otus_sunia,pseudonaja textilis,The samples are from otus sunia. We called acquired somatic CNVs in regulatory regions. I want to know which are pathogenic.,Not a pseudonaja textilis study: the samples are otus sunia. We called acquired somatic CNVs in regulatory regions. I want to know which are pathogenic.
bino-161,binomial,ovis aries,ovis_aries,latimeria chalumnae,These are ovis aries samples. We have germline SNVs and small indels in coding exons. I just need the consequence types.,"My supervisor works on latimeria chalumnae, but the samples are ovis aries. We have germline SNVs and small indels in coding exons. I just need the consequence types."
tagg-36,tagged,ovis aries (texel sheep) - gca_022416775.1,ovis_aries,sander lucioperca,The data are from ovis aries (texel sheep) - gca_022416775.1. We have acquired somatic CNVs in regulatory regions. I want to know which are pathogenic.,Not a sander lucioperca study: the samples are ovis aries (texel sheep) - gca_022416775.1. We have acquired somatic CNVs in regulatory regions. I want to know which are pathogenic.
tagg-37,tagged,ovis aries gca011170295v1,ovis_aries,erpetoichthys calabaricus,The samples are from ovis aries gca011170295v1. I'm working with germline SNVs and small indels in coding exons. I just need the consequence types.,"My supervisor works on erpetoichthys calabaricus, but the samples are ovis aries gca011170295v1. I'm working with germline SNVs and small indels in coding exons. I just need the consequence types."
tagg-38,tagged,ovis aries gca018804185v1,ovis_aries,lynx canadensis,These are ovis aries gca018804185v1 samples. Our lab just got back somatic point mutations in promoters and enhancers. I want to know which are pathogenic.,The variants were first reported in lynx canadensis; ours are from ovis aries gca018804185v1. Our lab just got back somatic point mutations in promoters and enhancers. I want to know which are pathogenic.
tagg-39,tagged,ovis aries gca022416685v1,ovis_aries,cyprinodon variegatus,The data are from ovis aries gca022416685v1. I've got a VCF of inherited structural variants in coding regions. I just need the basic consequences.,"We followed a protocol written for cyprinodon variegatus, and the samples are ovis aries gca022416685v1. I've got a VCF of inherited structural variants in coding regions. I just need the basic consequences."
tagg-40,tagged,ovis aries gca022416695v1,ovis_aries,vole,The samples are from ovis aries gca022416695v1. We called acquired somatic CNVs in regulatory regions. I want to know which are pathogenic.,Not a vole study: the samples are ovis aries gca022416695v1. We called acquired somatic CNVs in regulatory regions. I want to know which are pathogenic.
tagg-41,tagged,ovis aries gca022416755v1,ovis_aries,yarkand deer,These are ovis aries gca022416755v1 samples. We have germline SNVs and small indels in coding exons. I just need the consequence types.,"My supervisor works on yarkand deer, but the samples are ovis aries gca022416755v1. We have germline SNVs and small indels in coding exons. I just need the consequence types."
tagg-42,tagged,ovis aries gca022416775v1,ovis_aries,eurasian eagle-owl,The data are from ovis aries gca022416775v1. I'm working with somatic point mutations in promoters and enhancers. I want to know which are pathogenic.,The variants were first reported in eurasian eagle-owl; ours are from ovis aries gca022416775v1. I'm working with somatic point mutations in promoters and enhancers. I want to know which are pathogenic.
tagg-43,tagged,ovis aries gca022416915v1,ovis_aries,callithrix jacchus,The samples are from ovis aries gca022416915v1. Our lab just got back inherited structural variants in coding regions. I just need the basic consequences.,"We followed a protocol written for callithrix jacchus, and the samples are ovis aries gca022416915v1. Our lab just got back inherited structural variants in coding regions. I just need the basic consequences."
tagg-44,tagged,ovis aries gca022432825v1,ovis_aries,large flying fox,These are ovis aries gca022432825v1 samples. I've got a VCF of acquired somatic CNVs in regulatory regions. I want to know which are pathogenic.,Not a large flying fox study: the samples are ovis aries gca022432825v1. I've got a VCF of acquired somatic CNVs in regulatory regions. I want to know which are pathogenic.
tagg-45,tagged,ovis aries gca022432835v1,ovis_aries,numida meleagris,The data are from ovis aries gca022432835v1. We called germline SNVs and small indels in coding exons. I just need the consequence types.,"My supervisor works on numida meleagris, but the samples are ovis aries gca022432835v1. We called germline SNVs and small indels in coding exons. I just need the consequence types."
tagg-46,tagged,ovis aries gca024222175v1,ovis_aries,white-tufted-ear marmoset,The samples are from ovis aries gca024222175v1. We have somatic point mutations in promoters and enhancers. I want to know which are pathogenic.,The variants were first reported in white-tufted-ear marmoset; ours are from ovis aries gca024222175v1. We have somatic point mutations in promoters and enhancers. I want to know which are pathogenic.
stra-98,strain,ovis aries texel,ovis_aries,ciona intestinalis,These are ovis aries texel samples. Our lab just got back somatic point mutations in promoters and enhancers. I want to know which are pathogenic.,The variants were first reported in ciona intestinalis; ours are from ovis aries texel. Our lab just got back somatic point mutations in promoters and enhancers. I want to know which are pathogenic.
stra-99,strain,pachon cavefish,astyanax_mexicanus,mus musculus,The data are from pachon cavefish. I've got a VCF of inherited structural variants in coding regions. I just need the basic consequences.,"We followed a protocol written for mus musculus, and the samples are pachon cavefish. I've got a VCF of inherited structural variants in coding regions. I just need the basic consequences."
stra-100,strain,painted turtle,chrysemys_picta_bellii,chinese hamster chok1gs,The samples are from painted turtle. We called acquired somatic CNVs in regulatory regions. I want to know which are pathogenic.,Not a chinese hamster chok1gs study: the samples are painted turtle. We called acquired somatic CNVs in regulatory regions. I want to know which are pathogenic.
bino-162,binomial,pan paniscus,pan_paniscus,anas zonorhyncha,The data are from pan paniscus. I'm working with somatic point mutations in promoters and enhancers. I want to know which are pathogenic.,The variants were first reported in anas zonorhyncha; ours are from pan paniscus. I'm working with somatic point mutations in promoters and enhancers. I want to know which are pathogenic.
bino-163,binomial,pan troglodytes,pan_troglodytes,mouse pwk/phj,The samples are from pan troglodytes. Our lab just got back inherited structural variants in coding regions. I just need the basic consequences.,"We followed a protocol written for mouse pwk/phj, and the samples are pan troglodytes. Our lab just got back inherited structural variants in coding regions. I just need the basic consequences."
comm-144,common,panamanian white-faced capuchin,cebus_imitator,cynoglossus semilaevis,The data are from panamanian white-faced capuchin. I've got a VCF of acquired somatic CNVs in regulatory regions. I want to know which are pathogenic.,Not a cynoglossus semilaevis study: the samples are panamanian white-faced capuchin. I've got a VCF of acquired somatic CNVs in regulatory regions. I want to know which are pathogenic.
bino-164,binomial,panthera leo,panthera_leo,mouse cast/eij,These are panthera leo samples. I've got a VCF of acquired somatic CNVs in regulatory regions. I want to know which are pathogenic.,Not a mouse cast/eij study: the samples are panthera leo. I've got a VCF of acquired somatic CNVs in regulatory regions. I want to know which are pathogenic.
bino-165,binomial,panthera pardus,panthera_pardus,chrysolophus pictus,The data are from panthera pardus. We called germline SNVs and small indels in coding exons. I just need the consequence types.,"My supervisor works on chrysolophus pictus, but the samples are panthera pardus. We called germline SNVs and small indels in coding exons. I just need the consequence types."
stra-101,strain,panthera tigris altaica,panthera_tigris_altaica,mus musculus lpj,These are panthera tigris altaica samples. We have germline SNVs and small indels in coding exons. I just need the consequence types.,"My supervisor works on mus musculus lpj, but the samples are panthera tigris altaica. We have germline SNVs and small indels in coding exons. I just need the consequence types."
bino-166,binomial,papio anubis,papio_anubis,degu,The samples are from papio anubis. We have somatic point mutations in promoters and enhancers. I want to know which are pathogenic.,The variants were first reported in degu; ours are from papio anubis. We have somatic point mutations in promoters and enhancers. I want to know which are pathogenic.
bino-167,binomial,parambassis ranga,parambassis_ranga,oreochromis aureus,These are parambassis ranga samples. I'm working with inherited structural variants in coding regions. I just need the basic consequences.,"We followed a protocol written for oreochromis aureus, and the samples are parambassis ranga. I'm working with inherited structural variants in coding regions. I just need the basic consequences."
bino-168,binomial,paramormyrops kingsleyae,paramormyrops_kingsleyae,dipodomys ordii,The data are from paramormyrops kingsleyae. Our lab just got back acquired somatic CNVs in regulatory regions. I want to know which are pathogenic.,Not a dipodomys ordii study: the samples are paramormyrops kingsleyae. Our lab just got back acquired somatic CNVs in regulatory regions. I want to know which are pathogenic.
bino-169,binomial,parus major,parus_major,golden snub-nosed monkey,The samples are from parus major. I've got a VCF of germline SNVs and small indels in coding exons. I just need the consequence types.,"My supervisor works on golden snub-nosed monkey, but the samples are parus major. I've got a VCF of germline SNVs and small indels in coding exons. I just need the consequence types."
bino-170,binomial,pavo cristatus,pavo_cristatus,sumatran orangutan,These are pavo cristatus samples. We called somatic point mutations in promoters and enhancers. I want to know which are pathogenic.,The variants were first reported in sumatran orangutan; ours are from pavo cristatus. We called somatic point mutations in promoters and enhancers. I want to know which are pathogenic.
bino-171,binomial,pelodiscus sinensis,pelodiscus_sinensis,indian medaka,The data are from pelodiscus sinensis. We have inherited structural variants in coding regions. I just need the basic consequences.,"We followed a protocol written for indian medaka, and the samples are pelodiscus sinensis. We have inherited structural variants in coding regions. I just need the basic consequences."
bino-172,binomial,pelusios castaneus,pelusios_castaneus,numida meleagris,The samples are from pelusios castaneus. I'm working with acquired somatic CNVs in regulatory regions. I want to know which are pathogenic.,Not a numida meleagris study: the samples are pelusios castaneus. I'm working with acquired somatic CNVs in regulatory regions. I want to know which are pathogenic.
bino-173,binomial,periophthalmus magnuspinnatus,periophthalmus_magnuspinnatus,mus musculus c3hhej,These are periophthalmus magnuspinnatus samples. Our lab just got back germline SNVs and small indels in coding exons. I just need the consequence types.,"My supervisor works on mus musculus c3hhej, but the samples are periophthalmus magnuspinnatus. Our lab just got back germline SNVs and small indels in coding exons. I just need the consequence types."
stra-102,strain,peromyscus maniculatus bairdii,peromyscus_maniculatus_bairdii,platypus,The data are from peromyscus maniculatus bairdii. I'm working with somatic point mutations in promoters and enhancers. I want to know which are pathogenic.,The variants were first reported in platypus; ours are from peromyscus maniculatus bairdii. I'm working with somatic point mutations in promoters and enhancers. I want to know which are pathogenic.
bino-174,binomial,petromyzon marinus,petromyzon_marinus,channel catfish,The data are from petromyzon marinus. I've got a VCF of somatic point mutations in promoters and enhancers. I want to know which are pathogenic.,The variants were first reported in channel catfish; ours are from petromyzon marinus. I've got a VCF of somatic point mutations in promoters and enhancers. I want to know which are pathogenic.
bino-175,binomial,phascolarctos cinereus,phascolarctos_cinereus,mouse nzo/hlltj,The samples are from phascolarctos cinereus. We called inherited structural variants in coding regions. I just need the basic consequences.,"We followed a protocol written for mouse nzo/hlltj, and the samples are phascolarctos cinereus. We called inherited structural variants in coding regions. I just need the basic consequences."
bino-176,binomial,phasianus colchicus,phasianus_colchicus,canis lupus familiarisbasenji,These are phasianus colchicus samples. We have acquired somatic CNVs in regulatory regions. I want to know which are pathogenic.,Not a canis lupus familiarisbasenji study: the samples are phasianus colchicus. We have acquired somatic CNVs in regulatory regions. I want to know which are pathogenic.
comm-145,common,philippine tarsier,carlito_syrichta,calidris pugnax,The samples are from philippine tarsier. We called germline SNVs and small indels in coding exons. I just need the consequence types.,"My supervisor works on calidris pugnax, but the samples are philippine tarsier. We called germline SNVs and small indels in coding exons. I just need the consequence types."
bino-177,binomial,phocoena sinus,phocoena_sinus,varanus komodoensis,The data are from phocoena sinus. I'm working with germline SNVs and small indels in coding exons. I just need the consequence types.,"My supervisor works on varanus komodoensis, but the samples are phocoena sinus. I'm working with germline SNVs and small indels in coding exons. I just need the consequence types."
bino-178,binomial,physeter catodon,physeter_catodon,naked mole-rat male,The samples are from physeter catodon. Our lab just got back somatic point mutations in promoters and enhancers. I want to know which are pathogenic.,The variants were first reported in naked mole-rat male; ours are from physeter catodon. Our lab just got back somatic point mutations in promoters and enhancers. I want to know which are pathogenic.
engl-40,english_word,pig,sus_scrofa,pelodiscus sinensis,The samples are from a pig. We called acquired somatic CNVs in regulatory regions. I want to know which are pathogenic.,Not a pelodiscus sinensis study: the samples are from a pig. We called acquired somatic CNVs in regulatory regions. I want to know which are pathogenic.
tagg-47,tagged,pig - bama miniature,sus_scrofa,bos taurus,These are pig - bama miniature samples. I'm working with inherited structural variants in coding regions. I just need the basic consequences.,"We followed a protocol written for bos taurus, and the samples are pig - bama miniature. I'm working with inherited structural variants in coding regions. I just need the basic consequences."
tagg-48,tagged,pig - bamei,sus_scrofa,mouse nzo/hlltj,The data are from pig - bamei. Our lab just got back acquired somatic CNVs in regulatory regions. I want to know which are pathogenic.,Not a mouse nzo/hlltj study: the samples are pig - bamei. Our lab just got back acquired somatic CNVs in regulatory regions. I want to know which are pathogenic.
tagg-49,tagged,pig - banna miniature,sus_scrofa,myripristis murdjan,The samples are from pig - banna miniature. I've got a VCF of germline SNVs and small indels in coding exons. I just need the consequence types.,"My supervisor works on myripristis murdjan, but the samples are pig - banna miniature. I've got a VCF of germline SNVs and small indels in coding exons. I just need the consequence types."
tagg-50,tagged,pig - berkshire,sus_scrofa,channel catfish,These are pig - berkshire samples. We called somatic point mutations in promoters and enhancers. I want to know which are pathogenic.,The variants were first reported in channel catfish; ours are from pig - berkshire. We called somatic point mutations in promoters and enhancers. I want to know which are pathogenic.
tagg-51,tagged,pig - chenghua,sus_scrofa,dingo,The data are from pig - chenghua. We have inherited structural variants in coding regions. I just need the basic consequences.,"We followed a protocol written for dingo, and the samples are pig - chenghua. We have inherited structural variants in coding regions. I just need the basic consequences."
tagg-52,tagged,pig - duroc,sus_scrofa,house mouse,The samples are from pig - duroc. I'm working with acquired somatic CNVs in regulatory regions. I want to know which are pathogenic.,Not a house mouse study: the samples are pig - duroc. I'm working with acquired somatic CNVs in regulatory regions. I want to know which are pathogenic.
tagg-53,tagged,pig - euw1 (european wild boar),sus_scrofa,pan troglodytes,These are pig - euw1 (european wild boar) samples. Our lab just got back germline SNVs and small indels in coding exons. I just need the consequence types.,"My supervisor works on pan troglodytes, but the samples are pig - euw1 (european wild boar). Our lab just got back germline SNVs and small indels in coding exons. I just need the consequence types."
tagg-54,tagged,pig - ghungroo,sus_scrofa,small tree finch,The data are from pig - ghungroo. I've got a VCF of somatic point mutations in promoters and enhancers. I want to know which are pathogenic.,The variants were first reported in small tree finch; ours are from pig - ghungroo. I've got a VCF of somatic point mutations in promoters and enhancers. I want to know which are pathogenic.
tagg-55,tagged,pig - hampshire,sus_scrofa,calidris pygmaea,The samples are from pig - hampshire. We called inherited structural variants in coding regions. I just need the basic consequences.,"We followed a protocol written for calidris pygmaea, and the samples are pig - hampshire. We called inherited structural variants in coding regions. I just need the basic consequences."
tagg-56,tagged,pig - hjb,sus_scrofa,japanese medaka hdrr,These are pig - hjb samples. We have acquired somatic CNVs in regulatory regions. I want to know which are pathogenic.,Not a japanese medaka hdrr study: the samples are pig - hjb. We have acquired somatic CNVs in regulatory regions. I want to know which are pathogenic.
tagg-57,tagged,pig - jinhua,sus_scrofa,cricetulus griseus crigri,The data are from pig - jinhua. I'm working with germline SNVs and small indels in coding exons. I just need the consequence types.,"My supervisor works on cricetulus griseus crigri, but the samples are pig - jinhua. I'm working with germline SNVs and small indels in coding exons. I just need the consequence types."
tagg-58,tagged,pig - juema,sus_scrofa,panthera pardus,The samples are from pig - juema. Our lab just got back somatic point mutations in promoters and enhancers. I want to know which are pathogenic.,The variants were first reported in panthera pardus; ours are from pig - juema. Our lab just got back somatic point mutations in promoters and enhancers. I want to know which are pathogenic.
tagg-59,tagged,pig - korean minipig (gca_039654815.1),sus_scrofa,lyretail cichlid,These are pig - korean minipig (gca_039654815.1) samples. I've got a VCF of inherited structural variants in coding regions. I just need the basic consequences.,"We followed a protocol written for lyretail cichlid, and the samples are pig - korean minipig (gca_039654815.1). I've got a VCF of inherited structural variants in coding regions. I just need the basic consequences."
tagg-60,tagged,pig - landrace,sus_scrofa,nothoprocta perdicaria,The data are from pig - landrace. We called acquired somatic CNVs in regulatory regions. I want to know which are pathogenic.,Not a nothoprocta perdicaria study: the samples are pig - landrace. We called acquired somatic CNVs in regulatory regions. I want to know which are pathogenic.
tagg-61,tagged,pig - large white (gca_044906105.1),sus_scrofa,scleropages formosus,The samples are from pig - large white (gca_044906105.1). We have germline SNVs and small indels in coding exons. I just need the consequence types.,"My supervisor works on scleropages formosus, but the samples are pig - large white (gca_044906105.1). We have germline SNVs and small indels in coding exons. I just need the consequence types."
tagg-62,tagged,pig - largewhite,sus_scrofa,stegastes partitus,These are pig - largewhite samples. I'm working with somatic point mutations in promoters and enhancers. I want to know which are pathogenic.,The variants were first reported in stegastes partitus; ours are from pig - largewhite. I'm working with somatic point mutations in promoters and enhancers. I want to know which are pathogenic.
tagg-63,tagged,pig - meishan,sus_scrofa,fukomys damarensis,The data are from pig - meishan. Our lab just got back inherited structural variants in coding regions. I just need the basic consequences.,"We followed a protocol written for fukomys damarensis, and the samples are pig - meishan. Our lab just got back inherited structural variants in coding regions. I just need the basic consequences."
tagg-64,tagged,pig - meishan (gca_017957985.1),sus_scrofa,denticeps clupeoides,The samples are from pig - meishan (gca_017957985.1). I've got a VCF of acquired somatic CNVs in regulatory regions. I want to know which are pathogenic.,Not a denticeps clupeoides study: the samples are pig - meishan (gca_017957985.1). I've got a VCF of acquired somatic CNVs in regulatory regions. I want to know which are pathogenic.
tagg-65,tagged,pig - nihs-2020,sus_scrofa,saimiri boliviensis boliviensis,These are pig - nihs-2020 samples. We called germline SNVs and small indels in coding exons. I just need the consequence types.,"My supervisor works on saimiri boliviensis boliviensis, but the samples are pig - nihs-2020. We called germline SNVs and small indels in coding exons. I just need the consequence types."
tagg-66,tagged,pig - ningxiang,sus_scrofa,prairie vole,The data are from pig - ningxiang. We have somatic point mutations in promoters and enhancers. I want to know which are pathogenic.,The variants were first reported in prairie vole; ours are from pig - ningxiang. We have somatic point mutations in promoters and enhancers. I want to know which are pathogenic.
tagg-67,tagged,pig - norwegian landrace,sus_scrofa,ursus maritimus,The samples are from pig - norwegian landrace. I'm working with inherited structural variants in coding regions. I just need the basic consequences.,"We followed a protocol written for ursus maritimus, and the samples are pig - norwegian landrace. I'm working with inherited structural variants in coding regions. I just need the basic consequences."
tagg-68,tagged,pig - ossabaw miniature,sus_scrofa,ovis aries texel,These are pig - ossabaw miniature samples. Our lab just got back acquired somatic CNVs in regulatory regions. I want to know which are pathogenic.,Not a ovis aries texel study: the samples are pig - ossabaw miniature. Our lab just got back acquired somatic CNVs in regulatory regions. I want to know which are pathogenic.
tagg-69,tagged,pig - pb115,sus_scrofa,hoffmann's two-fingered sloth,The data are from pig - pb115. I've got a VCF of germline SNVs and small indels in coding exons. I just need the consequence types.,"My supervisor works on hoffmann's two-fingered sloth, but the samples are pig - pb115. I've got a VCF of germline SNVs and small indels in coding exons. I just need the consequence types."
tagg-70,tagged,pig - pietrain,sus_scrofa,anolis carolinensis,The samples are from pig - pietrain. We called somatic point mutations in promoters and enhancers. I want to know which are pathogenic.,The variants were first reported in anolis carolinensis; ours are from pig - pietrain. We called somatic point mutations in promoters and enhancers. I want to know which are pathogenic.
tagg-71,tagged,pig - rongchang,sus_scrofa,capra hircus blackbengal,These are pig - rongchang samples. We have inherited structural variants in coding regions. I just need the basic consequences.,"We followed a protocol written for capra hircus blackbengal, and the samples are pig - rongchang. We have inherited structural variants in coding regions. I just need the basic consequences."
tagg-72,tagged,pig - tibetan,sus_scrofa,oreochromis aureus,The data are from pig - tibetan. I'm working with acquired somatic CNVs in regulatory regions. I want to know which are pathogenic.,Not a oreochromis aureus study: the samples are pig - tibetan. I'm working with acquired somatic CNVs in regulatory regions. I want to know which are pathogenic.
tagg-73,tagged,pig - wuzhishan,sus_scrofa,dog,The samples are from pig - wuzhishan. Our lab just got back germline SNVs and small indels in coding exons. I just need the consequence types.,"My supervisor works on dog, but the samples are pig - wuzhishan. Our lab just got back germline SNVs and small indels in coding exons. I just need the consequence types."
tagg-74,tagged,pig - wuzhishan (gca_048338725.1),sus_scrofa,canis lupus familiarisboxer,These are pig - wuzhishan (gca_048338725.1) samples. I've got a VCF of somatic point mutations in promoters and enhancers. I want to know which are pathogenic.,The variants were first reported in canis lupus familiarisboxer; ours are from pig - wuzhishan (gca_048338725.1). I've got a VCF of somatic point mutations in promoters and enhancers. I want to know which are pathogenic.
stra-103,strain,pig usmarc,sus_scrofa,cricetulus griseus crigri,The samples are from pig usmarc. Our lab just got back inherited structural variants in coding regions. I just need the basic consequences.,"We followed a protocol written for cricetulus griseus crigri, and the samples are pig usmarc. Our lab just got back inherited structural variants in coding regions. I just need the basic consequences."
comm-146,common,pig-tailed macaque,macaca_nemestrina,domestic cattle,These are pig-tailed macaque samples. We have somatic point mutations in promoters and enhancers. I want to know which are pathogenic.,The variants were first reported in domestic cattle; ours are from pig-tailed macaque. We have somatic point mutations in promoters and enhancers. I want to know which are pathogenic.
engl-41,english_word,pika,ochotona_princeps,red-bellied piranha,These samples come from a pika. We have germline SNVs and small indels in coding exons. I just need the consequence types.,"My supervisor works on red-bellied piranha, but the samples are from a pika. We have germline SNVs and small indels in coding exons. I just need the consequence types."
comm-147,common,pike-perch,sander_lucioperca,cervus hanglu yarkandensis,The data are from a pike-perch. I'm working with inherited structural variants in coding regions. I just need the basic consequences.,"We followed a protocol written for cervus hanglu yarkandensis, and the samples are from a pike-perch. I'm working with inherited structural variants in coding regions. I just need the basic consequences."
bino-179,binomial,piliocolobus tephrosceles,piliocolobus_tephrosceles,crab-eating macaque,These are piliocolobus tephrosceles samples. I've got a VCF of inherited structural variants in coding regions. I just need the basic consequences.,"We followed a protocol written for crab-eating macaque, and the samples are piliocolobus tephrosceles. I've got a VCF of inherited structural variants in coding regions. I just need the basic consequences."
comm-148,common,pinecone soldierfish,myripristis_murdjan,zebra finch,The samples are from pinecone soldierfish. Our lab just got back acquired somatic CNVs in regulatory regions. I want to know which are pathogenic.,Not a zebra finch study: the samples are pinecone soldierfish. Our lab just got back acquired somatic CNVs in regulatory regions. I want to know which are pathogenic.
comm-149,common,pink-footed goose,anser_brachyrhynchus,golden snub-nosed monkey,These are pink-footed goose samples. I've got a VCF of germline SNVs and small indels in coding exons. I just need the consequence types.,"My supervisor works on golden snub-nosed monkey, but the samples are pink-footed goose. I've got a VCF of germline SNVs and small indels in coding exons. I just need the consequence types."
engl-42,english_word,platyfish,xiphophorus_maculatus,argentine black and white tegu,The data are from a platyfish. I'm working with somatic point mutations in promoters and enhancers. I want to know which are pathogenic.,The variants were first reported in argentine black and white tegu; ours are from a platyfish. I'm working with somatic point mutations in promoters and enhancers. I want to know which are pathogenic.
trap-6,trap,platypus,ornithorhynchus_anatinus,atlantic cod,The data are from a platypus. We have somatic point mutations in promoters and enhancers. I want to know which are pathogenic.,The variants were first reported in atlantic cod; ours are from a platypus. We have somatic point mutations in promoters and enhancers. I want to know which are pathogenic.
bino-180,binomial,podarcis muralis,podarcis_muralis,guinea pig,The data are from podarcis muralis. We called acquired somatic CNVs in regulatory regions. I want to know which are pathogenic.,Not a guinea pig study: the samples are podarcis muralis. We called acquired somatic CNVs in regulatory regions. I want to know which are pathogenic.
bino-181,binomial,poecilia formosa,poecilia_formosa,japanese medaka hni,The samples are from poecilia formosa. We have germline SNVs and small indels in coding exons. I just need the consequence types.,"My supervisor works on japanese medaka hni, but the samples are poecilia formosa. We have germline SNVs and small indels in coding exons. I just need the consequence types."
bino-182,binomial,poecilia latipinna,poecilia_latipinna,mus musculus,These are poecilia latipinna samples. I'm working with somatic point mutations in promoters and enhancers. I want to know which are pathogenic.,The variants were first reported in mus musculus; ours are from poecilia latipinna. I'm working with somatic point mutations in promoters and enhancers. I want to know which are pathogenic.
bino-183,binomial,poecilia mexicana,poecilia_mexicana,fugu,The data are from poecilia mexicana. Our lab just got back inherited structural variants in coding regions. I just need the basic consequences.,"We followed a protocol written for fugu, and the samples are poecilia mexicana. Our lab just got back inherited structural variants in coding regions. I just need the basic consequences."
bino-184,binomial,poecilia reticulata,poecilia_reticulata,felis catus,The samples are from poecilia reticulata. I've got a VCF of acquired somatic CNVs in regulatory regions. I want to know which are pathogenic.,Not a felis catus study: the samples are poecilia reticulata. I've got a VCF of acquired somatic CNVs in regulatory regions. I want to know which are pathogenic.
bino-185,binomial,pogona vitticeps,pogona_vitticeps,indian peafowl,These are pogona vitticeps samples. We called germline SNVs and small indels in coding exons. I just need the consequence types.,"My supervisor works on indian peafowl, but the samples are pogona vitticeps. We called germline SNVs and small indels in coding exons. I just need the consequence types."
comm-150,common,polar bear,ursus_maritimus,sea squirt ciona intestinalis,The data are from polar bear. We called somatic point mutations in promoters and enhancers. I want to know which are pathogenic.,The variants were first reported in sea squirt ciona intestinalis; ours are from polar bear. We called somatic point mutations in promoters and enhancers. I want to know which are pathogenic.
bino-186,binomial,pongo abelii,pongo_abelii,spoon-billed sandpiper,The data are from pongo abelii. We have somatic point mutations in promoters and enhancers. I want to know which are pathogenic.,The variants were first reported in spoon-billed sandpiper; ours are from pongo abelii. We have somatic point mutations in promoters and enhancers. I want to know which are pathogenic.
comm-151,common,prairie vole,microtus_ochrogaster,common wall lizard,The samples are from prairie vole. We have inherited structural variants in coding regions. I just need the basic consequences.,"We followed a protocol written for common wall lizard, and the samples are prairie vole. We have inherited structural variants in coding regions. I just need the basic consequences."
bino-187,binomial,procavia capensis,procavia_capensis,chinese hamster picr,The samples are from procavia capensis. I'm working with inherited structural variants in coding regions. I just need the basic consequences.,"We followed a protocol written for chinese hamster picr, and the samples are procavia capensis. I'm working with inherited structural variants in coding regions. I just need the basic consequences."
bino-188,binomial,prolemur simus,prolemur_simus,huchen,These are prolemur simus samples. Our lab just got back acquired somatic CNVs in regulatory regions. I want to know which are pathogenic.,Not a huchen study: the samples are prolemur simus. Our lab just got back acquired somatic CNVs in regulatory regions. I want to know which are pathogenic.
bino-189,binomial,propithecus coquereli,propithecus_coquereli,chelonoidis abingdonii,The data are from propithecus coquereli. I've got a VCF of germline SNVs and small indels in coding exons. I just need the consequence types.,"My supervisor works on chelonoidis abingdonii, but the samples are propithecus coquereli. I've got a VCF of germline SNVs and small indels in coding exons. I just need the consequence types."
bino-190,binomial,pseudonaja textilis,pseudonaja_textilis,mus musculus c3hhej,The samples are from pseudonaja textilis. We called somatic point mutations in promoters and enhancers. I want to know which are pathogenic.,The variants were first reported in mus musculus c3hhej; ours are from pseudonaja textilis. We called somatic point mutations in promoters and enhancers. I want to know which are pathogenic.
bino-191,binomial,pteropus vampyrus,pteropus_vampyrus,horned golden-line barbel,These are pteropus vampyrus samples. We have inherited structural variants in coding regions. I just need the basic consequences.,"We followed a protocol written for horned golden-line barbel, and the samples are pteropus vampyrus. We have inherited structural variants in coding regions. I just need the basic consequences."
bino-192,binomial,pundamilia nyererei,pundamilia_nyererei,anser brachyrhynchus,The data are from pundamilia nyererei. I'm working with acquired somatic CNVs in regulatory regions. I want to know which are pathogenic.,Not a anser brachyrhynchus study: the samples are pundamilia nyererei. I'm working with acquired somatic CNVs in regulatory regions. I want to know which are pathogenic.
bino-193,binomial,pygocentrus nattereri,pygocentrus_nattereri,mesocricetus auratus,The samples are from pygocentrus nattereri. Our lab just got back germline SNVs and small indels in coding exons. I just need the consequence types.,"My supervisor works on mesocricetus auratus, but the samples are pygocentrus nattereri. Our lab just got back germline SNVs and small indels in coding exons. I just need the consequence types."
trap-7,trap,rabbit,oryctolagus_cuniculus,xenopus tropicalis,The samples are from a rabbit. I'm working with inherited structural variants in coding regions. I just need the basic consequences.,"We followed a protocol written for xenopus tropicalis, and the samples are from a rabbit. I'm working with inherited structural variants in coding regions. I just need the basic consequences."
comm-152,common,rainbow trout,oncorhynchus_mykiss,serinus canaria,These are rainbow trout samples. I'm working with acquired somatic CNVs in regulatory regions. I want to know which are pathogenic.,Not a serinus canaria study: the samples are rainbow trout. I'm working with acquired somatic CNVs in regulatory regions. I want to know which are pathogenic.
tagg-75,tagged,rat - shr/utx rgd_8142385,rattus_norvegicus,ciona intestinalis,The data are from rat - shr/utx rgd_8142385. We called inherited structural variants in coding regions. I just need the basic consequences.,"We followed a protocol written for ciona intestinalis, and the samples are rat - shr/utx rgd_8142385. We called inherited structural variants in coding regions. I just need the basic consequences."
tagg-76,tagged,rat - shrsp/bbbutx,rattus_norvegicus,elephant shark,The samples are from rat - shrsp/bbbutx. We have acquired somatic CNVs in regulatory regions. I want to know which are pathogenic.,Not a elephant shark study: the samples are rat - shrsp/bbbutx. We have acquired somatic CNVs in regulatory regions. I want to know which are pathogenic.
tagg-77,tagged,rat - wky/bbb rgd_1581635,rattus_norvegicus,pundamilia nyererei,These are rat - wky/bbb rgd_1581635 samples. I'm working with germline SNVs and small indels in coding exons. I just need the consequence types.,"My supervisor works on pundamilia nyererei, but the samples are rat - wky/bbb rgd_1581635. I'm working with germline SNVs and small indels in coding exons. I just need the consequence types."
bino-194,binomial,rattus norvegicus,rattus_norvegicus,latimeria chalumnae,These are rattus norvegicus samples. I've got a VCF of somatic point mutations in promoters and enhancers. I want to know which are pathogenic.,The variants were first reported in latimeria chalumnae; ours are from rattus norvegicus. I've got a VCF of somatic point mutations in promoters and enhancers. I want to know which are pathogenic.
stra-104,strain,rattus norvegicus shrspbbbutx,rattus_norvegicus,midas cichlid,These are rattus norvegicus shrspbbbutx samples. I've got a VCF of acquired somatic CNVs in regulatory regions. I want to know which are pathogenic.,Not a midas cichlid study: the samples are rattus norvegicus shrspbbbutx. I've got a VCF of acquired somatic CNVs in regulatory regions. I want to know which are pathogenic.
stra-105,strain,rattus norvegicus shrutx,rattus_norvegicus,kakapo,The data are from rattus norvegicus shrutx. We called germline SNVs and small indels in coding exons. I just need the consequence types.,"My supervisor works on kakapo, but the samples are rattus norvegicus shrutx. We called germline SNVs and small indels in coding exons. I just need the consequence types."
stra-106,strain,rattus norvegicus wkybbb,rattus_norvegicus,eptatretus burgeri,The samples are from rattus norvegicus wkybbb. We have somatic point mutations in promoters and enhancers. I want to know which are pathogenic.,The variants were first reported in eptatretus burgeri; ours are from rattus norvegicus wkybbb. We have somatic point mutations in promoters and enhancers. I want to know which are pathogenic.
comm-153,common,red fox,vulpes_vulpes,sus scrofa largewhite,The data are from red fox. Our lab just got back germline SNVs and small indels in coding exons. I just need the consequence types.,"My supervisor works on sus scrofa largewhite, but the samples are red fox. Our lab just got back germline SNVs and small indels in coding exons. I just need the consequence types."
comm-154,common,red-bellied piranha,pygocentrus_nattereri,giant panda,The samples are from red-bellied piranha. I've got a VCF of somatic point mutations in promoters and enhancers. I want to know which are pathogenic.,The variants were first reported in giant panda; ours are from red-bellied piranha. I've got a VCF of somatic point mutations in promoters and enhancers. I want to know which are pathogenic.
comm-155,common,reedfish,erpetoichthys_calabaricus,vombatus ursinus,These samples come from a reedfish. We called inherited structural variants in coding regions. I just need the basic consequences.,"We followed a protocol written for vombatus ursinus, and the samples are from a reedfish. We called inherited structural variants in coding regions. I just need the basic consequences."
bino-195,binomial,rhinolophus ferrumequinum,rhinolophus_ferrumequinum,sus scrofa hampshire,The data are from rhinolophus ferrumequinum. We called inherited structural variants in coding regions. I just need the basic consequences.,"We followed a protocol written for sus scrofa hampshire, and the samples are rhinolophus ferrumequinum. We called inherited structural variants in coding regions. I just need the basic consequences."
bino-196,binomial,rhinopithecus bieti,rhinopithecus_bieti,panthera leo,The samples are from rhinopithecus bieti. We have acquired somatic CNVs in regulatory regions. I want to know which are pathogenic.,Not a panthera leo study: the samples are rhinopithecus bieti. We have acquired somatic CNVs in regulatory regions. I want to know which are pathogenic.
bino-197,binomial,rhinopithecus roxellana,rhinopithecus_roxellana,macaca mulatta,These are rhinopithecus roxellana samples. I'm working with germline SNVs and small indels in coding exons. I just need the consequence types.,"My supervisor works on macaca mulatta, but the samples are rhinopithecus roxellana. I'm working with germline SNVs and small indels in coding exons. I just need the consequence types."
comm-156,common,ring-necked pheasant,phasianus_colchicus,gelada,The data are from ring-necked pheasant. We have acquired somatic CNVs in regulatory regions. I want to know which are pathogenic.,Not a gelada study: the samples are ring-necked pheasant. We have acquired somatic CNVs in regulatory regions. I want to know which are pathogenic.
comm-157,common,round goby,neogobius_melanostomus,hyrax,The samples are from round goby. I'm working with germline SNVs and small indels in coding exons. I just need the consequence types.,"My supervisor works on hyrax, but the samples are round goby. I'm working with germline SNVs and small indels in coding exons. I just need the consequence types."
engl-43,english_word,ruff,calidris_pugnax,gorilla gorilla,The samples are from a ruff. Our lab just got back inherited structural variants in coding regions. I just need the basic consequences.,"We followed a protocol written for gorilla gorilla, and the samples are from a ruff. Our lab just got back inherited structural variants in coding regions. I just need the basic consequences."
comm-158,common,rufous-capped babbler,stachyris_ruficeps,neolamprologus brichardi,These are rufous-capped babbler samples. Our lab just got back somatic point mutations in promoters and enhancers. I want to know which are pathogenic.,The variants were first reported in neolamprologus brichardi; ours are from rufous-capped babbler. Our lab just got back somatic point mutations in promoters and enhancers. I want to know which are pathogenic.
comm-159,common,ryukyu mouse,mus_caroli,microtus ochrogaster,The data are from ryukyu mouse. I've got a VCF of inherited structural variants in coding regions. I just need the basic consequences.,"We followed a protocol written for microtus ochrogaster, and the samples are ryukyu mouse. I've got a VCF of inherited structural variants in coding regions. I just need the basic consequences."
comm-160,common,sailfin molly,poecilia_latipinna,northern white-cheeked gibbon,The samples are from sailfin molly. We called acquired somatic CNVs in regulatory regions. I want to know which are pathogenic.,Not a northern white-cheeked gibbon study: the samples are sailfin molly. We called acquired somatic CNVs in regulatory regions. I want to know which are pathogenic.
stra-107,strain,saimiri boliviensis boliviensis,saimiri_boliviensis_boliviensis,pan paniscus,These are saimiri boliviensis boliviensis samples. I'm working with inherited structural variants in coding regions. I just need the basic consequences.,"We followed a protocol written for pan paniscus, and the samples are saimiri boliviensis boliviensis. I'm working with inherited structural variants in coding regions. I just need the basic consequences."
bino-198,binomial,salarias fasciatus,salarias_fasciatus,shortfin molly,The data are from salarias fasciatus. Our lab just got back somatic point mutations in promoters and enhancers. I want to know which are pathogenic.,The variants were first reported in shortfin molly; ours are from salarias fasciatus. Our lab just got back somatic point mutations in promoters and enhancers. I want to know which are pathogenic.
bino-199,binomial,salmo salar,salmo_salar,okarito brown kiwi,The samples are from salmo salar. I've got a VCF of inherited structural variants in coding regions. I just need the basic consequences.,"We followed a protocol written for okarito brown kiwi, and the samples are salmo salar. I've got a VCF of inherited structural variants in coding regions. I just need the basic consequences."
tagg-78,tagged,salmo salar gca021399835v1,salmo_salar,sus scrofa largewhite,The data are from salmo salar gca021399835v1. Our lab just got back somatic point mutations in promoters and enhancers. I want to know which are pathogenic.,The variants were first reported in sus scrofa largewhite; ours are from salmo salar gca021399835v1. Our lab just got back somatic point mutations in promoters and enhancers. I want to know which are pathogenic.
tagg-79,tagged,salmo salar gca923944775v1,salmo_salar,duck,The samples are from salmo salar gca923944775v1. I've got a VCF of inherited structural variants in coding regions. I just need the basic consequences.,"We followed a protocol written for duck, and the samples are salmo salar gca923944775v1. I've got a VCF of inherited structural variants in coding regions. I just need the basic consequences."
tagg-80,tagged,salmo salar gca931346935v2,salmo_salar,mouse c3h/hej,These are salmo salar gca931346935v2 samples. We called acquired somatic CNVs in regulatory regions. I want to know which are pathogenic.,Not a mouse c3h/hej study: the samples are salmo salar gca931346935v2. We called acquired somatic CNVs in regulatory regions. I want to know which are pathogenic.
bino-200,binomial,salmo trutta,salmo_trutta,callorhinchus milii,These are salmo trutta samples. We called acquired somatic CNVs in regulatory regions. I want to know which are pathogenic.,Not a callorhinchus milii study: the samples are salmo trutta. We called acquired somatic CNVs in regulatory regions. I want to know which are pathogenic.
bino-201,binomial,salvator merianae,salvator_merianae,pan paniscus,The data are from salvator merianae. We have germline SNVs and small indels in coding exons. I just need the consequence types.,"My supervisor works on pan paniscus, but the samples are salvator merianae. We have germline SNVs and small indels in coding exons. I just need the consequence types."
bino-202,binomial,sander lucioperca,sander_lucioperca,pinecone soldierfish,The samples are from sander lucioperca. I'm working with somatic point mutations in promoters and enhancers. I want to know which are pathogenic.,The variants were first reported in pinecone soldierfish; ours are from sander lucioperca. I'm working with somatic point mutations in promoters and enhancers. I want to know which are pathogenic.
bino-203,binomial,sarcophilus harrisii,sarcophilus_harrisii,round goby,These are sarcophilus harrisii samples. Our lab just got back inherited structural variants in coding regions. I just need the basic consequences.,"We followed a protocol written for round goby, and the samples are sarcophilus harrisii. Our lab just got back inherited structural variants in coding regions. I just need the basic consequences."
bino-204,binomial,sciurus vulgaris,sciurus_vulgaris,mus musculus casteij,The data are from sciurus vulgaris. I've got a VCF of acquired somatic CNVs in regulatory regions. I want to know which are pathogenic.,Not a mus musculus casteij study: the samples are sciurus vulgaris. I've got a VCF of acquired somatic CNVs in regulatory regions. I want to know which are pathogenic.
bino-205,binomial,scleropages formosus,scleropages_formosus,chrysemys picta bellii,The samples are from scleropages formosus. We called germline SNVs and small indels in coding exons. I just need the consequence types.,"My supervisor works on chrysemys picta bellii, but the samples are scleropages formosus. We called germline SNVs and small indels in coding exons. I just need the consequence types."
bino-206,binomial,scophthalmus maximus,scophthalmus_maximus,balaenoptera musculus,These are scophthalmus maximus samples. We have somatic point mutations in promoters and enhancers. I want to know which are pathogenic.,The variants were first reported in balaenoptera musculus; ours are from scophthalmus maximus. We have somatic point mutations in promoters and enhancers. I want to know which are pathogenic.
comm-161,common,sea lamprey,petromyzon_marinus,alpine marmot,These are sea lamprey samples. We have germline SNVs and small indels in coding exons. I just need the consequence types.,"My supervisor works on alpine marmot, but the samples are sea lamprey. We have germline SNVs and small indels in coding exons. I just need the consequence types."
comm-162,common,sea squirt ciona intestinalis,ciona_intestinalis,lamprey,The data are from sea squirt ciona intestinalis. I'm working with somatic point mutations in promoters and enhancers. I want to know which are pathogenic.,The variants were first reported in lamprey; ours are from sea squirt ciona intestinalis. I'm working with somatic point mutations in promoters and enhancers. I want to know which are pathogenic.
comm-163,common,sea squirt ciona savignyi,ciona_savignyi,northern tree shrew,The samples are from sea squirt ciona savignyi. Our lab just got back inherited structural variants in coding regions. I just need the basic consequences.,"We followed a protocol written for northern tree shrew, and the samples are sea squirt ciona savignyi. Our lab just got back inherited structural variants in coding regions. I just need the basic consequences."
bino-207,binomial,serinus canaria,serinus_canaria,chinese softshell turtle,The data are from serinus canaria. I'm working with inherited structural variants in coding regions. I just need the basic consequences.,"We followed a protocol written for chinese softshell turtle, and the samples are serinus canaria. I'm working with inherited structural variants in coding regions. I just need the basic consequences."
bino-208,binomial,seriola dumerili,seriola_dumerili,bos taurus,The samples are from seriola dumerili. Our lab just got back acquired somatic CNVs in regulatory regions. I want to know which are pathogenic.,Not a bos taurus study: the samples are seriola dumerili. Our lab just got back acquired somatic CNVs in regulatory regions. I want to know which are pathogenic.
stra-108,strain,seriola lalandi dorsalis,seriola_lalandi_dorsalis,rattus norvegicus shrutx,The data are from seriola lalandi dorsalis. Our lab just got back acquired somatic CNVs in regulatory regions. I want to know which are pathogenic.,Not a rattus norvegicus shrutx study: the samples are seriola lalandi dorsalis. Our lab just got back acquired somatic CNVs in regulatory regions. I want to know which are pathogenic.
engl-44,english_word,sheep,ovis_aries,tiger,These samples come from a sheep. I've got a VCF of acquired somatic CNVs in regulatory regions. I want to know which are pathogenic.,Not a tiger study: the samples are from a sheep. I've got a VCF of acquired somatic CNVs in regulatory regions. I want to know which are pathogenic.
tagg-81,tagged,sheep - chinese merino,ovis_aries,kryptolebias marmoratus,The data are from sheep - chinese merino. We have germline SNVs and small indels in coding exons. I just need the consequence types.,"My supervisor works on kryptolebias marmoratus, but the samples are sheep - chinese merino. We have germline SNVs and small indels in coding exons. I just need the consequence types."
tagg-82,tagged,sheep - east friesian,ovis_aries,mouse,The samples are from sheep - east friesian. I'm working with somatic point mutations in promoters and enhancers. I want to know which are pathogenic.,The variants were first reported in mouse; ours are from sheep - east friesian. I'm working with somatic point mutations in promoters and enhancers. I want to know which are pathogenic.
tagg-83,tagged,sheep - hu,ovis_aries,golden-line barbel,These are sheep - hu samples. Our lab just got back inherited structural variants in coding regions. I just need the basic consequences.,"We followed a protocol written for golden-line barbel, and the samples are sheep - hu. Our lab just got back inherited structural variants in coding regions. I just need the basic consequences."
tagg-84,tagged,sheep - kermani,ovis_aries,macaca fascicularis,The data are from sheep - kermani. I've got a VCF of acquired somatic CNVs in regulatory regions. I want to know which are pathogenic.,Not a macaca fascicularis study: the samples are sheep - kermani. I've got a VCF of acquired somatic CNVs in regulatory regions. I want to know which are pathogenic.
tagg-85,tagged,sheep - polled dorset,ovis_aries,lyretail cichlid,The samples are from sheep - polled dorset. We called germline SNVs and small indels in coding exons. I just need the consequence types.,"My supervisor works on lyretail cichlid, but the samples are sheep - polled dorset. We called germline SNVs and small indels in coding exons. I just need the consequence types."
tagg-86,tagged,sheep - qiaoke,ovis_aries,petromyzon marinus,These are sheep - qiaoke samples. We have somatic point mutations in promoters and enhancers. I want to know which are pathogenic.,The variants were first reported in petromyzon marinus; ours are from sheep - qiaoke. We have somatic point mutations in promoters and enhancers. I want to know which are pathogenic.
tagg-87,tagged,sheep - romanov,ovis_aries,daurian ground squirrel,The data are from sheep - romanov. I'm working with inherited structural variants in coding regions. I just need the basic consequences.,"We followed a protocol written for daurian ground squirrel, and the samples are sheep - romanov. I'm working with inherited structural variants in coding regions. I just need the basic consequences."
tagg-88,tagged,sheep - texel,ovis_aries,cricetulus griseus crigri,The samples are from sheep - texel. Our lab just got back acquired somatic CNVs in regulatory regions. I want to know which are pathogenic.,Not a cricetulus griseus crigri study: the samples are sheep - texel. Our lab just got back acquired somatic CNVs in regulatory regions. I want to know which are pathogenic.
tagg-89,tagged,sheep - ujimqin,ovis_aries,spiny chromis,These are sheep - ujimqin samples. I've got a VCF of germline SNVs and small indels in coding exons. I just need the consequence types.,"My supervisor works on spiny chromis, but the samples are sheep - ujimqin. I've got a VCF of germline SNVs and small indels in coding exons. I just need the consequence types."
tagg-90,tagged,sheep - white dorper,ovis_aries,bubo bubo,The data are from sheep - white dorper. We called somatic point mutations in promoters and enhancers. I want to know which are pathogenic.,The variants were first reported in bubo bubo; ours are from sheep - white dorper. We called somatic point mutations in promoters and enhancers. I want to know which are pathogenic.
comm-164,common,sheepshead minnow,cyprinodon_variegatus,chicken,These are sheepshead minnow samples. I've got a VCF of acquired somatic CNVs in regulatory regions. I want to know which are pathogenic.,Not a chicken study: the samples are sheepshead minnow. I've got a VCF of acquired somatic CNVs in regulatory regions. I want to know which are pathogenic.
comm-165,common,shortfin molly,poecilia_mexicana,denticle herring,The data are from shortfin molly. We called germline SNVs and small indels in coding exons. I just need the consequence types.,"My supervisor works on denticle herring, but the samples are shortfin molly. We called germline SNVs and small indels in coding exons. I just need the consequence types."
engl-45,english_word,shrew,sorex_araneus,narwhal,The data are from a shrew. We called germline SNVs and small indels in coding exons. I just need the consequence types.,"My supervisor works on narwhal, but the samples are from a shrew. We called germline SNVs and small indels in coding exons. I just need the consequence types."
comm-166,common,shrew mouse,mus_pahari,great tit,The samples are from shrew mouse. We have somatic point mutations in promoters and enhancers. I want to know which are pathogenic.,The variants were first reported in great tit; ours are from shrew mouse. We have somatic point mutations in promoters and enhancers. I want to know which are pathogenic.
comm-167,common,siamese fighting fish,betta_splendens,poecilia reticulata,These are siamese fighting fish samples. I'm working with inherited structural variants in coding regions. I just need the basic consequences.,"We followed a protocol written for poecilia reticulata, and the samples are siamese fighting fish. I'm working with inherited structural variants in coding regions. I just need the basic consequences."
comm-168,common,siberian musk deer,moschus_moschiferus,sander lucioperca,The data are from siberian musk deer. Our lab just got back acquired somatic CNVs in regulatory regions. I want to know which are pathogenic.,Not a sander lucioperca study: the samples are siberian musk deer. Our lab just got back acquired somatic CNVs in regulatory regions. I want to know which are pathogenic.
stra-109,strain,silver-eye,zosterops_lateralis_melanops,philippine tarsier,The samples are from a silver-eye. I've got a VCF of germline SNVs and small indels in coding exons. I just need the consequence types.,"My supervisor works on philippine tarsier, but the samples are from a silver-eye. I've got a VCF of germline SNVs and small indels in coding exons. I just need the consequence types."
bino-209,binomial,sinocyclocheilus anshuiensis,sinocyclocheilus_anshuiensis,polar bear,These are sinocyclocheilus anshuiensis samples. I've got a VCF of germline SNVs and small indels in coding exons. I just need the consequence types.,"My supervisor works on polar bear, but the samples are sinocyclocheilus anshuiensis. I've got a VCF of germline SNVs and small indels in coding exons. I just need the consequence types."
bino-210,binomial,sinocyclocheilus grahami,sinocyclocheilus_grahami,tree shrew,The data are from sinocyclocheilus grahami. We called somatic point mutations in promoters and enhancers. I want to know which are pathogenic.,The variants were first reported in tree shrew; ours are from sinocyclocheilus grahami. We called somatic point mutations in promoters and enhancers. I want to know which are pathogenic.
bino-211,binomial,sinocyclocheilus rhinocerous,sinocyclocheilus_rhinocerous,blind barbel,The samples are from sinocyclocheilus rhinocerous. We have inherited structural variants in coding regions. I just need the basic consequences.,"We followed a protocol written for blind barbel, and the samples are sinocyclocheilus rhinocerous. We have inherited structural variants in coding regions. I just need the basic consequences."
engl-46,english_word,sloth,choloepus_hoffmanni,salmo salar,The samples are from a sloth. We have somatic point mutations in promoters and enhancers. I want to know which are pathogenic.,The variants were first reported in salmo salar; ours are from a sloth. We have somatic point mutations in promoters and enhancers. I want to know which are pathogenic.
comm-169,common,small madagascar hedgehog,echinops_telfairi,three-toed box turtle,The samples are from small madagascar hedgehog. I've got a VCF of germline SNVs and small indels in coding exons. I just need the consequence types.,"My supervisor works on three-toed box turtle, but the samples are small madagascar hedgehog. I've got a VCF of germline SNVs and small indels in coding exons. I just need the consequence types."
comm-170,common,small tree finch,camarhynchus_parvulus,bos taurus wagyu,These are small tree finch samples. We called somatic point mutations in promoters and enhancers. I want to know which are pathogenic.,The variants were first reported in bos taurus wagyu; ours are from small tree finch. We called somatic point mutations in promoters and enhancers. I want to know which are pathogenic.
comm-171,common,small-eared galago,otolemur_garnettii,common kestrel,The data are from small-eared galago. We have inherited structural variants in coding regions. I just need the basic consequences.,"We followed a protocol written for common kestrel, and the samples are small-eared galago. We have inherited structural variants in coding regions. I just need the basic consequences."
comm-172,common,sooty mangabey,cercocebus_atys,atlantic salmon,The samples are from sooty mangabey. I'm working with acquired somatic CNVs in regulatory regions. I want to know which are pathogenic.,Not a atlantic salmon study: the samples are sooty mangabey. I'm working with acquired somatic CNVs in regulatory regions. I want to know which are pathogenic.
bino-212,binomial,sorex araneus,sorex_araneus,atlantic herring,These are sorex araneus samples. I'm working with acquired somatic CNVs in regulatory regions. I want to know which are pathogenic.,Not a atlantic herring study: the samples are sorex araneus. I'm working with acquired somatic CNVs in regulatory regions. I want to know which are pathogenic.
stra-110,strain,southeastern asian house mouse,mus_musculus_casteij,ictalurus punctatus,These are southeastern asian house mouse samples. We called somatic point mutations in promoters and enhancers. I want to know which are pathogenic.,The variants were first reported in ictalurus punctatus; ours are from southeastern asian house mouse. We called somatic point mutations in promoters and enhancers. I want to know which are pathogenic.
comm-173,common,southern platyfish,xiphophorus_maculatus,chinook salmon,These are southern platyfish samples. Our lab just got back germline SNVs and small indels in coding exons. I just need the consequence types.,"My supervisor works on chinook salmon, but the samples are southern platyfish. Our lab just got back germline SNVs and small indels in coding exons. I just need the consequence types."
bino-213,binomial,sparus aurata,sparus_aurata,canis lupus familiarisgreatdane,The data are from sparus aurata. Our lab just got back germline SNVs and small indels in coding exons. I just need the consequence types.,"My supervisor works on canis lupus familiarisgreatdane, but the samples are sparus aurata. Our lab just got back germline SNVs and small indels in coding exons. I just need the consequence types."
comm-174,common,sperm whale,physeter_catodon,vervet-agm,The data are from sperm whale. I've got a VCF of somatic point mutations in promoters and enhancers. I want to know which are pathogenic.,The variants were first reported in vervet-agm; ours are from sperm whale. I've got a VCF of somatic point mutations in promoters and enhancers. I want to know which are pathogenic.
bino-214,binomial,spermophilus dauricus,spermophilus_dauricus,pan troglodytes,The samples are from spermophilus dauricus. I've got a VCF of somatic point mutations in promoters and enhancers. I want to know which are pathogenic.,The variants were first reported in pan troglodytes; ours are from spermophilus dauricus. I've got a VCF of somatic point mutations in promoters and enhancers. I want to know which are pathogenic.
bino-215,binomial,sphaeramia orbicularis,sphaeramia_orbicularis,siberian musk deer,These are sphaeramia orbicularis samples. We called inherited structural variants in coding regions. I just need the basic consequences.,"We followed a protocol written for siberian musk deer, and the samples are sphaeramia orbicularis. We called inherited structural variants in coding regions. I just need the basic consequences."
bino-216,binomial,sphenodon punctatus,sphenodon_punctatus,neolamprologus brichardi,The data are from sphenodon punctatus. We have acquired somatic CNVs in regulatory regions. I want to know which are pathogenic.,Not a neolamprologus brichardi study: the samples are sphenodon punctatus. We have acquired somatic CNVs in regulatory regions. I want to know which are pathogenic.
comm-175,common,spiny chromis,acanthochromis_polyacanthus,paramormyrops kingsleyae,The samples are from spiny chromis. We called inherited structural variants in coding regions. I just need the basic consequences.,"We followed a protocol written for paramormyrops kingsleyae, and the samples are spiny chromis. We called inherited structural variants in coding regions. I just need the basic consequences."
comm-176,common,spoon-billed sandpiper,calidris_pygmaea,golden-line barbel,These are spoon-billed sandpiper samples. We have acquired somatic CNVs in regulatory regions. I want to know which are pathogenic.,Not a golden-line barbel study: the samples are spoon-billed sandpiper. We have acquired somatic CNVs in regulatory regions. I want to know which are pathogenic.
comm-177,common,spotted gar,lepisosteus_oculatus,bison bison bison,The data are from spotted gar. I'm working with germline SNVs and small indels in coding exons. I just need the consequence types.,"My supervisor works on bison bison bison, but the samples are spotted gar. I'm working with germline SNVs and small indels in coding exons. I just need the consequence types."
comm-178,common,spotted green pufferfish,tetraodon_nigroviridis,nile tilapia,The samples are from spotted green pufferfish. Our lab just got back somatic point mutations in promoters and enhancers. I want to know which are pathogenic.,The variants were first reported in nile tilapia; ours are from spotted green pufferfish. Our lab just got back somatic point mutations in promoters and enhancers. I want to know which are pathogenic.
engl-47,english_word,squirrel,ictidomys_tridecemlineatus,cricetulus griseus crigri,These samples come from a squirrel. I'm working with inherited structural variants in coding regions. I just need the basic consequences.,"We followed a protocol written for cricetulus griseus crigri, and the samples are from a squirrel. I'm working with inherited structural variants in coding regions. I just need the basic consequences."
bino-217,binomial,stachyris ruficeps,stachyris_ruficeps,domestic yak,The samples are from stachyris ruficeps. I'm working with germline SNVs and small indels in coding exons. I just need the consequence types.,"My supervisor works on domestic yak, but the samples are stachyris ruficeps. I'm working with germline SNVs and small indels in coding exons. I just need the consequence types."
bino-218,binomial,stegastes partitus,stegastes_partitus,fundulus heteroclitus,These are stegastes partitus samples. Our lab just got back somatic point mutations in promoters and enhancers. I want to know which are pathogenic.,The variants were first reported in fundulus heteroclitus; ours are from stegastes partitus. Our lab just got back somatic point mutations in promoters and enhancers. I want to know which are pathogenic.
comm-179,common,steppe mouse,mus_spicilegus,colobus angolensis palliatus,These are steppe mouse samples. I've got a VCF of inherited structural variants in coding regions. I just need the basic consequences.,"We followed a protocol written for colobus angolensis palliatus, and the samples are steppe mouse. I've got a VCF of inherited structural variants in coding regions. I just need the basic consequences."
engl-48,english_word,stickleback,gasterosteus_aculeatus,eurasian red squirrel,The data are from a stickleback. Our lab just got back acquired somatic CNVs in regulatory regions. I want to know which are pathogenic.,Not a eurasian red squirrel study: the samples are from a stickleback. Our lab just got back acquired somatic CNVs in regulatory regions. I want to know which are pathogenic.
bino-219,binomial,strigops habroptila,strigops_habroptila,sphaeramia orbicularis,The data are from strigops habroptila. I've got a VCF of inherited structural variants in coding regions. I just need the basic consequences.,"We followed a protocol written for sphaeramia orbicularis, and the samples are strigops habroptila. I've got a VCF of inherited structural variants in coding regions. I just need the basic consequences."
stra-111,strain,strix occidentalis caurina,strix_occidentalis_caurina,ursus maritimus,The data are from strix occidentalis caurina. We have inherited structural variants in coding regions. I just need the basic consequences.,"We followed a protocol written for ursus maritimus, and the samples are strix occidentalis caurina. We have inherited structural variants in coding regions. I just need the basic consequences."
stra-112,strain,struthio camelus australis,struthio_camelus_australis,mouse jf1/msj,The samples are from struthio camelus australis. I'm working with acquired somatic CNVs in regulatory regions. I want to know which are pathogenic.,Not a mouse jf1/msj study: the samples are struthio camelus australis. I'm working with acquired somatic CNVs in regulatory regions. I want to know which are pathogenic.
comm-180,common,sumatran orangutan,pongo_abelii,mouse nzo/hlltj,The data are from sumatran orangutan. We called acquired somatic CNVs in regulatory regions. I want to know which are pathogenic.,Not a mouse nzo/hlltj study: the samples are sumatran orangutan. We called acquired somatic CNVs in regulatory regions. I want to know which are pathogenic.
stra-113,strain,superb fairywren,malurus_cyaneus_samueli,tongue sole,These are superb fairywren samples. Our lab just got back germline SNVs and small indels in coding exons. I just need the consequence types.,"My supervisor works on tongue sole, but the samples are superb fairywren. Our lab just got back germline SNVs and small indels in coding exons. I just need the consequence types."
bino-220,binomial,suricata suricatta,suricata_suricatta,alpaca,The samples are from suricata suricatta. We called acquired somatic CNVs in regulatory regions. I want to know which are pathogenic.,Not a alpaca study: the samples are suricata suricatta. We called acquired somatic CNVs in regulatory regions. I want to know which are pathogenic.
bino-221,binomial,sus scrofa,sus_scrofa,macaca fascicularis,These are sus scrofa samples. We have germline SNVs and small indels in coding exons. I just need the consequence types.,"My supervisor works on macaca fascicularis, but the samples are sus scrofa. We have germline SNVs and small indels in coding exons. I just need the consequence types."
stra-114,strain,sus scrofa bamei,sus_scrofa,large flying fox,The data are from sus scrofa bamei. I've got a VCF of somatic point mutations in promoters and enhancers. I want to know which are pathogenic.,The variants were first reported in large flying fox; ours are from sus scrofa bamei. I've got a VCF of somatic point mutations in promoters and enhancers. I want to know which are pathogenic.
stra-115,strain,sus scrofa berkshire,sus_scrofa,suricata suricatta,The samples are from sus scrofa berkshire. We called inherited structural variants in coding regions. I just need the basic consequences.,"We followed a protocol written for suricata suricatta, and the samples are sus scrofa berkshire. We called inherited structural variants in coding regions. I just need the basic consequences."
tagg-91,tagged,sus scrofa gca007644095v1,sus_scrofa,mainland tiger snake,The samples are from sus scrofa gca007644095v1. We have inherited structural variants in coding regions. I just need the basic consequences.,"We followed a protocol written for mainland tiger snake, and the samples are sus scrofa gca007644095v1. We have inherited structural variants in coding regions. I just need the basic consequences."
tagg-92,tagged,sus scrofa gca015776825v1,sus_scrofa,bonobo,These are sus scrofa gca015776825v1 samples. I'm working with acquired somatic CNVs in regulatory regions. I want to know which are pathogenic.,Not a bonobo study: the samples are sus scrofa gca015776825v1. I'm working with acquired somatic CNVs in regulatory regions. I want to know which are pathogenic.
tagg-93,tagged,sus scrofa gca017957985v1,sus_scrofa,white-throated sparrow,The data are from sus scrofa gca017957985v1. Our lab just got back germline SNVs and small indels in coding exons. I just need the consequence types.,"My supervisor works on white-throated sparrow, but the samples are sus scrofa gca017957985v1. Our lab just got back germline SNVs and small indels in coding exons. I just need the consequence types."
tagg-94,tagged,sus scrofa gca018555405v1,sus_scrofa,ferret,The samples are from sus scrofa gca018555405v1. I've got a VCF of somatic point mutations in promoters and enhancers. I want to know which are pathogenic.,The variants were first reported in ferret; ours are from sus scrofa gca018555405v1. I've got a VCF of somatic point mutations in promoters and enhancers. I want to know which are pathogenic.
tagg-95,tagged,sus scrofa gca019290145v1,sus_scrofa,turkey,These are sus scrofa gca019290145v1 samples. We called inherited structural variants in coding regions. I just need the basic consequences.,"We followed a protocol written for turkey, and the samples are sus scrofa gca019290145v1. We called inherited structural variants in coding regions. I just need the basic consequences."
tagg-96,tagged,sus scrofa gca020567905v1,sus_scrofa,podarcis muralis,The data are from sus scrofa gca020567905v1. We have acquired somatic CNVs in regulatory regions. I want to know which are pathogenic.,Not a podarcis muralis study: the samples are sus scrofa gca020567905v1. We have acquired somatic CNVs in regulatory regions. I want to know which are pathogenic.
tagg-97,tagged,sus scrofa gca021656055v1,sus_scrofa,pan troglodytes,The samples are from sus scrofa gca021656055v1. I'm working with germline SNVs and small indels in coding exons. I just need the consequence types.,"My supervisor works on pan troglodytes, but the samples are sus scrofa gca021656055v1. I'm working with germline SNVs and small indels in coding exons. I just need the consequence types."
tagg-98,tagged,sus scrofa gca024718415v1,sus_scrofa,steppe mouse,These are sus scrofa gca024718415v1 samples. Our lab just got back somatic point mutations in promoters and enhancers. I want to know which are pathogenic.,The variants were first reported in steppe mouse; ours are from sus scrofa gca024718415v1. Our lab just got back somatic point mutations in promoters and enhancers. I want to know which are pathogenic.
tagg-99,tagged,sus scrofa gca037447515v1,sus_scrofa,golden-line barbel,The data are from sus scrofa gca037447515v1. I've got a VCF of inherited structural variants in coding regions. I just need the basic consequences.,"We followed a protocol written for golden-line barbel, and the samples are sus scrofa gca037447515v1. I've got a VCF of inherited structural variants in coding regions. I just need the basic consequences."
tagg-100,tagged,sus scrofa gca039654815v1,sus_scrofa,erythrura gouldiae,The samples are from sus scrofa gca039654815v1. We called acquired somatic CNVs in regulatory regions. I want to know which are pathogenic.,Not a erythrura gouldiae study: the samples are sus scrofa gca039654815v1. We called acquired somatic CNVs in regulatory regions. I want to know which are pathogenic.
tagg-101,tagged,sus scrofa gca040869115v1,sus_scrofa,ma's night monkey,These are sus scrofa gca040869115v1 samples. We have germline SNVs and small indels in coding exons. I just need the consequence types.,"My supervisor works on ma's night monkey, but the samples are sus scrofa gca040869115v1. We have germline SNVs and small indels in coding exons. I just need the consequence types."
tagg-102,tagged,sus scrofa gca041937265v1,sus_scrofa,sailfin molly,The data are from sus scrofa gca041937265v1. I'm working with somatic point mutations in promoters and enhancers. I want to know which are pathogenic.,The variants were first reported in sailfin molly; ours are from sus scrofa gca041937265v1. I'm working with somatic point mutations in promoters and enhancers. I want to know which are pathogenic.
tagg-103,tagged,sus scrofa gca044906105v1,sus_scrofa,moschus moschiferus,The samples are from sus scrofa gca044906105v1. Our lab just got back inherited structural variants in coding regions. I just need the basic consequences.,"We followed a protocol written for moschus moschiferus, and the samples are sus scrofa gca044906105v1. Our lab just got back inherited structural variants in coding regions. I just need the basic consequences."
tagg-104,tagged,sus scrofa gca044906185v1,sus_scrofa,cricetulus griseus crigri,These are sus scrofa gca044906185v1 samples. I've got a VCF of acquired somatic CNVs in regulatory regions. I want to know which are pathogenic.,Not a cricetulus griseus crigri study: the samples are sus scrofa gca044906185v1. I've got a VCF of acquired somatic CNVs in regulatory regions. I want to know which are pathogenic.
tagg-105,tagged,sus scrofa gca046128825v1,sus_scrofa,sciurus vulgaris,The data are from sus scrofa gca046128825v1. We called germline SNVs and small indels in coding exons. I just need the consequence types.,"My supervisor works on sciurus vulgaris, but the samples are sus scrofa gca046128825v1. We called germline SNVs and small indels in coding exons. I just need the consequence types."
tagg-106,tagged,sus scrofa gca048338725v1,sus_scrofa,cricetulus griseus picr,The samples are from sus scrofa gca048338725v1. We have somatic point mutations in promoters and enhancers. I want to know which are pathogenic.,The variants were first reported in cricetulus griseus picr; ours are from sus scrofa gca048338725v1. We have somatic point mutations in promoters and enhancers. I want to know which are pathogenic.
tagg-107,tagged,sus scrofa gca963921485v1,sus_scrofa,domestic guinea pig,These are sus scrofa gca963921485v1 samples. I'm working with inherited structural variants in coding regions. I just need the basic consequences.,"We followed a protocol written for domestic guinea pig, and the samples are sus scrofa gca963921485v1. I'm working with inherited structural variants in coding regions. I just need the basic consequences."
stra-116,strain,sus scrofa hampshire,sus_scrofa,erpetoichthys calabaricus,These are sus scrofa hampshire samples. We have acquired somatic CNVs in regulatory regions. I want to know which are pathogenic.,Not a erpetoichthys calabaricus study: the samples are sus scrofa hampshire. We have acquired somatic CNVs in regulatory regions. I want to know which are pathogenic.
stra-117,strain,sus scrofa jinhua,sus_scrofa,japanese medaka hsok,The data are from sus scrofa jinhua. I'm working with germline SNVs and small indels in coding exons. I just need the consequence types.,"My supervisor works on japanese medaka hsok, but the samples are sus scrofa jinhua. I'm working with germline SNVs and small indels in coding exons. I just need the consequence types."
stra-118,strain,sus scrofa landrace,sus_scrofa,japanese medaka hdrr,The samples are from sus scrofa landrace. Our lab just got back somatic point mutations in promoters and enhancers. I want to know which are pathogenic.,The variants were first reported in japanese medaka hdrr; ours are from sus scrofa landrace. Our lab just got back somatic point mutations in promoters and enhancers. I want to know which are pathogenic.
stra-119,strain,sus scrofa largewhite,sus_scrofa,poecilia latipinna,These are sus scrofa largewhite samples. I've got a VCF of inherited structural variants in coding regions. I just need the basic consequences.,"We followed a protocol written for poecilia latipinna, and the samples are sus scrofa largewhite. I've got a VCF of inherited structural variants in coding regions. I just need the basic consequences."
stra-120,strain,sus scrofa meishan,sus_scrofa,steppe mouse,The data are from sus scrofa meishan. We called acquired somatic CNVs in regulatory regions. I want to know which are pathogenic.,Not a steppe mouse study: the samples are sus scrofa meishan. We called acquired somatic CNVs in regulatory regions. I want to know which are pathogenic.
stra-121,strain,sus scrofa pietrain,sus_scrofa,oncorhynchus tshawytscha,The samples are from sus scrofa pietrain. We have germline SNVs and small indels in coding exons. I just need the consequence types.,"My supervisor works on oncorhynchus tshawytscha, but the samples are sus scrofa pietrain. We have germline SNVs and small indels in coding exons. I just need the consequence types."
stra-122,strain,sus scrofa rongchang,sus_scrofa,mouse c3h/hej,These are sus scrofa rongchang samples. I'm working with somatic point mutations in promoters and enhancers. I want to know which are pathogenic.,The variants were first reported in mouse c3h/hej; ours are from sus scrofa rongchang. I'm working with somatic point mutations in promoters and enhancers. I want to know which are pathogenic.
stra-123,strain,sus scrofa tibetan,sus_scrofa,numida meleagris,The data are from sus scrofa tibetan. Our lab just got back inherited structural variants in coding regions. I just need the basic consequences.,"We followed a protocol written for numida meleagris, and the samples are sus scrofa tibetan. Our lab just got back inherited structural variants in coding regions. I just need the basic consequences."
stra-124,strain,sus scrofa usmarc,sus_scrofa,ring-necked pheasant,The samples are from sus scrofa usmarc. I've got a VCF of acquired somatic CNVs in regulatory regions. I want to know which are pathogenic.,Not a ring-necked pheasant study: the samples are sus scrofa usmarc. I've got a VCF of acquired somatic CNVs in regulatory regions. I want to know which are pathogenic.
stra-125,strain,sus scrofa wuzhishan,sus_scrofa,central bearded dragon,These are sus scrofa wuzhishan samples. We called germline SNVs and small indels in coding exons. I just need the consequence types.,"My supervisor works on central bearded dragon, but the samples are sus scrofa wuzhishan. We called germline SNVs and small indels in coding exons. I just need the consequence types."
comm-181,common,swainson's thrush,catharus_ustulatus,alpaca,The samples are from swainson's thrush. We have germline SNVs and small indels in coding exons. I just need the consequence types.,"My supervisor works on alpaca, but the samples are swainson's thrush. We have germline SNVs and small indels in coding exons. I just need the consequence types."
comm-182,common,swamp eel,monopterus_albus,ictalurus punctatus,These are swamp eel samples. I'm working with somatic point mutations in promoters and enhancers. I want to know which are pathogenic.,The variants were first reported in ictalurus punctatus; ours are from swamp eel. I'm working with somatic point mutations in promoters and enhancers. I want to know which are pathogenic.
comm-183,common,swan goose,anser_cygnoides,mus musculus cbaj,The data are from swan goose. Our lab just got back inherited structural variants in coding regions. I just need the basic consequences.,"We followed a protocol written for mus musculus cbaj, and the samples are swan goose. Our lab just got back inherited structural variants in coding regions. I just need the basic consequences."
bino-222,binomial,taeniopygia guttata,taeniopygia_guttata,manacus vitellinus,The data are from taeniopygia guttata. I'm working with somatic point mutations in promoters and enhancers. I want to know which are pathogenic.,The variants were first reported in manacus vitellinus; ours are from taeniopygia guttata. I'm working with somatic point mutations in promoters and enhancers. I want to know which are pathogenic.
bino-223,binomial,takifugu rubripes,takifugu_rubripes,anabas testudineus,The samples are from takifugu rubripes. Our lab just got back inherited structural variants in coding regions. I just need the basic consequences.,"We followed a protocol written for anabas testudineus, and the samples are takifugu rubripes. Our lab just got back inherited structural variants in coding regions. I just need the basic consequences."
comm-184,common,tammar wallaby,notamacropus_eugenii,brown trout,The samples are from tammar wallaby. I've got a VCF of acquired somatic CNVs in regulatory regions. I want to know which are pathogenic.,Not a brown trout study: the samples are tammar wallaby. I've got a VCF of acquired somatic CNVs in regulatory regions. I want to know which are pathogenic.
engl-49,english_word,tarsier,carlito_syrichta,gouldian finch,The samples are from a tarsier. I've got a VCF of germline SNVs and small indels in coding exons. I just need the consequence types.,"My supervisor works on gouldian finch, but the samples are from a tarsier. I've got a VCF of germline SNVs and small indels in coding exons. I just need the consequence types."
comm-185,common,tasmanian devil,sarcophilus_harrisii,steppe mouse,These are tasmanian devil samples. We called germline SNVs and small indels in coding exons. I just need the consequence types.,"My supervisor works on steppe mouse, but the samples are tasmanian devil. We called germline SNVs and small indels in coding exons. I just need the consequence types."
stra-126,strain,terrapene carolina triunguis,terrapene_carolina_triunguis,electric eel,The data are from terrapene carolina triunguis. We have somatic point mutations in promoters and enhancers. I want to know which are pathogenic.,The variants were first reported in electric eel; ours are from terrapene carolina triunguis. We have somatic point mutations in promoters and enhancers. I want to know which are pathogenic.
engl-50,english_word,tetraodon,tetraodon_nigroviridis,mouse wsb/eij,These samples come from a tetraodon. We called somatic point mutations in promoters and enhancers. I want to know which are pathogenic.,The variants were first reported in mouse wsb/eij; ours are from a tetraodon. We called somatic point mutations in promoters and enhancers. I want to know which are pathogenic.
bino-224,binomial,tetraodon nigroviridis,tetraodon_nigroviridis,platypus,These are tetraodon nigroviridis samples. I've got a VCF of acquired somatic CNVs in regulatory regions. I want to know which are pathogenic.,Not a platypus study: the samples are tetraodon nigroviridis. I've got a VCF of acquired somatic CNVs in regulatory regions. I want to know which are pathogenic.
bino-225,binomial,theropithecus gelada,theropithecus_gelada,lepidothrix coronata,The data are from theropithecus gelada. We called germline SNVs and small indels in coding exons. I just need the consequence types.,"My supervisor works on lepidothrix coronata, but the samples are theropithecus gelada. We called germline SNVs and small indels in coding exons. I just need the consequence types."
comm-186,common,thirteen-lined ground squirrel,ictidomys_tridecemlineatus,maylandia zebra,The data are from thirteen-lined ground squirrel. We have somatic point mutations in promoters and enhancers. I want to know which are pathogenic.,The variants were first reported in maylandia zebra; ours are from thirteen-lined ground squirrel. We have somatic point mutations in promoters and enhancers. I want to know which are pathogenic.
stra-127,strain,three-spined stickleback,gasterosteus_aculeatus,ma's night monkey,The samples are from three-spined stickleback. I'm working with inherited structural variants in coding regions. I just need the basic consequences.,"We followed a protocol written for ma's night monkey, and the samples are three-spined stickleback. I'm working with inherited structural variants in coding regions. I just need the basic consequences."
tagg-108,tagged,three-spined sticklebacki - freshwater bot,gasterosteus_aculeatus,domestic yak,The data are from three-spined sticklebacki - freshwater bot. Our lab just got back acquired somatic CNVs in regulatory regions. I want to know which are pathogenic.,Not a domestic yak study: the samples are three-spined sticklebacki - freshwater bot. Our lab just got back acquired somatic CNVs in regulatory regions. I want to know which are pathogenic.
tagg-109,tagged,three-spined sticklebacki - marine bam,gasterosteus_aculeatus,loxodonta africana,The samples are from three-spined sticklebacki - marine bam. I've got a VCF of germline SNVs and small indels in coding exons. I just need the consequence types.,"My supervisor works on loxodonta africana, but the samples are three-spined sticklebacki - marine bam. I've got a VCF of germline SNVs and small indels in coding exons. I just need the consequence types."
tagg-110,tagged,three-spined sticklebacki - marine syl,gasterosteus_aculeatus,zosterops lateralis melanops,These are three-spined sticklebacki - marine syl samples. We called somatic point mutations in promoters and enhancers. I want to know which are pathogenic.,The variants were first reported in zosterops lateralis melanops; ours are from three-spined sticklebacki - marine syl. We called somatic point mutations in promoters and enhancers. I want to know which are pathogenic.
stra-128,strain,three-toed box turtle,terrapene_carolina_triunguis,burrowing owl,These are three-toed box turtle samples. Our lab just got back acquired somatic CNVs in regulatory regions. I want to know which are pathogenic.,Not a burrowing owl study: the samples are three-toed box turtle. Our lab just got back acquired somatic CNVs in regulatory regions. I want to know which are pathogenic.
engl-51,english_word,tiger,panthera_tigris_altaica,rattus norvegicus,The data are from a tiger. We have inherited structural variants in coding regions. I just need the basic consequences.,"We followed a protocol written for rattus norvegicus, and the samples are from a tiger. We have inherited structural variants in coding regions. I just need the basic consequences."
comm-187,common,tiger tail seahorse,hippocampus_comes,pachon cavefish,The samples are from tiger tail seahorse. I'm working with inherited structural variants in coding regions. I just need the basic consequences.,"We followed a protocol written for pachon cavefish, and the samples are tiger tail seahorse. I'm working with inherited structural variants in coding regions. I just need the basic consequences."
comm-188,common,tongue sole,cynoglossus_semilaevis,turkey,These are tongue sole samples. Our lab just got back acquired somatic CNVs in regulatory regions. I want to know which are pathogenic.,Not a turkey study: the samples are tongue sole. Our lab just got back acquired somatic CNVs in regulatory regions. I want to know which are pathogenic.
comm-189,common,tree shrew,tupaia_belangeri,white-tufted-ear marmoset,The data are from tree shrew. I've got a VCF of germline SNVs and small indels in coding exons. I just need the consequence types.,"My supervisor works on white-tufted-ear marmoset, but the samples are tree shrew. I've got a VCF of germline SNVs and small indels in coding exons. I just need the consequence types."
comm-190,common,tropical clawed frog,xenopus_tropicalis,african savanna elephant,The samples are from tropical clawed frog. We called somatic point mutations in promoters and enhancers. I want to know which are pathogenic.,The variants were first reported in african savanna elephant; ours are from tropical clawed frog. We called somatic point mutations in promoters and enhancers. I want to know which are pathogenic.
engl-52,english_word,tuatara,sphenodon_punctatus,mus musculus wsbeij,The samples are from a tuatara. I'm working with acquired somatic CNVs in regulatory regions. I want to know which are pathogenic.,Not a mus musculus wsbeij study: the samples are from a tuatara. I'm working with acquired somatic CNVs in regulatory regions. I want to know which are pathogenic.
bino-226,binomial,tupaia belangeri,tupaia_belangeri,dicentrarchus labrax,The samples are from tupaia belangeri. We have somatic point mutations in promoters and enhancers. I want to know which are pathogenic.,The variants were first reported in dicentrarchus labrax; ours are from tupaia belangeri. We have somatic point mutations in promoters and enhancers. I want to know which are pathogenic.
engl-53,english_word,turbot,scophthalmus_maximus,propithecus coquereli,These samples come from a turbot. Our lab just got back germline SNVs and small indels in coding exons. I just need the consequence types.,"My supervisor works on propithecus coquereli, but the samples are from a turbot. Our lab just got back germline SNVs and small indels in coding exons. I just need the consequence types."
trap-8,trap,turkey,meleagris_gallopavo,vaquita,These samples come from a turkey. Our lab just got back acquired somatic CNVs in regulatory regions. I want to know which are pathogenic.,Not a vaquita study: the samples are from a turkey. Our lab just got back acquired somatic CNVs in regulatory regions. I want to know which are pathogenic.
comm-191,common,turquoise killifish,nothobranchius_furzeri,mallard,These are turquoise killifish samples. We have inherited structural variants in coding regions. I just need the basic consequences.,"We followed a protocol written for mallard, and the samples are turquoise killifish. We have inherited structural variants in coding regions. I just need the basic consequences."
bino-227,binomial,tursiops truncatus,tursiops_truncatus,oryzias latipes hsok,These are tursiops truncatus samples. I'm working with inherited structural variants in coding regions. I just need the basic consequences.,"We followed a protocol written for oryzias latipes hsok, and the samples are tursiops truncatus. I'm working with inherited structural variants in coding regions. I just need the basic consequences."
comm-192,common,ugandan red colobus,piliocolobus_tephrosceles,siberian musk deer,The data are from ugandan red colobus. I'm working with acquired somatic CNVs in regulatory regions. I want to know which are pathogenic.,Not a siberian musk deer study: the samples are ugandan red colobus. I'm working with acquired somatic CNVs in regulatory regions. I want to know which are pathogenic.
comm-193,common,upper galilee mountains blind mole rat,nannospalax_galili,oreochromis niloticus,The samples are from upper galilee mountains blind mole rat. Our lab just got back germline SNVs and small indels in coding exons. I just need the consequence types.,"My supervisor works on oreochromis niloticus, but the samples are upper galilee mountains blind mole rat. Our lab just got back germline SNVs and small indels in coding exons. I just need the consequence types."
bino-228,binomial,urocitellus parryii,urocitellus_parryii,notechis scutatus,The data are from urocitellus parryii. Our lab just got back acquired somatic CNVs in regulatory regions. I want to know which are pathogenic.,Not a notechis scutatus study: the samples are urocitellus parryii. Our lab just got back acquired somatic CNVs in regulatory regions. I want to know which are pathogenic.
bino-229,binomial,ursus americanus,ursus_americanus,mus musculus pwkphj,The samples are from ursus americanus. I've got a VCF of germline SNVs and small indels in coding exons. I just need the consequence types.,"My supervisor works on mus musculus pwkphj, but the samples are ursus americanus. I've got a VCF of germline SNVs and small indels in coding exons. I just need the consequence types."
bino-230,binomial,ursus maritimus,ursus_maritimus,common carp hebao red,These are ursus maritimus samples. We called somatic point mutations in promoters and enhancers. I want to know which are pathogenic.,The variants were first reported in common carp hebao red; ours are from ursus maritimus. We called somatic point mutations in promoters and enhancers. I want to know which are pathogenic.
stra-129,strain,ursus thibetanus thibetanus,ursus_thibetanus_thibetanus,sciurus vulgaris,The data are from ursus thibetanus thibetanus. I've got a VCF of germline SNVs and small indels in coding exons. I just need the consequence types.,"My supervisor works on sciurus vulgaris, but the samples are ursus thibetanus thibetanus. I've got a VCF of germline SNVs and small indels in coding exons. I just need the consequence types."
comm-194,common,vaquita,phocoena_sinus,common kestrel,These samples come from a vaquita. I've got a VCF of somatic point mutations in promoters and enhancers. I want to know which are pathogenic.,The variants were first reported in common kestrel; ours are from a vaquita. I've got a VCF of somatic point mutations in promoters and enhancers. I want to know which are pathogenic.
bino-231,binomial,varanus komodoensis,varanus_komodoensis,greater amberjack,The data are from varanus komodoensis. We have inherited structural variants in coding regions. I just need the basic consequences.,"We followed a protocol written for greater amberjack, and the samples are varanus komodoensis. We have inherited structural variants in coding regions. I just need the basic consequences."
comm-195,common,vervet-agm,chlorocebus_sabaeus,fukomys damarensis,The data are from a vervet-agm. We called inherited structural variants in coding regions. I just need the basic consequences.,"We followed a protocol written for fukomys damarensis, and the samples are from a vervet-agm. We called inherited structural variants in coding regions. I just need the basic consequences."
bino-232,binomial,vicugna pacos,vicugna_pacos,oryzias latipes hni,The samples are from vicugna pacos. I'm working with acquired somatic CNVs in regulatory regions. I want to know which are pathogenic.,Not a oryzias latipes hni study: the samples are vicugna pacos. I'm working with acquired somatic CNVs in regulatory regions. I want to know which are pathogenic.
engl-54,english_word,vole,microtus_ochrogaster,donkey,The data are from a vole. I've got a VCF of somatic point mutations in promoters and enhancers. I want to know which are pathogenic.,The variants were first reported in donkey; ours are from a vole. I've got a VCF of somatic point mutations in promoters and enhancers. I want to know which are pathogenic.
bino-233,binomial,vombatus ursinus,vombatus_ursinus,ass,These are vombatus ursinus samples. Our lab just got back germline SNVs and small indels in coding exons. I just need the consequence types.,"My supervisor works on ass, but the samples are vombatus ursinus. Our lab just got back germline SNVs and small indels in coding exons. I just need the consequence types."
bino-234,binomial,vulpes vulpes,vulpes_vulpes,indian peafowl,The data are from vulpes vulpes. I've got a VCF of somatic point mutations in promoters and enhancers. I want to know which are pathogenic.,The variants were first reported in indian peafowl; ours are from vulpes vulpes. I've got a VCF of somatic point mutations in promoters and enhancers. I want to know which are pathogenic.
engl-55,english_word,wallaby,notamacropus_eugenii,propithecus coquereli,The samples are from a wallaby. We called inherited structural variants in coding regions. I just need the basic consequences.,"We followed a protocol written for propithecus coquereli, and the samples are from a wallaby. We called inherited structural variants in coding regions. I just need the basic consequences."
comm-196,common,west african mud turtle,pelusios_castaneus,parus major,The samples are from west african mud turtle. We have acquired somatic CNVs in regulatory regions. I want to know which are pathogenic.,Not a parus major study: the samples are west african mud turtle. We have acquired somatic CNVs in regulatory regions. I want to know which are pathogenic.
comm-197,common,western european hedgehog,erinaceus_europaeus,denticle herring,These are western european hedgehog samples. I'm working with germline SNVs and small indels in coding exons. I just need the consequence types.,"My supervisor works on denticle herring, but the samples are western european hedgehog. I'm working with germline SNVs and small indels in coding exons. I just need the consequence types."
stra-130,strain,western european house mouse,mus_musculus_wsbeij,erpetoichthys calabaricus,The samples are from western european house mouse. We called somatic point mutations in promoters and enhancers. I want to know which are pathogenic.,The variants were first reported in erpetoichthys calabaricus; ours are from western european house mouse. We called somatic point mutations in promoters and enhancers. I want to know which are pathogenic.
comm-198,common,western lowland gorilla,gorilla_gorilla,myotis lucifugus,The data are from western lowland gorilla. Our lab just got back somatic point mutations in promoters and enhancers. I want to know which are pathogenic.,The variants were first reported in myotis lucifugus; ours are from western lowland gorilla. Our lab just got back somatic point mutations in promoters and enhancers. I want to know which are pathogenic.
comm-199,common,western mosquitofish,gambusia_affinis,bicolor damselfish,The samples are from western mosquitofish. I've got a VCF of inherited structural variants in coding regions. I just need the basic consequences.,"We followed a protocol written for bicolor damselfish, and the samples are western mosquitofish. I've got a VCF of inherited structural variants in coding regions. I just need the basic consequences."
stra-131,strain,western painted turtle,chrysemys_picta_bellii,otus sunia,These are western painted turtle samples. We have inherited structural variants in coding regions. I just need the basic consequences.,"We followed a protocol written for otus sunia, and the samples are western painted turtle. We have inherited structural variants in coding regions. I just need the basic consequences."
comm-200,common,western wild mouse,mus_spretus,cape rock hyrax,These are western wild mouse samples. We called acquired somatic CNVs in regulatory regions. I want to know which are pathogenic.,Not a cape rock hyrax study: the samples are western wild mouse. We called acquired somatic CNVs in regulatory regions. I want to know which are pathogenic.
comm-201,common,white-throated sparrow,zonotrichia_albicollis,aotus nancymaae,The data are from white-throated sparrow. We have germline SNVs and small indels in coding exons. I just need the consequence types.,"My supervisor works on aotus nancymaae, but the samples are white-throated sparrow. We have germline SNVs and small indels in coding exons. I just need the consequence types."
comm-202,common,white-tufted-ear marmoset,callithrix_jacchus,helmeted guineafowl,The samples are from white-tufted-ear marmoset. I'm working with somatic point mutations in promoters and enhancers. I want to know which are pathogenic.,The variants were first reported in helmeted guineafowl; ours are from white-tufted-ear marmoset. I'm working with somatic point mutations in promoters and enhancers. I want to know which are pathogenic.
comm-203,common,wild yak,bos_mutus,oryctolagus cuniculus,These are wild yak samples. Our lab just got back inherited structural variants in coding regions. I just need the basic consequences.,"We followed a protocol written for oryctolagus cuniculus, and the samples are wild yak. Our lab just got back inherited structural variants in coding regions. I just need the basic consequences."
bino-235,binomial,xenopus tropicalis,xenopus_tropicalis,panamanian white-faced capuchin,The samples are from xenopus tropicalis. We called inherited structural variants in coding regions. I just need the basic consequences.,"We followed a protocol written for panamanian white-faced capuchin, and the samples are xenopus tropicalis. We called inherited structural variants in coding regions. I just need the basic consequences."
bino-236,binomial,xiphophorus couchianus,xiphophorus_couchianus,mus musculus fvbnj,These are xiphophorus couchianus samples. We have acquired somatic CNVs in regulatory regions. I want to know which are pathogenic.,Not a mus musculus fvbnj study: the samples are xiphophorus couchianus. We have acquired somatic CNVs in regulatory regions. I want to know which are pathogenic.
bino-237,binomial,xiphophorus maculatus,xiphophorus_maculatus,central bearded dragon,The data are from xiphophorus maculatus. I'm working with germline SNVs and small indels in coding exons. I just need the consequence types.,"My supervisor works on central bearded dragon, but the samples are xiphophorus maculatus. I'm working with germline SNVs and small indels in coding exons. I just need the consequence types."
stra-132,strain,yarkand deer,cervus_hanglu_yarkandensis,western mosquitofish,The data are from yarkand deer. I'm working with acquired somatic CNVs in regulatory regions. I want to know which are pathogenic.,Not a western mosquitofish study: the samples are yarkand deer. I'm working with acquired somatic CNVs in regulatory regions. I want to know which are pathogenic.
comm-204,common,yellow-billed parrot,amazona_collaria,ailuropoda melanoleuca,The data are from yellow-billed parrot. I've got a VCF of acquired somatic CNVs in regulatory regions. I want to know which are pathogenic.,Not a ailuropoda melanoleuca study: the samples are yellow-billed parrot. I've got a VCF of acquired somatic CNVs in regulatory regions. I want to know which are pathogenic.
stra-133,strain,yellowtail amberjack,seriola_lalandi_dorsalis,seriola dumerili,The samples are from yellowtail amberjack. Our lab just got back germline SNVs and small indels in coding exons. I just need the consequence types.,"My supervisor works on seriola dumerili, but the samples are yellowtail amberjack. Our lab just got back germline SNVs and small indels in coding exons. I just need the consequence types."
bino-238,binomial,zalophus californianus,zalophus_californianus,apteryx haastii,The samples are from zalophus californianus. Our lab just got back somatic point mutations in promoters and enhancers. I want to know which are pathogenic.,The variants were first reported in apteryx haastii; ours are from zalophus californianus. Our lab just got back somatic point mutations in promoters and enhancers. I want to know which are pathogenic.
comm-205,common,zebra finch,taeniopygia_guttata,steppe mouse,The samples are from zebra finch. We called germline SNVs and small indels in coding exons. I just need the consequence types.,"My supervisor works on steppe mouse, but the samples are zebra finch. We called germline SNVs and small indels in coding exons. I just need the consequence types."
comm-206,common,zebra mbuna,maylandia_zebra,naked mole-rat female,These are zebra mbuna samples. We have somatic point mutations in promoters and enhancers. I want to know which are pathogenic.,The variants were first reported in naked mole-rat female; ours are from zebra mbuna. We have somatic point mutations in promoters and enhancers. I want to know which are pathogenic.
comm-207,common,zebrafish,danio_rerio,notechis scutatus,The data are from a zebrafish. I'm working with inherited structural variants in coding regions. I just need the basic consequences.,"We followed a protocol written for notechis scutatus, and the samples are from a zebrafish. I'm working with inherited structural variants in coding regions. I just need the basic consequences."
comm-208,common,zig-zag eel,mastacembelus_armatus,atlantic salmon,The samples are from zig-zag eel. Our lab just got back acquired somatic CNVs in regulatory regions. I want to know which are pathogenic.,Not a atlantic salmon study: the samples are zig-zag eel. Our lab just got back acquired somatic CNVs in regulatory regions. I want to know which are pathogenic.
bino-239,binomial,zonotrichia albicollis,zonotrichia_albicollis,junco hyemalis,These are zonotrichia albicollis samples. I've got a VCF of inherited structural variants in coding regions. I just need the basic consequences.,"We followed a protocol written for junco hyemalis, and the samples are zonotrichia albicollis. I've got a VCF of inherited structural variants in coding regions. I just need the basic consequences."
stra-134,strain,zosterops lateralis melanops,zosterops_lateralis_melanops,sinocyclocheilus anshuiensis,These are zosterops lateralis melanops samples. I've got a VCF of somatic point mutations in promoters and enhancers. I want to know which are pathogenic.,The variants were first reported in sinocyclocheilus anshuiensis; ours are from zosterops lateralis melanops. I've got a VCF of somatic point mutations in promoters and enhancers. I want to know which are pathogenic.
