id,factor,trick,background,plain_query,plain_truth,trap_query,trap_truth,twin_query,twin_truth,absent_query,absent_truth,label_ok (fill in)
spec-nega-1,species,negation,"{""origin"": ""germline"", ""variant_size_class"": [""small""], ""region_focus"": [""regulatory-noncoding""], ""analysis_goal"": [""basic-consequence""]}","It's all human data. Basic consequence annotation, non-coding regulatory elements, constitutional calls, single-nucleotide variants.",human,"Not a mouse study: the samples are from human volunteers. Basic consequence annotation, non-coding regulatory elements, constitutional calls, single-nucleotide variants.",human,"A mouse study: the samples are from laboratory mice. Basic consequence annotation, non-coding regulatory elements, constitutional calls, single-nucleotide variants.",non-human,"Basic consequence annotation, non-coding regulatory elements, constitutional calls, single-nucleotide variants.",unstated,
spec-nega-2,species,negation,"{""origin"": ""somatic"", ""variant_size_class"": [""small""], ""region_focus"": [""coding""], ""analysis_goal"": [""clinical-interpretation""]}","Point mutations and short indels, in coding sequence, somatic calls, pathogenicity assessment. The samples are human.",human,"Point mutations and short indels, in coding sequence, somatic calls, pathogenicity assessment. No zebrafish involved this time, the DNA is from people in our volunteer cohort.",human,"Point mutations and short indels, in coding sequence, somatic calls, pathogenicity assessment. Zebrafish only this time, the DNA is from our fish facility.",non-human,"Point mutations and short indels, in coding sequence, somatic calls, pathogenicity assessment.",unstated,
spec-nega-3,species,negation,"{""origin"": ""somatic"", ""variant_size_class"": [""small""], ""region_focus"": [""coding""], ""analysis_goal"": [""basic-consequence""]}","It's all human data. Single-nucleotide variants, basic consequence annotation, protein-coding exons, somatic mutations.",human,"We are not working with dog genomes here; the reads are human. Single-nucleotide variants, basic consequence annotation, protein-coding exons, somatic mutations.",human,"We are working with dog genomes here; the reads are canine. Single-nucleotide variants, basic consequence annotation, protein-coding exons, somatic mutations.",non-human,"Single-nucleotide variants, basic consequence annotation, protein-coding exons, somatic mutations.",unstated,
spec-nega-4,species,negation,"{""origin"": ""germline"", ""variant_size_class"": [""small""], ""region_focus"": [""regulatory-noncoding""], ""analysis_goal"": [""clinical-interpretation""]}","Non-coding regulatory elements, inherited variants, clinical interpretation, SNVs and small indels. The samples are from zebrafish.",non-human,"Non-coding regulatory elements, inherited variants, clinical interpretation, SNVs and small indels. Not human data: the reads come from our pig herd.",non-human,"Non-coding regulatory elements, inherited variants, clinical interpretation, SNVs and small indels. Human data: the reads come from our volunteer donors.",human,"Non-coding regulatory elements, inherited variants, clinical interpretation, SNVs and small indels.",unstated,
spec-nega-5,species,negation,"{""origin"": ""somatic"", ""variant_size_class"": [""small""], ""region_focus"": [""regulatory-noncoding""], ""analysis_goal"": [""clinical-interpretation""]}","The samples are from rat. Somatic calls, promoters and enhancers, point mutations and short indels, clinical interpretation.",non-human,"Nothing from people in this set, it is all chicken lines. Somatic calls, promoters and enhancers, point mutations and short indels, clinical interpretation.",non-human,"Everything is from people in this set, no chicken lines. Somatic calls, promoters and enhancers, point mutations and short indels, clinical interpretation.",human,"Somatic calls, promoters and enhancers, point mutations and short indels, clinical interpretation.",unstated,
spec-nega-6,species,negation,"{""origin"": ""germline"", ""variant_size_class"": [""small""], ""region_focus"": [""coding""], ""analysis_goal"": [""basic-consequence""]}","Basic consequence annotation, in coding sequence, inherited variants, single-nucleotide variants. These are pig samples.",non-human,"Basic consequence annotation, in coding sequence, inherited variants, single-nucleotide variants. These aren't Homo sapiens samples, they are Rattus norvegicus.",non-human,"Basic consequence annotation, in coding sequence, inherited variants, single-nucleotide variants. These are Homo sapiens samples, not Rattus norvegicus.",human,"Basic consequence annotation, in coding sequence, inherited variants, single-nucleotide variants.",unstated,
spec-word-1,species,word_sense,"{""origin"": ""germline"", ""variant_size_class"": [""small""], ""region_focus"": [""coding""], ""analysis_goal"": [""clinical-interpretation""]}","Constitutional calls, point mutations and short indels, pathogenicity assessment, coding regions. It's all human data.",human,"Constitutional calls, point mutations and short indels, pathogenicity assessment, coding regions. I've been going down a rabbit hole with these human exomes.",human,"Constitutional calls, point mutations and short indels, pathogenicity assessment, coding regions. I've been going through these rabbit exomes from the colony.",non-human,"Constitutional calls, point mutations and short indels, pathogenicity assessment, coding regions.",unstated,
spec-word-2,species,word_sense,"{""origin"": ""somatic"", ""variant_size_class"": [""small""], ""region_focus"": [""regulatory-noncoding""], ""analysis_goal"": [""basic-consequence""]}","It's all human data. Just the consequence types, regulatory regions, acquired somatic variants, single-nucleotide variants.",human,"Our guinea pig for the new pipeline is a set of human genomes. Just the consequence types, regulatory regions, acquired somatic variants, single-nucleotide variants.",human,"Our guinea pig colony genomes are the set for the new pipeline. Just the consequence types, regulatory regions, acquired somatic variants, single-nucleotide variants.",non-human,"Just the consequence types, regulatory regions, acquired somatic variants, single-nucleotide variants.",unstated,
spec-word-3,species,word_sense,"{""origin"": ""somatic"", ""variant_size_class"": [""small""], ""region_focus"": [""regulatory-noncoding""], ""analysis_goal"": [""basic-consequence""]}","Just the consequence types, point mutations and short indels, regulatory regions, somatic calls. These are human samples.",human,"Just the consequence types, point mutations and short indels, regulatory regions, somatic calls. Getting consent for these human samples was a cat-and-mouse chase.",human,"Just the consequence types, point mutations and short indels, regulatory regions, somatic calls. Getting these cat and mouse samples was a chase.",non-human,"Just the consequence types, point mutations and short indels, regulatory regions, somatic calls.",unstated,
spec-word-4,species,word_sense,"{""origin"": ""germline"", ""variant_size_class"": [""small""], ""region_focus"": [""coding""], ""analysis_goal"": [""clinical-interpretation""]}","The samples are from pig. Pathogenicity assessment, constitutional calls, SNVs and small indels, in coding sequence.",non-human,"We need human-readable output for these zebrafish variants. Pathogenicity assessment, constitutional calls, SNVs and small indels, in coding sequence.",non-human,"We need readable output for these human variants. Pathogenicity assessment, constitutional calls, SNVs and small indels, in coding sequence.",human,"Pathogenicity assessment, constitutional calls, SNVs and small indels, in coding sequence.",unstated,
spec-word-5,species,word_sense,"{""origin"": ""somatic"", ""variant_size_class"": [""small""], ""region_focus"": [""coding""], ""analysis_goal"": [""basic-consequence""]}","The samples are from zebrafish. Point mutations and short indels, acquired somatic variants, protein-coding exons, basic consequence annotation.",non-human,"Human error aside, these calls are from the cattle herd. Point mutations and short indels, acquired somatic variants, protein-coding exons, basic consequence annotation.",non-human,"Error aside, these calls are from human donors. Point mutations and short indels, acquired somatic variants, protein-coding exons, basic consequence annotation.",human,"Point mutations and short indels, acquired somatic variants, protein-coding exons, basic consequence annotation.",unstated,
spec-word-6,species,word_sense,"{""origin"": ""germline"", ""variant_size_class"": [""small""], ""region_focus"": [""regulatory-noncoding""], ""analysis_goal"": [""clinical-interpretation""]}","These are dog samples. Point mutations and short indels, is any of it pathogenic, constitutional calls, promoters and enhancers.",non-human,"After hundreds of man-hours the goat genomes are finally called. Point mutations and short indels, is any of it pathogenic, constitutional calls, promoters and enhancers.",non-human,"After hundreds of hours the donors' human genomes are finally called. Point mutations and short indels, is any of it pathogenic, constitutional calls, promoters and enhancers.",human,"Point mutations and short indels, is any of it pathogenic, constitutional calls, promoters and enhancers.",unstated,
spec-tool-1,species,tool_name,"{""origin"": ""germline"", ""variant_size_class"": [""small""], ""region_focus"": [""coding""], ""analysis_goal"": [""basic-consequence""]}","It's all human data. Coding regions, just the consequence types, point mutations and short indels, constitutional calls.",human,"Expression was quantified with Salmon beforehand, and the samples are human. Coding regions, just the consequence types, point mutations and short indels, constitutional calls.",human,"The samples are Atlantic salmon from the fish farm. Coding regions, just the consequence types, point mutations and short indels, constitutional calls.",non-human,"Coding regions, just the consequence types, point mutations and short indels, constitutional calls.",unstated,
spec-tool-2,species,tool_name,"{""origin"": ""somatic"", ""variant_size_class"": [""small""], ""region_focus"": [""regulatory-noncoding""], ""analysis_goal"": [""clinical-interpretation""]}","The samples are human. Somatic calls, is any of it pathogenic, single-nucleotide variants, non-coding regulatory elements.",human,"Phased with Beagle; the genomes are human. Somatic calls, is any of it pathogenic, single-nucleotide variants, non-coding regulatory elements.",human,"The genomes are from beagles in the kennel colony. Somatic calls, is any of it pathogenic, single-nucleotide variants, non-coding regulatory elements.",non-human,"Somatic calls, is any of it pathogenic, single-nucleotide variants, non-coding regulatory elements.",unstated,
spec-tool-3,species,tool_name,"{""origin"": ""germline"", ""variant_size_class"": [""small""], ""region_focus"": [""regulatory-noncoding""], ""analysis_goal"": [""basic-consequence""]}","Point mutations and short indels, just the consequence types, inherited variants, promoters and enhancers. These are human samples.",human,"Point mutations and short indels, just the consequence types, inherited variants, promoters and enhancers. Scripts are Python and pandas, all human data.",human,"Point mutations and short indels, just the consequence types, inherited variants, promoters and enhancers. All data are from the pandas at the zoo.",non-human,"Point mutations and short indels, just the consequence types, inherited variants, promoters and enhancers.",unstated,
spec-tool-4,species,tool_name,"{""origin"": ""somatic"", ""variant_size_class"": [""small""], ""region_focus"": [""coding""], ""analysis_goal"": [""clinical-interpretation""]}","In coding sequence, somatic mutations, pathogenicity assessment, SNVs and small indels. The samples are from zebrafish.",non-human,"In coding sequence, somatic mutations, pathogenicity assessment, SNVs and small indels. Terms were mapped with the Human Phenotype Ontology, but the animals are zebrafish mutants.",non-human,"In coding sequence, somatic mutations, pathogenicity assessment, SNVs and small indels. Terms were mapped with the Human Phenotype Ontology for these human donors.",human,"In coding sequence, somatic mutations, pathogenicity assessment, SNVs and small indels.",unstated,
spec-tool-5,species,tool_name,"{""origin"": ""somatic"", ""variant_size_class"": [""small""], ""region_focus"": [""coding""], ""analysis_goal"": [""clinical-interpretation""]}","Somatic calls, coding regions, SNVs and small indels, pathogenicity assessment. It's all rat data.",non-human,"Somatic calls, coding regions, SNVs and small indels, pathogenicity assessment. Cross-checked against the Human Protein Atlas; the tissue is from pigs.",non-human,"Somatic calls, coding regions, SNVs and small indels, pathogenicity assessment. Cross-checked against the Human Protein Atlas; the tissue is from human donors.",human,"Somatic calls, coding regions, SNVs and small indels, pathogenicity assessment.",unstated,
spec-tool-6,species,tool_name,"{""origin"": ""germline"", ""variant_size_class"": [""small""], ""region_focus"": [""regulatory-noncoding""], ""analysis_goal"": [""basic-consequence""]}","Basic consequence annotation, SNVs and small indels, inherited variants, non-coding regulatory elements. The samples are from rat.",non-human,"Basic consequence annotation, SNVs and small indels, inherited variants, non-coding regulatory elements. The pipeline is called HumanSeq internally, but it runs on chicken samples.",non-human,"Basic consequence annotation, SNVs and small indels, inherited variants, non-coding regulatory elements. The pipeline runs on human samples.",human,"Basic consequence annotation, SNVs and small indels, inherited variants, non-coding regulatory elements.",unstated,
spec-atta-1,species,attachment,"{""origin"": ""somatic"", ""variant_size_class"": [""small""], ""region_focus"": [""regulatory-noncoding""], ""analysis_goal"": [""clinical-interpretation""]}","These are human samples. Somatic calls, promoters and enhancers, is any of it pathogenic, single-nucleotide variants.",human,"My supervisor works on mouse models, but my samples are human. Somatic calls, promoters and enhancers, is any of it pathogenic, single-nucleotide variants.",human,"My supervisor works on mouse models and so do I: these are mouse samples. Somatic calls, promoters and enhancers, is any of it pathogenic, single-nucleotide variants.",non-human,"Somatic calls, promoters and enhancers, is any of it pathogenic, single-nucleotide variants.",unstated,
spec-atta-2,species,attachment,"{""origin"": ""germline"", ""variant_size_class"": [""small""], ""region_focus"": [""coding""], ""analysis_goal"": [""basic-consequence""]}","The samples are human. Basic consequence annotation, point mutations and short indels, germline, coding regions.",human,"The variants were first reported in a zebrafish screen; ours are from human donors. Basic consequence annotation, point mutations and short indels, germline, coding regions.",human,"The variants come from our zebrafish screen, fish embryos. Basic consequence annotation, point mutations and short indels, germline, coding regions.",non-human,"Basic consequence annotation, point mutations and short indels, germline, coding regions.",unstated,
spec-atta-3,species,attachment,"{""origin"": ""somatic"", ""variant_size_class"": [""small""], ""region_focus"": [""coding""], ""analysis_goal"": [""basic-consequence""]}","It's all human data. What each one hits, nothing more, somatic calls, point mutations and short indels, protein-coding exons.",human,"We followed a protocol written for pig tissue, but the DNA is human. What each one hits, nothing more, somatic calls, point mutations and short indels, protein-coding exons.",human,"We followed a protocol for pig tissue, and the DNA is porcine. What each one hits, nothing more, somatic calls, point mutations and short indels, protein-coding exons.",non-human,"What each one hits, nothing more, somatic calls, point mutations and short indels, protein-coding exons.",unstated,
spec-atta-4,species,attachment,"{""origin"": ""germline"", ""variant_size_class"": [""small""], ""region_focus"": [""regulatory-noncoding""], ""analysis_goal"": [""clinical-interpretation""]}","Is any of it pathogenic, non-coding regulatory elements, point mutations and short indels, germline. It's all pig data.",non-human,"Is any of it pathogenic, non-coding regulatory elements, point mutations and short indels, germline. The grant is for human health, but the sequencing is on sheep.",non-human,"Is any of it pathogenic, non-coding regulatory elements, point mutations and short indels, germline. The grant is for human health, and the sequencing is on human volunteers.",human,"Is any of it pathogenic, non-coding regulatory elements, point mutations and short indels, germline.",unstated,
spec-atta-5,species,attachment,"{""origin"": ""somatic"", ""variant_size_class"": [""small""], ""region_focus"": [""regulatory-noncoding""], ""analysis_goal"": [""basic-consequence""]}","The samples are from dog. Point mutations and short indels, non-coding regulatory elements, just the consequence types, acquired somatic variants.",non-human,"Reads were checked for human contamination and those were removed; what is left is mouse. Point mutations and short indels, non-coding regulatory elements, just the consequence types, acquired somatic variants.",non-human,"Reads were checked for mouse contamination and those were removed; what is left is human. Point mutations and short indels, non-coding regulatory elements, just the consequence types, acquired somatic variants.",human,"Point mutations and short indels, non-coding regulatory elements, just the consequence types, acquired somatic variants.",unstated,
spec-atta-6,species,attachment,"{""origin"": ""germline"", ""variant_size_class"": [""small""], ""region_focus"": [""coding""], ""analysis_goal"": [""clinical-interpretation""]}","Inherited variants, pathogenicity assessment, coding regions, SNVs and small indels. It's all pig data.",non-human,"Inherited variants, pathogenicity assessment, coding regions, SNVs and small indels. Our collaborators do human genetics; we sent them these rat genomes.",non-human,"Inherited variants, pathogenicity assessment, coding regions, SNVs and small indels. Our collaborators do human genetics; these are their human genomes.",human,"Inherited variants, pathogenicity assessment, coding regions, SNVs and small indels.",unstated,
spec-doma-1,species,domain,"{""origin"": ""somatic"", ""variant_size_class"": [""small""], ""region_focus"": [""coding""], ""analysis_goal"": [""basic-consequence""]}","It's all human data. Coding regions, acquired somatic variants, basic consequence annotation, single-nucleotide variants.",human,"Human cells grown inside a mouse host; the reads were filtered to the grafted cells. Coding regions, acquired somatic variants, basic consequence annotation, single-nucleotide variants.",human,"Cells from the mouse host; the reads were filtered to the host genome. Coding regions, acquired somatic variants, basic consequence annotation, single-nucleotide variants.",non-human,"Coding regions, acquired somatic variants, basic consequence annotation, single-nucleotide variants.",unstated,
spec-doma-2,species,domain,"{""origin"": ""germline"", ""variant_size_class"": [""small""], ""region_focus"": [""regulatory-noncoding""], ""analysis_goal"": [""clinical-interpretation""]}","Pathogenicity assessment, SNVs and small indels, inherited variants, promoters and enhancers. These are human samples.",human,"Pathogenicity assessment, SNVs and small indels, inherited variants, promoters and enhancers. iPSCs from volunteer skin biopsies grown on mouse feeder cells, feeder reads removed.",human,"Pathogenicity assessment, SNVs and small indels, inherited variants, promoters and enhancers. The mouse feeder cells themselves, iPSC reads removed.",non-human,"Pathogenicity assessment, SNVs and small indels, inherited variants, promoters and enhancers.",unstated,
spec-doma-3,species,domain,"{""origin"": ""somatic"", ""variant_size_class"": [""small""], ""region_focus"": [""regulatory-noncoding""], ""analysis_goal"": [""clinical-interpretation""]}","The samples are human. Clinical interpretation, acquired somatic variants, single-nucleotide variants, promoters and enhancers.",human,"Neanderthal-introgressed segments in present-day Europeans. Clinical interpretation, acquired somatic variants, single-nucleotide variants, promoters and enhancers.",human,"The Neanderthal genome itself, from the Vindija bone. Clinical interpretation, acquired somatic variants, single-nucleotide variants, promoters and enhancers.",non-human,"Clinical interpretation, acquired somatic variants, single-nucleotide variants, promoters and enhancers.",unstated,
spec-doma-4,species,domain,"{""origin"": ""germline"", ""variant_size_class"": [""small""], ""region_focus"": [""coding""], ""analysis_goal"": [""basic-consequence""]}","Basic consequence annotation, constitutional calls, protein-coding exons, single-nucleotide variants. The samples are from pig.",non-human,"Basic consequence annotation, constitutional calls, protein-coding exons, single-nucleotide variants. A humanised mouse line; the genome we sequenced is the mouse's own.",non-human,"Basic consequence annotation, constitutional calls, protein-coding exons, single-nucleotide variants. The human graft from a humanised mouse line; we sequenced only the human cells.",human,"Basic consequence annotation, constitutional calls, protein-coding exons, single-nucleotide variants.",unstated,
spec-doma-5,species,domain,"{""origin"": ""germline"", ""variant_size_class"": [""small""], ""region_focus"": [""coding""], ""analysis_goal"": [""clinical-interpretation""]}","The samples are from zebrafish. Point mutations and short indels, constitutional calls, in coding sequence, is any of it pathogenic.",non-human,"Genomes from man's best friend: our kennel of Labradors. Point mutations and short indels, constitutional calls, in coding sequence, is any of it pathogenic.",non-human,"Genomes from the kennel owners themselves, not their Labradors. Point mutations and short indels, constitutional calls, in coding sequence, is any of it pathogenic.",human,"Point mutations and short indels, constitutional calls, in coding sequence, is any of it pathogenic.",unstated,
spec-doma-6,species,domain,"{""origin"": ""somatic"", ""variant_size_class"": [""small""], ""region_focus"": [""regulatory-noncoding""], ""analysis_goal"": [""basic-consequence""]}","Promoters and enhancers, what each one hits, nothing more, single-nucleotide variants, acquired somatic variants. These are pig samples.",non-human,"Promoters and enhancers, what each one hits, nothing more, single-nucleotide variants, acquired somatic variants. Transgenic mice carrying a human transgene; we sequenced the mice.",non-human,"Promoters and enhancers, what each one hits, nothing more, single-nucleotide variants, acquired somatic variants. People carrying the same gene as the transgene; we sequenced the people.",human,"Promoters and enhancers, what each one hits, nothing more, single-nucleotide variants, acquired somatic variants.",unstated,
orig-nega-1,origin,negation,"{""species"": ""human"", ""variant_size_class"": [""structural-CNV""], ""region_focus"": [""regulatory-noncoding""], ""analysis_goal"": [""population-frequency""]}","Human, CNVs and large deletions, promoters and enhancers, frequency lookup across populations. The variants are germline.",germline,"Human, CNVs and large deletions, promoters and enhancers, frequency lookup across populations. Not a tumour study, these variants are inherited.",germline,"Human, CNVs and large deletions, promoters and enhancers, frequency lookup across populations. A tumour study, these variants are acquired in the tumour.",somatic,"Human, CNVs and large deletions, promoters and enhancers, frequency lookup across populations.",unstated,
orig-nega-2,origin,negation,"{""species"": ""human"", ""variant_size_class"": [""structural-CNV""], ""region_focus"": [""coding""], ""analysis_goal"": [""population-frequency""]}","Population allele frequencies, copy-number and structural calls, protein-coding exons, human samples. These are inherited germline variants.",germline,"Population allele frequencies, copy-number and structural calls, protein-coding exons, human samples. Nothing somatic here: constitutional calls from blood.",germline,"Population allele frequencies, copy-number and structural calls, protein-coding exons, human samples. Only somatic calls here, nothing constitutional from blood.",somatic,"Population allele frequencies, copy-number and structural calls, protein-coding exons, human samples.",unstated,
orig-nega-3,origin,negation,"{""species"": ""human"", ""variant_size_class"": [""structural-CNV""], ""region_focus"": [""regulatory-noncoding""], ""analysis_goal"": [""basic-consequence""]}","Human samples, copy-number and structural calls, just the consequence types, regulatory regions. The variants are germline.",germline,"Human samples, copy-number and structural calls, just the consequence types, regulatory regions. The variants were not acquired, they were passed down in the family.",germline,"Human samples, copy-number and structural calls, just the consequence types, regulatory regions. The variants were acquired, not passed down in the family.",somatic,"Human samples, copy-number and structural calls, just the consequence types, regulatory regions.",unstated,
orig-nega-4,origin,negation,"{""species"": ""human"", ""variant_size_class"": [""structural-CNV""], ""region_focus"": [""coding""], ""analysis_goal"": [""clinical-interpretation""]}","Is any of it pathogenic, copy-number and structural calls, human, in coding sequence. They were acquired somatically.",somatic,"Is any of it pathogenic, copy-number and structural calls, human, in coding sequence. These are not inherited; they arose in the tumour.",somatic,"Is any of it pathogenic, copy-number and structural calls, human, in coding sequence. These are inherited; they did not arise in a tumour.",germline,"Is any of it pathogenic, copy-number and structural calls, human, in coding sequence.",unstated,
orig-nega-5,origin,negation,"{""species"": ""human"", ""variant_size_class"": [""structural-CNV""], ""region_focus"": [""regulatory-noncoding""], ""analysis_goal"": [""clinical-interpretation""]}","They were acquired somatically. Clinical interpretation, copy-number and structural calls, human, non-coding regulatory elements.",somatic,"No germline calls in this set, only mutations from the lesion. Clinical interpretation, copy-number and structural calls, human, non-coding regulatory elements.",somatic,"Only germline calls in this set, no mutations from a lesion. Clinical interpretation, copy-number and structural calls, human, non-coding regulatory elements.",germline,"Clinical interpretation, copy-number and structural calls, human, non-coding regulatory elements.",unstated,
orig-nega-6,origin,negation,"{""species"": ""human"", ""variant_size_class"": [""structural-CNV""], ""region_focus"": [""coding""], ""analysis_goal"": [""basic-consequence""]}","These are somatic mutations. Basic consequence annotation, CNVs and large deletions, Homo sapiens data, coding regions.",somatic,"We didn't sequence the family, only the biopsy's acquired changes. Basic consequence annotation, CNVs and large deletions, Homo sapiens data, coding regions.",somatic,"We sequenced the family, no acquired biopsy changes. Basic consequence annotation, CNVs and large deletions, Homo sapiens data, coding regions.",germline,"Basic consequence annotation, CNVs and large deletions, Homo sapiens data, coding regions.",unstated,
orig-word-1,origin,word_sense,"{""species"": ""human"", ""variant_size_class"": [""small""], ""region_focus"": [""coding""], ""analysis_goal"": [""population-frequency""]}","How common they are in populations, point mutations and short indels, human samples, in coding sequence. They're constitutional calls.",germline,"How common they are in populations, point mutations and short indels, human samples, in coding sequence. The project has metastasised into three labs; the calls are inherited variants from family trios.",germline,"How common they are in populations, point mutations and short indels, human samples, in coding sequence. The tumour has metastasised to three sites; the calls are acquired variants from the lesions.",somatic,"How common they are in populations, point mutations and short indels, human samples, in coding sequence.",unstated,
orig-word-2,origin,word_sense,"{""species"": ""human"", ""variant_size_class"": [""small""], ""region_focus"": [""regulatory-noncoding""], ""analysis_goal"": [""population-frequency""]}","They're constitutional calls. Population allele frequencies, non-coding regulatory elements, Homo sapiens data, point mutations and short indels.",germline,"This cancer of a pipeline finally ran; the variants are inherited from the parents. Population allele frequencies, non-coding regulatory elements, Homo sapiens data, point mutations and short indels.",germline,"This cancer pipeline finally ran; the variants were acquired in the tumour. Population allele frequencies, non-coding regulatory elements, Homo sapiens data, point mutations and short indels.",somatic,"Population allele frequencies, non-coding regulatory elements, Homo sapiens data, point mutations and short indels.",unstated,
orig-word-3,origin,word_sense,"{""species"": ""human"", ""variant_size_class"": [""structural-CNV""], ""region_focus"": [""coding""], ""analysis_goal"": [""population-frequency""]}","Human samples, copy-number and structural calls, frequency lookup across populations, protein-coding exons. They're constitutional calls.",germline,"Human samples, copy-number and structural calls, frequency lookup across populations, protein-coding exons. The donor, a Cancer by star sign, gave blood for this constitutional panel.",germline,"Human samples, copy-number and structural calls, frequency lookup across populations, protein-coding exons. The donor with cancer gave a tumour biopsy for this somatic panel.",somatic,"Human samples, copy-number and structural calls, frequency lookup across populations, protein-coding exons.",unstated,
orig-word-4,origin,word_sense,"{""species"": ""human"", ""variant_size_class"": [""structural-CNV""], ""region_focus"": [""regulatory-noncoding""], ""analysis_goal"": [""population-frequency""]}","They were acquired somatically. Copy-number and structural calls, Homo sapiens data, regulatory regions, how common they are in populations.",somatic,"The whole lab family pitched in; the calls are acquired mutations from tumour biopsies. Copy-number and structural calls, Homo sapiens data, regulatory regions, how common they are in populations.",somatic,"The whole family pitched in; the calls are inherited variants from the parents. Copy-number and structural calls, Homo sapiens data, regulatory regions, how common they are in populations.",germline,"Copy-number and structural calls, Homo sapiens data, regulatory regions, how common they are in populations.",unstated,
orig-word-5,origin,word_sense,"{""species"": ""human"", ""variant_size_class"": [""structural-CNV""], ""region_focus"": [""regulatory-noncoding""], ""analysis_goal"": [""basic-consequence""]}","Basic consequence annotation, Homo sapiens data, regulatory regions, structural variants. They were acquired somatically.",somatic,"Basic consequence annotation, Homo sapiens data, regulatory regions, structural variants. Our inherited legacy code handles these somatic tumour calls.",somatic,"Basic consequence annotation, Homo sapiens data, regulatory regions, structural variants. Our code handles these variants inherited from the parents.",germline,"Basic consequence annotation, Homo sapiens data, regulatory regions, structural variants.",unstated,
orig-word-6,origin,word_sense,"{""species"": ""human"", ""variant_size_class"": [""structural-CNV""], ""region_focus"": [""coding""], ""analysis_goal"": [""clinical-interpretation""]}","The variants are somatic. Human, structural variants, coding regions, is any of it pathogenic.",somatic,"We rebuilt the analysis de novo; the variants were acquired in tumour cells. Human, structural variants, coding regions, is any of it pathogenic.",somatic,"The variants arose de novo in the child, not in tumour cells. Human, structural variants, coding regions, is any of it pathogenic.",germline,"Human, structural variants, coding regions, is any of it pathogenic.",unstated,
orig-tool-1,origin,tool_name,"{""species"": ""human"", ""variant_size_class"": [""structural-CNV""], ""region_focus"": [""coding""], ""analysis_goal"": [""basic-consequence""]}","Human samples, copy-number and structural calls, in coding sequence, what each one hits, nothing more. They're constitutional calls.",germline,"Human samples, copy-number and structural calls, in coding sequence, what each one hits, nothing more. We keep COSMIC open for lookups, but these are inherited variants from blood.",germline,"Human samples, copy-number and structural calls, in coding sequence, what each one hits, nothing more. These come straight from COSMIC tumour samples, acquired variants.",somatic,"Human samples, copy-number and structural calls, in coding sequence, what each one hits, nothing more.",unstated,
orig-tool-2,origin,tool_name,"{""species"": ""human"", ""variant_size_class"": [""structural-CNV""], ""region_focus"": [""regulatory-noncoding""], ""analysis_goal"": [""clinical-interpretation""]}","These are inherited germline variants. Copy-number and structural calls, promoters and enhancers, is any of it pathogenic, Homo sapiens data.",germline,"The Mutect2 install failed, so HaplotypeCaller ran on the family's blood samples. Copy-number and structural calls, promoters and enhancers, is any of it pathogenic, Homo sapiens data.",germline,"Mutect2 ran on the tumour-normal pairs. Copy-number and structural calls, promoters and enhancers, is any of it pathogenic, Homo sapiens data.",somatic,"Copy-number and structural calls, promoters and enhancers, is any of it pathogenic, Homo sapiens data.",unstated,
orig-tool-3,origin,tool_name,"{""species"": ""human"", ""variant_size_class"": [""small""], ""region_focus"": [""coding""], ""analysis_goal"": [""population-frequency""]}","Human samples, protein-coding exons, single-nucleotide variants, how common they are in populations. They're constitutional calls.",germline,"Human samples, protein-coding exons, single-nucleotide variants, how common they are in populations. The TCGA portal was only used for reference downloads; our calls are inherited, from parents and child.",germline,"Human samples, protein-coding exons, single-nucleotide variants, how common they are in populations. Our calls were downloaded from the TCGA portal: acquired tumour mutations.",somatic,"Human samples, protein-coding exons, single-nucleotide variants, how common they are in populations.",unstated,
orig-tool-4,origin,tool_name,"{""species"": ""human"", ""variant_size_class"": [""small""], ""region_focus"": [""regulatory-noncoding""], ""analysis_goal"": [""population-frequency""]}","They were acquired somatically. Non-coding regulatory elements, human, SNVs and small indels, population allele frequencies.",somatic,"DeepTrio is installed but unused; the calls came from Mutect2 on tumour biopsies. Non-coding regulatory elements, human, SNVs and small indels, population allele frequencies.",somatic,"DeepTrio made the calls on the parent-child trio. Non-coding regulatory elements, human, SNVs and small indels, population allele frequencies.",germline,"Non-coding regulatory elements, human, SNVs and small indels, population allele frequencies.",unstated,
orig-tool-5,origin,tool_name,"{""species"": ""human"", ""variant_size_class"": [""structural-CNV""], ""region_focus"": [""coding""], ""analysis_goal"": [""population-frequency""]}","The variants are somatic. Human, population allele frequencies, in coding sequence, structural variants.",somatic,"The GATK germline best-practices page got us started, but these calls are acquired tumour mutations. Human, population allele frequencies, in coding sequence, structural variants.",somatic,"The GATK germline best-practices pipeline produced these inherited calls from blood. Human, population allele frequencies, in coding sequence, structural variants.",germline,"Human, population allele frequencies, in coding sequence, structural variants.",unstated,
orig-tool-6,origin,tool_name,"{""species"": ""human"", ""variant_size_class"": [""structural-CNV""], ""region_focus"": [""regulatory-noncoding""], ""analysis_goal"": [""population-frequency""]}","The variants are somatic. CNVs and large deletions, Homo sapiens data, regulatory regions, frequency lookup across populations.",somatic,"PLINK is on the server from an old family study; these are acquired mutations from tumour tissue. CNVs and large deletions, Homo sapiens data, regulatory regions, frequency lookup across populations.",somatic,"PLINK processed this family study; these are variants inherited from the parents. CNVs and large deletions, Homo sapiens data, regulatory regions, frequency lookup across populations.",germline,"CNVs and large deletions, Homo sapiens data, regulatory regions, frequency lookup across populations.",unstated,
orig-atta-1,origin,attachment,"{""species"": ""human"", ""variant_size_class"": [""structural-CNV""], ""region_focus"": [""regulatory-noncoding""], ""analysis_goal"": [""basic-consequence""]}","These are inherited germline variants. Copy-number and structural calls, just the consequence types, promoters and enhancers, Homo sapiens data.",germline,"Healthy controls recruited through a cancer registry; inherited variants from blood. Copy-number and structural calls, just the consequence types, promoters and enhancers, Homo sapiens data.",germline,"Tumour samples from a cancer registry; acquired variants from the lesions. Copy-number and structural calls, just the consequence types, promoters and enhancers, Homo sapiens data.",somatic,"Copy-number and structural calls, just the consequence types, promoters and enhancers, Homo sapiens data.",unstated,
orig-atta-2,origin,attachment,"{""species"": ""human"", ""variant_size_class"": [""structural-CNV""], ""region_focus"": [""coding""], ""analysis_goal"": [""clinical-interpretation""]}","Homo sapiens data, CNVs and large deletions, in coding sequence, clinical interpretation. The variants are germline.",germline,"Homo sapiens data, CNVs and large deletions, in coding sequence, clinical interpretation. The grandmother had a tumour removed decades ago; these variants are inherited from the parents.",germline,"Homo sapiens data, CNVs and large deletions, in coding sequence, clinical interpretation. The grandmother's tumour was removed decades ago; these variants were acquired in that tumour.",somatic,"Homo sapiens data, CNVs and large deletions, in coding sequence, clinical interpretation.",unstated,
orig-atta-3,origin,attachment,"{""species"": ""human"", ""variant_size_class"": [""structural-CNV""], ""region_focus"": [""regulatory-noncoding""], ""analysis_goal"": [""clinical-interpretation""]}","The variants are germline. Regulatory regions, human samples, clinical interpretation, copy-number and structural calls.",germline,"The tumour half of the batch was dropped; only matched normal blood remains, inherited variants. Regulatory regions, human samples, clinical interpretation, copy-number and structural calls.",germline,"The normal half of the batch was dropped; only the tumour remains, acquired variants. Regulatory regions, human samples, clinical interpretation, copy-number and structural calls.",somatic,"Regulatory regions, human samples, clinical interpretation, copy-number and structural calls.",unstated,
orig-atta-4,origin,attachment,"{""species"": ""human"", ""variant_size_class"": [""structural-CNV""], ""region_focus"": [""coding""], ""analysis_goal"": [""basic-consequence""]}","The variants are somatic. Protein-coding exons, human, what each one hits, nothing more, CNVs and large deletions.",somatic,"The donor's parents gave blood too, but these are the acquired mutations in the donor's tumour. Protein-coding exons, human, what each one hits, nothing more, CNVs and large deletions.",somatic,"The donor's parents gave blood too, and these are the inherited variants they passed on. Protein-coding exons, human, what each one hits, nothing more, CNVs and large deletions.",germline,"Protein-coding exons, human, what each one hits, nothing more, CNVs and large deletions.",unstated,
orig-atta-5,origin,attachment,"{""species"": ""human"", ""variant_size_class"": [""small""], ""region_focus"": [""regulatory-noncoding""], ""analysis_goal"": [""population-frequency""]}","Regulatory regions, SNVs and small indels, Homo sapiens data, frequency lookup across populations. The variants are somatic.",somatic,"Regulatory regions, SNVs and small indels, Homo sapiens data, frequency lookup across populations. The grant came from an inherited-traits charity, but the variants were acquired in tumour tissue.",somatic,"Regulatory regions, SNVs and small indels, Homo sapiens data, frequency lookup across populations. The grant came from an inherited-traits charity, and the variants are inherited from the parents.",germline,"Regulatory regions, SNVs and small indels, Homo sapiens data, frequency lookup across populations.",unstated,
orig-atta-6,origin,attachment,"{""species"": ""human"", ""variant_size_class"": [""small""], ""region_focus"": [""coding""], ""analysis_goal"": [""population-frequency""]}","Human samples, SNVs and small indels, protein-coding exons, how common they are in populations. They were acquired somatically.",somatic,"Human samples, SNVs and small indels, protein-coding exons, how common they are in populations. Our previous paper was a germline trio study; this one is acquired tumour mutations.",somatic,"Human samples, SNVs and small indels, protein-coding exons, how common they are in populations. Our previous paper was a tumour study; this one is a germline trio.",germline,"Human samples, SNVs and small indels, protein-coding exons, how common they are in populations.",unstated,
orig-doma-1,origin,domain,"{""species"": ""human"", ""variant_size_class"": [""structural-CNV""], ""region_focus"": [""coding""], ""analysis_goal"": [""population-frequency""]}","The variants are somatic. Coding regions, frequency lookup across populations, human samples, CNVs and large deletions.",somatic,"De novo mutations arising in a glioma, sequenced from the tumour only. Coding regions, frequency lookup across populations, human samples, CNVs and large deletions.",somatic,"De novo mutations in a child, confirmed absent from both parents' blood. Coding regions, frequency lookup across populations, human samples, CNVs and large deletions.",germline,"Coding regions, frequency lookup across populations, human samples, CNVs and large deletions.",unstated,
orig-doma-2,origin,domain,"{""species"": ""human"", ""variant_size_class"": [""structural-CNV""], ""region_focus"": [""regulatory-noncoding""], ""analysis_goal"": [""population-frequency""]}","Structural variants, population allele frequencies, promoters and enhancers, Homo sapiens data. They were acquired somatically.",somatic,"Structural variants, population allele frequencies, promoters and enhancers, Homo sapiens data. Clonal haematopoiesis mutations found in blood from older donors.",somatic,"Structural variants, population allele frequencies, promoters and enhancers, Homo sapiens data. Variants found in blood from older donors and in their children too.",germline,"Structural variants, population allele frequencies, promoters and enhancers, Homo sapiens data.",unstated,
orig-doma-3,origin,domain,"{""species"": ""human"", ""variant_size_class"": [""structural-CNV""], ""region_focus"": [""regulatory-noncoding""], ""analysis_goal"": [""clinical-interpretation""]}","The variants are somatic. Non-coding regulatory elements, clinical interpretation, human samples, CNVs and large deletions.",somatic,"Mosaic mutations in brain tissue that are absent from blood and from the parents. Non-coding regulatory elements, clinical interpretation, human samples, CNVs and large deletions.",somatic,"Mutations present in brain tissue, in blood and in one parent. Non-coding regulatory elements, clinical interpretation, human samples, CNVs and large deletions.",germline,"Non-coding regulatory elements, clinical interpretation, human samples, CNVs and large deletions.",unstated,
orig-doma-4,origin,domain,"{""species"": ""human"", ""variant_size_class"": [""structural-CNV""], ""region_focus"": [""coding""], ""analysis_goal"": [""basic-consequence""]}","Just the consequence types, human samples, coding regions, copy-number and structural calls. The variants are germline.",germline,"Just the consequence types, human samples, coding regions, copy-number and structural calls. A TP53 variant present in blood, saliva and every tissue of the carriers, including their tumours.",germline,"Just the consequence types, human samples, coding regions, copy-number and structural calls. A TP53 mutation present only in the tumour, absent from blood and saliva.",somatic,"Just the consequence types, human samples, coding regions, copy-number and structural calls.",unstated,
orig-doma-5,origin,domain,"{""species"": ""human"", ""variant_size_class"": [""structural-CNV""], ""region_focus"": [""coding""], ""analysis_goal"": [""clinical-interpretation""]}","Copy-number and structural calls, coding regions, is any of it pathogenic, Homo sapiens data. These are inherited germline variants.",germline,"Copy-number and structural calls, coding regions, is any of it pathogenic, Homo sapiens data. A tumour suppressor gene variant carried by all three generations of the family.",germline,"Copy-number and structural calls, coding regions, is any of it pathogenic, Homo sapiens data. A tumour suppressor gene mutation found only in the lesion, not in the family.",somatic,"Copy-number and structural calls, coding regions, is any of it pathogenic, Homo sapiens data.",unstated,
orig-doma-6,origin,domain,"{""species"": ""human"", ""variant_size_class"": [""structural-CNV""], ""region_focus"": [""regulatory-noncoding""], ""analysis_goal"": [""basic-consequence""]}","The variants are germline. Human, what each one hits, nothing more, copy-number and structural calls, non-coding regulatory elements.",germline,"Variants shared by identical twins, one of whom later developed a tumour. Human, what each one hits, nothing more, copy-number and structural calls, non-coding regulatory elements.",germline,"Variants found only in the tumour of one twin and absent from the other twin. Human, what each one hits, nothing more, copy-number and structural calls, non-coding regulatory elements.",somatic,"Human, what each one hits, nothing more, copy-number and structural calls, non-coding regulatory elements.",unstated,
vari-nega-1,variant_size_class,negation,"{""species"": ""human"", ""origin"": ""germline"", ""region_focus"": [""coding""], ""analysis_goal"": [""population-frequency""]}","It's point mutations only. In coding sequence, frequency lookup across populations, constitutional calls, human.",['small'],"No CNVs or SVs were called, only SNVs and short indels. In coding sequence, frequency lookup across populations, constitutional calls, human.",['small'],"Only CNVs and SVs were called, no SNVs or short indels. In coding sequence, frequency lookup across populations, constitutional calls, human.",['structural-CNV'],"In coding sequence, frequency lookup across populations, constitutional calls, human.",[],
vari-nega-2,variant_size_class,negation,"{""species"": ""human"", ""origin"": ""somatic"", ""region_focus"": [""regulatory-noncoding""], ""analysis_goal"": [""population-frequency""]}","Non-coding regulatory elements, acquired somatic variants, human samples, how common they are in populations. These are small variants, SNVs and indels.",['small'],"Non-coding regulatory elements, acquired somatic variants, human samples, how common they are in populations. Nothing structural here, just single-base changes.",['small'],"Non-coding regulatory elements, acquired somatic variants, human samples, how common they are in populations. Only structural changes here, no single-base changes.",['structural-CNV'],"Non-coding regulatory elements, acquired somatic variants, human samples, how common they are in populations.",[],
vari-nega-3,variant_size_class,negation,"{""species"": ""human"", ""origin"": ""somatic"", ""region_focus"": [""coding""], ""analysis_goal"": [""population-frequency""]}","Somatic calls, coding regions, population allele frequencies, human. It's point mutations only.",['small'],"Somatic calls, coding regions, population allele frequencies, human. Not large rearrangements: short indels under 20 bp.",['small'],"Somatic calls, coding regions, population allele frequencies, human. Large rearrangements, not short indels under 20 bp.",['structural-CNV'],"Somatic calls, coding regions, population allele frequencies, human.",[],
vari-nega-4,variant_size_class,negation,"{""species"": ""human"", ""origin"": ""germline"", ""region_focus"": [""regulatory-noncoding""], ""analysis_goal"": [""population-frequency""]}","Germline, population allele frequencies, regulatory regions, Homo sapiens data. They're structural variants and CNVs.",['structural-CNV'],"Germline, population allele frequencies, regulatory regions, Homo sapiens data. No point mutations in this callset; it is copy-number gains and losses.",['structural-CNV'],"Germline, population allele frequencies, regulatory regions, Homo sapiens data. Point mutations in this callset, no copy-number gains or losses.",['small'],"Germline, population allele frequencies, regulatory regions, Homo sapiens data.",[],
vari-nega-5,variant_size_class,negation,"{""species"": ""human"", ""origin"": ""germline"", ""region_focus"": [""regulatory-noncoding""], ""analysis_goal"": [""basic-consequence""]}","These are large deletions and duplications. Homo sapiens data, germline, promoters and enhancers, basic consequence annotation.",['structural-CNV'],"We skipped the SNVs entirely and kept the multi-kilobase deletions. Homo sapiens data, germline, promoters and enhancers, basic consequence annotation.",['structural-CNV'],"We kept the SNVs and skipped the multi-kilobase deletions. Homo sapiens data, germline, promoters and enhancers, basic consequence annotation.",['small'],"Homo sapiens data, germline, promoters and enhancers, basic consequence annotation.",[],
vari-nega-6,variant_size_class,negation,"{""species"": ""human"", ""origin"": ""somatic"", ""region_focus"": [""coding""], ""analysis_goal"": [""clinical-interpretation""]}","They're structural variants and CNVs. Somatic calls, clinical interpretation, in coding sequence, Homo sapiens data.",['structural-CNV'],"These aren't indels; they are inversions and translocations. Somatic calls, clinical interpretation, in coding sequence, Homo sapiens data.",['structural-CNV'],"These are indels, not inversions or translocations. Somatic calls, clinical interpretation, in coding sequence, Homo sapiens data.",['small'],"Somatic calls, clinical interpretation, in coding sequence, Homo sapiens data.",[],
vari-word-1,variant_size_class,word_sense,"{""species"": ""human"", ""origin"": ""somatic"", ""region_focus"": [""regulatory-noncoding""], ""analysis_goal"": [""clinical-interpretation""]}","Is any of it pathogenic, somatic mutations, non-coding regulatory elements, human samples. These are small variants, SNVs and indels.",['small'],"Is any of it pathogenic, somatic mutations, non-coding regulatory elements, human samples. SNVs with a possible structural effect on the protein.",['small'],"Is any of it pathogenic, somatic mutations, non-coding regulatory elements, human samples. Structural variants spanning the protein's gene.",['structural-CNV'],"Is any of it pathogenic, somatic mutations, non-coding regulatory elements, human samples.",[],
vari-word-2,variant_size_class,word_sense,"{""species"": ""human"", ""origin"": ""germline"", ""region_focus"": [""coding""], ""analysis_goal"": [""basic-consequence""]}","It's point mutations only. Coding regions, inherited variants, just the consequence types, Homo sapiens data.",['small'],"A large number of single-nucleotide variants. Coding regions, inherited variants, just the consequence types, Homo sapiens data.",['small'],"A number of large multi-exon deletions and duplications. Coding regions, inherited variants, just the consequence types, Homo sapiens data.",['structural-CNV'],"Coding regions, inherited variants, just the consequence types, Homo sapiens data.",[],
vari-word-3,variant_size_class,word_sense,"{""species"": ""human"", ""origin"": ""somatic"", ""region_focus"": [""regulatory-noncoding""], ""analysis_goal"": [""basic-consequence""]}","They're SNVs and short indels. What each one hits, nothing more, somatic mutations, regulatory regions, human samples.",['small'],"A copy of the SNV calls sent over by the core facility. What each one hits, nothing more, somatic mutations, regulatory regions, human samples.",['small'],"Copy-number calls sent over by the core facility. What each one hits, nothing more, somatic mutations, regulatory regions, human samples.",['structural-CNV'],"What each one hits, nothing more, somatic mutations, regulatory regions, human samples.",[],
vari-word-4,variant_size_class,word_sense,"{""species"": ""human"", ""origin"": ""germline"", ""region_focus"": [""coding""], ""analysis_goal"": [""clinical-interpretation""]}","They're structural variants and CNVs. Constitutional calls, is any of it pathogenic, in coding sequence, human samples.",['structural-CNV'],"At this point we only have copy-number gains and losses. Constitutional calls, is any of it pathogenic, in coding sequence, human samples.",['structural-CNV'],"We only have point mutations. Constitutional calls, is any of it pathogenic, in coding sequence, human samples.",['small'],"Constitutional calls, is any of it pathogenic, in coding sequence, human samples.",[],
vari-word-5,variant_size_class,word_sense,"{""species"": ""human"", ""origin"": ""somatic"", ""region_focus"": [""coding""], ""analysis_goal"": [""basic-consequence""]}","It's copy-number and structural calls only. In coding sequence, somatic calls, human, basic consequence annotation.",['structural-CNV'],"Short on time, so just the megabase-scale deletions for now. In coding sequence, somatic calls, human, basic consequence annotation.",['structural-CNV'],"Just the short indels and SNVs for now. In coding sequence, somatic calls, human, basic consequence annotation.",['small'],"In coding sequence, somatic calls, human, basic consequence annotation.",[],
vari-word-6,variant_size_class,word_sense,"{""species"": ""human"", ""origin"": ""germline"", ""region_focus"": [""regulatory-noncoding""], ""analysis_goal"": [""clinical-interpretation""]}","It's copy-number and structural calls only. Non-coding regulatory elements, is any of it pathogenic, human, constitutional calls.",['structural-CNV'],"Every single call is a CNV. Non-coding regulatory elements, is any of it pathogenic, human, constitutional calls.",['structural-CNV'],"Every call is a single-nucleotide change. Non-coding regulatory elements, is any of it pathogenic, human, constitutional calls.",['small'],"Non-coding regulatory elements, is any of it pathogenic, human, constitutional calls.",[],
vari-tool-1,variant_size_class,tool_name,"{""species"": ""human"", ""origin"": ""germline"", ""region_focus"": [""coding""], ""analysis_goal"": [""population-frequency""]}","Frequency lookup across populations, coding regions, human samples, constitutional calls. It's point mutations only.",['small'],"Frequency lookup across populations, coding regions, human samples, constitutional calls. Manta was run but produced nothing, so we only have SNVs and indels from DeepVariant.",['small'],"Frequency lookup across populations, coding regions, human samples, constitutional calls. Manta was run and produced the structural variant calls we are using.",['structural-CNV'],"Frequency lookup across populations, coding regions, human samples, constitutional calls.",[],
vari-tool-2,variant_size_class,tool_name,"{""species"": ""human"", ""origin"": ""somatic"", ""region_focus"": [""regulatory-noncoding""], ""analysis_goal"": [""population-frequency""]}","Non-coding regulatory elements, human samples, somatic mutations, frequency lookup across populations. They're SNVs and short indels.",['small'],"Non-coding regulatory elements, human samples, somatic mutations, frequency lookup across populations. The CNVkit container is on our server, unused; these are SNVs from HaplotypeCaller.",['small'],"Non-coding regulatory elements, human samples, somatic mutations, frequency lookup across populations. CNVkit made these copy-number calls.",['structural-CNV'],"Non-coding regulatory elements, human samples, somatic mutations, frequency lookup across populations.",[],
vari-tool-3,variant_size_class,tool_name,"{""species"": ""human"", ""origin"": ""germline"", ""region_focus"": [""regulatory-noncoding""], ""analysis_goal"": [""population-frequency""]}","Frequency lookup across populations, regulatory regions, germline, Homo sapiens data. These are small variants, SNVs and indels.",['small'],"Frequency lookup across populations, regulatory regions, germline, Homo sapiens data. We looked at the Database of Genomic Variants track for context, but our calls are point mutations.",['small'],"Frequency lookup across populations, regulatory regions, germline, Homo sapiens data. Our calls are large structural variants like those in the Database of Genomic Variants.",['structural-CNV'],"Frequency lookup across populations, regulatory regions, germline, Homo sapiens data.",[],
vari-tool-4,variant_size_class,tool_name,"{""species"": ""human"", ""origin"": ""somatic"", ""region_focus"": [""coding""], ""analysis_goal"": [""population-frequency""]}","They're structural variants and CNVs. Somatic calls, Homo sapiens data, frequency lookup across populations, coding regions.",['structural-CNV'],"DeepVariant was only used for QC; the calls are large deletions and duplications from Delly. Somatic calls, Homo sapiens data, frequency lookup across populations, coding regions.",['structural-CNV'],"DeepVariant made these SNV and small indel calls. Somatic calls, Homo sapiens data, frequency lookup across populations, coding regions.",['small'],"Somatic calls, Homo sapiens data, frequency lookup across populations, coding regions.",[],
vari-tool-5,variant_size_class,tool_name,"{""species"": ""human"", ""origin"": ""germline"", ""region_focus"": [""regulatory-noncoding""], ""analysis_goal"": [""basic-consequence""]}","These are large deletions and duplications. Inherited variants, human, regulatory regions, basic consequence annotation.",['structural-CNV'],"FreeBayes is in the workflow, but we are annotating the Delly structural calls. Inherited variants, human, regulatory regions, basic consequence annotation.",['structural-CNV'],"We are annotating the FreeBayes SNV and indel calls. Inherited variants, human, regulatory regions, basic consequence annotation.",['small'],"Inherited variants, human, regulatory regions, basic consequence annotation.",[],
vari-tool-6,variant_size_class,tool_name,"{""species"": ""human"", ""origin"": ""somatic"", ""region_focus"": [""coding""], ""analysis_goal"": [""clinical-interpretation""]}","They're structural variants and CNVs. Somatic mutations, in coding sequence, pathogenicity assessment, Homo sapiens data.",['structural-CNV'],"dbSNP IDs are in the header from an old template, but these are CNVs. Somatic mutations, in coding sequence, pathogenicity assessment, Homo sapiens data.",['structural-CNV'],"These are dbSNP-annotated SNVs. Somatic mutations, in coding sequence, pathogenicity assessment, Homo sapiens data.",['small'],"Somatic mutations, in coding sequence, pathogenicity assessment, Homo sapiens data.",[],
vari-atta-1,variant_size_class,attachment,"{""species"": ""human"", ""origin"": ""germline"", ""region_focus"": [""coding""], ""analysis_goal"": [""basic-consequence""]}","Germline, in coding sequence, basic consequence annotation, human. They're SNVs and short indels.",['small'],"Germline, in coding sequence, basic consequence annotation, human. The lab next door studies structural variants; ours are single-nucleotide changes.",['small'],"Germline, in coding sequence, basic consequence annotation, human. Our lab studies structural variants; these are ours.",['structural-CNV'],"Germline, in coding sequence, basic consequence annotation, human.",[],
vari-atta-2,variant_size_class,attachment,"{""species"": ""human"", ""origin"": ""somatic"", ""region_focus"": [""regulatory-noncoding""], ""analysis_goal"": [""clinical-interpretation""]}","Human samples, somatic mutations, promoters and enhancers, pathogenicity assessment. They're SNVs and short indels.",['small'],"Human samples, somatic mutations, promoters and enhancers, pathogenicity assessment. The gene sits in a known large-deletion region, but our variants are SNVs within it.",['small'],"Human samples, somatic mutations, promoters and enhancers, pathogenicity assessment. Our variants are the large deletions covering the gene.",['structural-CNV'],"Human samples, somatic mutations, promoters and enhancers, pathogenicity assessment.",[],
vari-atta-3,variant_size_class,attachment,"{""species"": ""human"", ""origin"": ""germline"", ""region_focus"": [""coding""], ""analysis_goal"": [""clinical-interpretation""]}","Clinical interpretation, inherited variants, protein-coding exons, Homo sapiens data. These are small variants, SNVs and indels.",['small'],"Clinical interpretation, inherited variants, protein-coding exons, Homo sapiens data. The reference paper was about CNVs; we are following up with SNV calls.",['small'],"Clinical interpretation, inherited variants, protein-coding exons, Homo sapiens data. We are following up that paper with our own CNV calls.",['structural-CNV'],"Clinical interpretation, inherited variants, protein-coding exons, Homo sapiens data.",[],
vari-atta-4,variant_size_class,attachment,"{""species"": ""human"", ""origin"": ""somatic"", ""region_focus"": [""regulatory-noncoding""], ""analysis_goal"": [""basic-consequence""]}","They're structural variants and CNVs. Homo sapiens data, somatic calls, non-coding regulatory elements, basic consequence annotation.",['structural-CNV'],"The SNV array data was discarded; the remaining calls are large duplications. Homo sapiens data, somatic calls, non-coding regulatory elements, basic consequence annotation.",['structural-CNV'],"The duplications were discarded; the remaining calls are from the SNV array. Homo sapiens data, somatic calls, non-coding regulatory elements, basic consequence annotation.",['small'],"Homo sapiens data, somatic calls, non-coding regulatory elements, basic consequence annotation.",[],
vari-atta-5,variant_size_class,attachment,"{""species"": ""human"", ""origin"": ""germline"", ""region_focus"": [""regulatory-noncoding""], ""analysis_goal"": [""clinical-interpretation""]}","It's copy-number and structural calls only. Clinical interpretation, regulatory regions, constitutional calls, human.",['structural-CNV'],"Our last project was on indels; this callset is megabase copy-number changes. Clinical interpretation, regulatory regions, constitutional calls, human.",['structural-CNV'],"Our last project was on copy-number changes; this callset is indels. Clinical interpretation, regulatory regions, constitutional calls, human.",['small'],"Clinical interpretation, regulatory regions, constitutional calls, human.",[],
vari-atta-6,variant_size_class,attachment,"{""species"": ""human"", ""origin"": ""somatic"", ""region_focus"": [""coding""], ""analysis_goal"": [""basic-consequence""]}","They're structural variants and CNVs. Somatic calls, in coding sequence, basic consequence annotation, human samples.",['structural-CNV'],"Breakpoints were confirmed by Sanger reads at single-base resolution; the events are 50 kb deletions. Somatic calls, in coding sequence, basic consequence annotation, human samples.",['structural-CNV'],"The events are single-base substitutions confirmed by Sanger reads. Somatic calls, in coding sequence, basic consequence annotation, human samples.",['small'],"Somatic calls, in coding sequence, basic consequence annotation, human samples.",[],
vari-doma-1,variant_size_class,domain,"{""species"": ""human"", ""origin"": ""somatic"", ""region_focus"": [""coding""], ""analysis_goal"": [""population-frequency""]}","Protein-coding exons, somatic calls, how common they are in populations, human samples. They're SNVs and short indels.",['small'],"Protein-coding exons, somatic calls, how common they are in populations, human samples. A 1-bp duplication and a couple of single-base deletions.",['small'],"Protein-coding exons, somatic calls, how common they are in populations, human samples. A 2 Mb duplication and several whole-gene deletions.",['structural-CNV'],"Protein-coding exons, somatic calls, how common they are in populations, human samples.",[],
vari-doma-2,variant_size_class,domain,"{""species"": ""human"", ""origin"": ""germline"", ""region_focus"": [""regulatory-noncoding""], ""analysis_goal"": [""population-frequency""]}","These are small variants, SNVs and indels. Inherited variants, human, regulatory regions, how common they are in populations.",['small'],"A 3-bp in-frame deletion. Inherited variants, human, regulatory regions, how common they are in populations.",['small'],"A 300-kb deletion. Inherited variants, human, regulatory regions, how common they are in populations.",['structural-CNV'],"Inherited variants, human, regulatory regions, how common they are in populations.",[],
vari-doma-3,variant_size_class,domain,"{""species"": ""human"", ""origin"": ""germline"", ""region_focus"": [""coding""], ""analysis_goal"": [""population-frequency""]}","They're SNVs and short indels. Coding regions, frequency lookup across populations, human, constitutional calls.",['small'],"Insertions of two or three bases. Coding regions, frequency lookup across populations, human, constitutional calls.",['small'],"Mobile-element insertions several kilobases long. Coding regions, frequency lookup across populations, human, constitutional calls.",['structural-CNV'],"Coding regions, frequency lookup across populations, human, constitutional calls.",[],
vari-doma-4,variant_size_class,domain,"{""species"": ""human"", ""origin"": ""somatic"", ""region_focus"": [""regulatory-noncoding""], ""analysis_goal"": [""population-frequency""]}","These are large deletions and duplications. Promoters and enhancers, somatic mutations, human samples, population allele frequencies.",['structural-CNV'],"A single copy of the whole gene lost. Promoters and enhancers, somatic mutations, human samples, population allele frequencies.",['structural-CNV'],"A single base changed in the gene. Promoters and enhancers, somatic mutations, human samples, population allele frequencies.",['small'],"Promoters and enhancers, somatic mutations, human samples, population allele frequencies.",[],
vari-doma-5,variant_size_class,domain,"{""species"": ""human"", ""origin"": ""somatic"", ""region_focus"": [""coding""], ""analysis_goal"": [""clinical-interpretation""]}","They're structural variants and CNVs. Somatic calls, pathogenicity assessment, human samples, in coding sequence.",['structural-CNV'],"Chromosome-arm gains detected with a SNP array. Somatic calls, pathogenicity assessment, human samples, in coding sequence.",['structural-CNV'],"SNPs genotyped with a SNP array. Somatic calls, pathogenicity assessment, human samples, in coding sequence.",['small'],"Somatic calls, pathogenicity assessment, human samples, in coding sequence.",[],
vari-doma-6,variant_size_class,domain,"{""species"": ""human"", ""origin"": ""germline"", ""region_focus"": [""regulatory-noncoding""], ""analysis_goal"": [""basic-consequence""]}","They're structural variants and CNVs. Non-coding regulatory elements, germline, just the consequence types, Homo sapiens data.",['structural-CNV'],"An Alu insertion of about 300 bases. Non-coding regulatory elements, germline, just the consequence types, Homo sapiens data.",['structural-CNV'],"A 2-base insertion. Non-coding regulatory elements, germline, just the consequence types, Homo sapiens data.",['small'],"Non-coding regulatory elements, germline, just the consequence types, Homo sapiens data.",[],
regi-nega-1,region_focus,negation,"{""species"": ""non-human"", ""origin"": ""germline"", ""variant_size_class"": [""small""], ""analysis_goal"": [""basic-consequence""]}","What each one hits, nothing more, constitutional calls, single-nucleotide variants, from dog. I care about the protein-coding exons.",['coding'],"What each one hits, nothing more, constitutional calls, single-nucleotide variants, from dog. Nothing intronic or intergenic, only exonic protein-altering changes.",['coding'],"What each one hits, nothing more, constitutional calls, single-nucleotide variants, from dog. Only intronic and intergenic changes, nothing exonic or protein-altering.",['regulatory-noncoding'],"What each one hits, nothing more, constitutional calls, single-nucleotide variants, from dog.",[],
regi-nega-2,region_focus,negation,"{""species"": ""non-human"", ""origin"": ""somatic"", ""variant_size_class"": [""small""], ""analysis_goal"": [""clinical-interpretation""]}","Pathogenicity assessment, dog samples, somatic calls, SNVs and small indels. I care about the protein-coding exons.",['coding'],"Pathogenicity assessment, dog samples, somatic calls, SNVs and small indels. We are not looking at promoters; coding sequence only.",['coding'],"Pathogenicity assessment, dog samples, somatic calls, SNVs and small indels. We are looking at promoters, not coding sequence.",['regulatory-noncoding'],"Pathogenicity assessment, dog samples, somatic calls, SNVs and small indels.",[],
regi-nega-3,region_focus,negation,"{""species"": ""non-human"", ""origin"": ""somatic"", ""variant_size_class"": [""small""], ""analysis_goal"": [""basic-consequence""]}","From sheep, somatic calls, SNVs and small indels, just the consequence types. I care about the protein-coding exons.",['coding'],"From sheep, somatic calls, SNVs and small indels, just the consequence types. No enhancer variants in scope, just changes inside coding exons.",['coding'],"From sheep, somatic calls, SNVs and small indels, just the consequence types. Enhancer variants only, not changes inside coding exons.",['regulatory-noncoding'],"From sheep, somatic calls, SNVs and small indels, just the consequence types.",[],
regi-nega-4,region_focus,negation,"{""species"": ""non-human"", ""origin"": ""germline"", ""variant_size_class"": [""small""], ""analysis_goal"": [""clinical-interpretation""]}","Pathogenicity assessment, zebrafish samples, SNVs and small indels, germline. They're in regulatory regions.",['regulatory-noncoding'],"Pathogenicity assessment, zebrafish samples, SNVs and small indels, germline. Not in the coding sequence; they sit in enhancers.",['regulatory-noncoding'],"Pathogenicity assessment, zebrafish samples, SNVs and small indels, germline. In the coding sequence; not in enhancers.",['coding'],"Pathogenicity assessment, zebrafish samples, SNVs and small indels, germline.",[],
regi-nega-5,region_focus,negation,"{""species"": ""non-human"", ""origin"": ""somatic"", ""variant_size_class"": [""small""], ""analysis_goal"": [""clinical-interpretation""]}","Clinical interpretation, mouse samples, point mutations and short indels, somatic mutations. I care about promoters and enhancers.",['regulatory-noncoding'],"Clinical interpretation, mouse samples, point mutations and short indels, somatic mutations. None of these touch exons, all are in upstream regulatory elements.",['regulatory-noncoding'],"Clinical interpretation, mouse samples, point mutations and short indels, somatic mutations. All of these touch exons, none are in upstream regulatory elements.",['coding'],"Clinical interpretation, mouse samples, point mutations and short indels, somatic mutations.",[],
regi-nega-6,region_focus,negation,"{""species"": ""non-human"", ""origin"": ""germline"", ""variant_size_class"": [""small""], ""analysis_goal"": [""basic-consequence""]}","Point mutations and short indels, what each one hits, nothing more, constitutional calls, cattle data. Focus on non-coding regulatory elements.",['regulatory-noncoding'],"Point mutations and short indels, what each one hits, nothing more, constitutional calls, cattle data. We excluded protein-coding regions and kept promoter and UTR hits.",['regulatory-noncoding'],"Point mutations and short indels, what each one hits, nothing more, constitutional calls, cattle data. We kept protein-coding regions and excluded promoter and UTR hits.",['coding'],"Point mutations and short indels, what each one hits, nothing more, constitutional calls, cattle data.",[],
regi-word-1,region_focus,word_sense,"{""species"": ""non-human"", ""origin"": ""somatic"", ""variant_size_class"": [""small""], ""analysis_goal"": [""basic-consequence""]}","From chicken, what each one hits, nothing more, acquired somatic variants, single-nucleotide variants. Focus on coding sequence.",['coding'],"From chicken, what each one hits, nothing more, acquired somatic variants, single-nucleotide variants. A real enhancer for our grant: the variants sit in protein-coding exons.",['coding'],"From chicken, what each one hits, nothing more, acquired somatic variants, single-nucleotide variants. A real enhancer region: the variants sit there, outside exons.",['regulatory-noncoding'],"From chicken, what each one hits, nothing more, acquired somatic variants, single-nucleotide variants.",[],
regi-word-2,region_focus,word_sense,"{""species"": ""non-human"", ""origin"": ""germline"", ""variant_size_class"": [""small""], ""analysis_goal"": [""clinical-interpretation""]}","I care about the protein-coding exons. Single-nucleotide variants, zebrafish data, germline, clinical interpretation.",['coding'],"My supervisor is a big promoter of this project; the variants are in coding exons. Single-nucleotide variants, zebrafish data, germline, clinical interpretation.",['coding'],"The variants are in a gene promoter, outside the coding exons. Single-nucleotide variants, zebrafish data, germline, clinical interpretation.",['regulatory-noncoding'],"Single-nucleotide variants, zebrafish data, germline, clinical interpretation.",[],
regi-word-3,region_focus,word_sense,"{""species"": ""non-human"", ""origin"": ""germline"", ""variant_size_class"": [""small""], ""analysis_goal"": [""basic-consequence""]}","Point mutations and short indels, just the consequence types, from zebrafish, inherited variants. Focus on coding sequence.",['coding'],"Point mutations and short indels, just the consequence types, from zebrafish, inherited variants. For regulatory approval we only report coding-sequence changes.",['coding'],"Point mutations and short indels, just the consequence types, from zebrafish, inherited variants. For regulatory elements we only report non-coding changes.",['regulatory-noncoding'],"Point mutations and short indels, just the consequence types, from zebrafish, inherited variants.",[],
regi-word-4,region_focus,word_sense,"{""species"": ""non-human"", ""origin"": ""somatic"", ""variant_size_class"": [""small""], ""analysis_goal"": [""clinical-interpretation""]}","I care about promoters and enhancers. Point mutations and short indels, chicken samples, pathogenicity assessment, somatic mutations.",['regulatory-noncoding'],"The coding in our pipeline is messy, but the variants are all in enhancers. Point mutations and short indels, chicken samples, pathogenicity assessment, somatic mutations.",['regulatory-noncoding'],"The coding sequence holds all the variants, none are in enhancers. Point mutations and short indels, chicken samples, pathogenicity assessment, somatic mutations.",['coding'],"Point mutations and short indels, chicken samples, pathogenicity assessment, somatic mutations.",[],
regi-word-5,region_focus,word_sense,"{""species"": ""non-human"", ""origin"": ""germline"", ""variant_size_class"": [""small""], ""analysis_goal"": [""clinical-interpretation""]}","SNVs and small indels, dog samples, germline, pathogenicity assessment. They're in regulatory regions.",['regulatory-noncoding'],"SNVs and small indels, dog samples, germline, pathogenicity assessment. In the frame of this project, the variants are intergenic and in enhancers.",['regulatory-noncoding'],"SNVs and small indels, dog samples, germline, pathogenicity assessment. In-frame variants inside the coding sequence.",['coding'],"SNVs and small indels, dog samples, germline, pathogenicity assessment.",[],
regi-word-6,region_focus,word_sense,"{""species"": ""non-human"", ""origin"": ""somatic"", ""variant_size_class"": [""small""], ""analysis_goal"": [""basic-consequence""]}","Point mutations and short indels, somatic mutations, from sheep, basic consequence annotation. They're in regulatory regions.",['regulatory-noncoding'],"Point mutations and short indels, somatic mutations, from sheep, basic consequence annotation. The translation of the protocol is done; the variants are in UTRs and promoters.",['regulatory-noncoding'],"Point mutations and short indels, somatic mutations, from sheep, basic consequence annotation. The variants affect translation of the protein, inside the coding sequence.",['coding'],"Point mutations and short indels, somatic mutations, from sheep, basic consequence annotation.",[],
regi-tool-1,region_focus,tool_name,"{""species"": ""human"", ""origin"": ""somatic"", ""variant_size_class"": [""structural-CNV""], ""analysis_goal"": [""basic-consequence""]}","Basic consequence annotation, acquired somatic variants, copy-number and structural calls, human. Focus on coding sequence.",['coding'],"Basic consequence annotation, acquired somatic variants, copy-number and structural calls, human. We used the ENCODE browser for figures, but the variants are in coding exons.",['coding'],"Basic consequence annotation, acquired somatic variants, copy-number and structural calls, human. The variants are in ENCODE regulatory elements.",['regulatory-noncoding'],"Basic consequence annotation, acquired somatic variants, copy-number and structural calls, human.",[],
regi-tool-2,region_focus,tool_name,"{""species"": ""human"", ""origin"": ""germline"", ""variant_size_class"": [""structural-CNV""], ""analysis_goal"": [""clinical-interpretation""]}","Structural variants, human, is any of it pathogenic, constitutional calls. I care about the protein-coding exons.",['coding'],"Structural variants, human, is any of it pathogenic, constitutional calls. The Regulatory Build track loads by default, but our variants are protein-coding.",['coding'],"Structural variants, human, is any of it pathogenic, constitutional calls. Our variants are in the Regulatory Build's promoter and enhancer features.",['regulatory-noncoding'],"Structural variants, human, is any of it pathogenic, constitutional calls.",[],
regi-tool-3,region_focus,tool_name,"{""species"": ""human"", ""origin"": ""somatic"", ""variant_size_class"": [""small""], ""analysis_goal"": [""population-frequency""]}","I care about the protein-coding exons. How common they are in populations, somatic calls, Homo sapiens data, single-nucleotide variants.",['coding'],"JASPAR was cited in the old draft; these variants are exonic. How common they are in populations, somatic calls, Homo sapiens data, single-nucleotide variants.",['coding'],"These variants disrupt JASPAR transcription-factor motifs outside genes. How common they are in populations, somatic calls, Homo sapiens data, single-nucleotide variants.",['regulatory-noncoding'],"How common they are in populations, somatic calls, Homo sapiens data, single-nucleotide variants.",[],
regi-tool-4,region_focus,tool_name,"{""species"": ""human"", ""origin"": ""germline"", ""variant_size_class"": [""small""], ""analysis_goal"": [""population-frequency""]}","Focus on non-coding regulatory elements. Population allele frequencies, single-nucleotide variants, human samples, inherited variants.",['regulatory-noncoding'],"UniProt was open in another tab; the variants are in enhancers. Population allele frequencies, single-nucleotide variants, human samples, inherited variants.",['regulatory-noncoding'],"The variants change residues listed in UniProt, inside coding exons. Population allele frequencies, single-nucleotide variants, human samples, inherited variants.",['coding'],"Population allele frequencies, single-nucleotide variants, human samples, inherited variants.",[],
regi-tool-5,region_focus,tool_name,"{""species"": ""human"", ""origin"": ""somatic"", ""variant_size_class"": [""small""], ""analysis_goal"": [""basic-consequence""]}","Human, somatic calls, what each one hits, nothing more, single-nucleotide variants. They're in regulatory regions.",['regulatory-noncoding'],"Human, somatic calls, what each one hits, nothing more, single-nucleotide variants. The CCDS set was the old default in our config; our variants are intergenic.",['regulatory-noncoding'],"Human, somatic calls, what each one hits, nothing more, single-nucleotide variants. Our variants fall in CCDS coding exons.",['coding'],"Human, somatic calls, what each one hits, nothing more, single-nucleotide variants.",[],
regi-tool-6,region_focus,tool_name,"{""species"": ""human"", ""origin"": ""germline"", ""variant_size_class"": [""small""], ""analysis_goal"": [""clinical-interpretation""]}","Point mutations and short indels, pathogenicity assessment, inherited variants, human samples. They're in regulatory regions.",['regulatory-noncoding'],"Point mutations and short indels, pathogenicity assessment, inherited variants, human samples. Pfam came up in lab meeting, but these are promoter variants.",['regulatory-noncoding'],"Point mutations and short indels, pathogenicity assessment, inherited variants, human samples. These variants fall inside Pfam protein domains.",['coding'],"Point mutations and short indels, pathogenicity assessment, inherited variants, human samples.",[],
regi-atta-1,region_focus,attachment,"{""species"": ""human"", ""origin"": ""germline"", ""variant_size_class"": [""small""], ""analysis_goal"": [""basic-consequence""]}","Single-nucleotide variants, human samples, basic consequence annotation, inherited variants. They're in coding regions.",['coding'],"Single-nucleotide variants, human samples, basic consequence annotation, inherited variants. The paper we follow was about enhancers; our variants are in coding exons.",['coding'],"Single-nucleotide variants, human samples, basic consequence annotation, inherited variants. Like the paper, our variants are in enhancers.",['regulatory-noncoding'],"Single-nucleotide variants, human samples, basic consequence annotation, inherited variants.",[],
regi-atta-2,region_focus,attachment,"{""species"": ""human"", ""origin"": ""somatic"", ""variant_size_class"": [""small""], ""analysis_goal"": [""clinical-interpretation""]}","Focus on coding sequence. Human samples, acquired somatic variants, is any of it pathogenic, single-nucleotide variants.",['coding'],"The gene's promoter was characterised last year; we are annotating its exonic changes. Human samples, acquired somatic variants, is any of it pathogenic, single-nucleotide variants.",['coding'],"We are annotating the changes in that promoter. Human samples, acquired somatic variants, is any of it pathogenic, single-nucleotide variants.",['regulatory-noncoding'],"Human samples, acquired somatic variants, is any of it pathogenic, single-nucleotide variants.",[],
regi-atta-3,region_focus,attachment,"{""species"": ""non-human"", ""origin"": ""germline"", ""variant_size_class"": [""small""], ""analysis_goal"": [""basic-consequence""]}","From dog, single-nucleotide variants, what each one hits, nothing more, germline. I care about the protein-coding exons.",['coding'],"From dog, single-nucleotide variants, what each one hits, nothing more, germline. The intergenic controls were filtered out; only protein-coding variants remain.",['coding'],"From dog, single-nucleotide variants, what each one hits, nothing more, germline. The protein-coding controls were filtered out; only intergenic variants remain.",['regulatory-noncoding'],"From dog, single-nucleotide variants, what each one hits, nothing more, germline.",[],
regi-atta-4,region_focus,attachment,"{""species"": ""non-human"", ""origin"": ""somatic"", ""variant_size_class"": [""small""], ""analysis_goal"": [""clinical-interpretation""]}","Focus on non-coding regulatory elements. Somatic calls, chicken samples, SNVs and small indels, is any of it pathogenic.",['regulatory-noncoding'],"The exome capture kit was for another study; our variants are in distal enhancers. Somatic calls, chicken samples, SNVs and small indels, is any of it pathogenic.",['regulatory-noncoding'],"Our variants come from the exome capture, in coding exons. Somatic calls, chicken samples, SNVs and small indels, is any of it pathogenic.",['coding'],"Somatic calls, chicken samples, SNVs and small indels, is any of it pathogenic.",[],
regi-atta-5,region_focus,attachment,"{""species"": ""human"", ""origin"": ""germline"", ""variant_size_class"": [""structural-CNV""], ""analysis_goal"": [""basic-consequence""]}","Germline, what each one hits, nothing more, CNVs and large deletions, human samples. I care about promoters and enhancers.",['regulatory-noncoding'],"Germline, what each one hits, nothing more, CNVs and large deletions, human samples. We named the file coding_variants out of habit; they are in promoters.",['regulatory-noncoding'],"Germline, what each one hits, nothing more, CNVs and large deletions, human samples. The file coding_variants holds exonic variants.",['coding'],"Germline, what each one hits, nothing more, CNVs and large deletions, human samples.",[],
regi-atta-6,region_focus,attachment,"{""species"": ""human"", ""origin"": ""somatic"", ""variant_size_class"": [""structural-CNV""], ""analysis_goal"": [""clinical-interpretation""]}","Focus on non-coding regulatory elements. Human, pathogenicity assessment, CNVs and large deletions, somatic calls.",['regulatory-noncoding'],"Our collaborators study protein structure; these variants are in introns and UTRs. Human, pathogenicity assessment, CNVs and large deletions, somatic calls.",['regulatory-noncoding'],"These variants change protein structure, inside the coding sequence. Human, pathogenicity assessment, CNVs and large deletions, somatic calls.",['coding'],"Human, pathogenicity assessment, CNVs and large deletions, somatic calls.",[],
regi-doma-1,region_focus,domain,"{""species"": ""non-human"", ""origin"": ""somatic"", ""variant_size_class"": [""small""], ""analysis_goal"": [""basic-consequence""]}","I care about the protein-coding exons. Somatic calls, sheep data, what each one hits, nothing more, single-nucleotide variants.",['coding'],"Variants at the 5' end of the open reading frame, right after the start codon. Somatic calls, sheep data, what each one hits, nothing more, single-nucleotide variants.",['coding'],"Variants in the 5' UTR, just before the start codon. Somatic calls, sheep data, what each one hits, nothing more, single-nucleotide variants.",['regulatory-noncoding'],"Somatic calls, sheep data, what each one hits, nothing more, single-nucleotide variants.",[],
regi-doma-2,region_focus,domain,"{""species"": ""non-human"", ""origin"": ""germline"", ""variant_size_class"": [""small""], ""analysis_goal"": [""clinical-interpretation""]}","I care about the protein-coding exons. SNVs and small indels, rat samples, pathogenicity assessment, germline.",['coding'],"Variants in the coding exons of the regulatory-subunit gene PRKAR1A. SNVs and small indels, rat samples, pathogenicity assessment, germline.",['coding'],"Variants in the regulatory region upstream of PRKAR1A. SNVs and small indels, rat samples, pathogenicity assessment, germline.",['regulatory-noncoding'],"SNVs and small indels, rat samples, pathogenicity assessment, germline.",[],
regi-doma-3,region_focus,domain,"{""species"": ""human"", ""origin"": ""somatic"", ""variant_size_class"": [""structural-CNV""], ""analysis_goal"": [""population-frequency""]}","Focus on coding sequence. Somatic calls, frequency lookup across populations, human samples, copy-number and structural calls.",['coding'],"Amino-acid changes in the DNA-binding domain of a transcription factor. Somatic calls, frequency lookup across populations, human samples, copy-number and structural calls.",['coding'],"Changes in the DNA motifs that the transcription factor binds. Somatic calls, frequency lookup across populations, human samples, copy-number and structural calls.",['regulatory-noncoding'],"Somatic calls, frequency lookup across populations, human samples, copy-number and structural calls.",[],
regi-doma-4,region_focus,domain,"{""species"": ""human"", ""origin"": ""germline"", ""variant_size_class"": [""structural-CNV""], ""analysis_goal"": [""population-frequency""]}","Focus on non-coding regulatory elements. Human, population allele frequencies, inherited variants, CNVs and large deletions.",['regulatory-noncoding'],"Variants in the promoter of a protein-coding gene. Human, population allele frequencies, inherited variants, CNVs and large deletions.",['regulatory-noncoding'],"Variants in the exons of a protein-coding gene. Human, population allele frequencies, inherited variants, CNVs and large deletions.",['coding'],"Human, population allele frequencies, inherited variants, CNVs and large deletions.",[],
regi-doma-5,region_focus,domain,"{""species"": ""human"", ""origin"": ""somatic"", ""variant_size_class"": [""structural-CNV""], ""analysis_goal"": [""basic-consequence""]}","Focus on non-coding regulatory elements. Copy-number and structural calls, just the consequence types, somatic calls, human samples.",['regulatory-noncoding'],"Deep intronic variants within a protein-coding gene's locus. Copy-number and structural calls, just the consequence types, somatic calls, human samples.",['regulatory-noncoding'],"Exonic variants within a protein-coding gene's locus. Copy-number and structural calls, just the consequence types, somatic calls, human samples.",['coding'],"Copy-number and structural calls, just the consequence types, somatic calls, human samples.",[],
regi-doma-6,region_focus,domain,"{""species"": ""human"", ""origin"": ""germline"", ""variant_size_class"": [""structural-CNV""], ""analysis_goal"": [""clinical-interpretation""]}","Focus on non-coding regulatory elements. Copy-number and structural calls, germline, clinical interpretation, human samples.",['regulatory-noncoding'],"Variants in microRNA genes, which are transcribed but never translated. Copy-number and structural calls, germline, clinical interpretation, human samples.",['regulatory-noncoding'],"Variants in genes that are transcribed and translated into protein. Copy-number and structural calls, germline, clinical interpretation, human samples.",['coding'],"Copy-number and structural calls, germline, clinical interpretation, human samples.",[],
anal-nega-1,analysis_goal,negation,"{""species"": ""human"", ""origin"": ""germline"", ""variant_size_class"": [""small""], ""region_focus"": [""coding""]}","Just tell me what each one hits. Protein-coding exons, human, single-nucleotide variants, inherited variants.",['basic-consequence'],"No clinical question here, I just want to know which genes and transcripts they hit. Protein-coding exons, human, single-nucleotide variants, inherited variants.",['basic-consequence'],"A clinical question here, not just which genes and transcripts they hit. Protein-coding exons, human, single-nucleotide variants, inherited variants.",['clinical-interpretation'],"Protein-coding exons, human, single-nucleotide variants, inherited variants.",[],
anal-nega-2,analysis_goal,negation,"{""species"": ""human"", ""origin"": ""somatic"", ""variant_size_class"": [""small""], ""region_focus"": [""regulatory-noncoding""]}","Only the basic consequence types, please. Non-coding regulatory elements, SNVs and small indels, acquired somatic variants, human samples.",['basic-consequence'],"Frequencies don't matter for this, just the consequence of each variant. Non-coding regulatory elements, SNVs and small indels, acquired somatic variants, human samples.",['basic-consequence'],"Only frequencies matter for this, not the consequence of each variant. Non-coding regulatory elements, SNVs and small indels, acquired somatic variants, human samples.",['population-frequency'],"Non-coding regulatory elements, SNVs and small indels, acquired somatic variants, human samples.",[],
anal-nega-3,analysis_goal,negation,"{""species"": ""human"", ""origin"": ""somatic"", ""variant_size_class"": [""small""], ""region_focus"": [""coding""]}","Coding regions, SNVs and small indels, Homo sapiens data, acquired somatic variants. The aim is pathogenicity assessment.",['clinical-interpretation'],"Coding regions, SNVs and small indels, Homo sapiens data, acquired somatic variants. Not a quick consequence lookup; I need to know which are disease-causing.",['clinical-interpretation'],"Coding regions, SNVs and small indels, Homo sapiens data, acquired somatic variants. A quick consequence lookup; I don't need to know which are disease-causing.",['basic-consequence'],"Coding regions, SNVs and small indels, Homo sapiens data, acquired somatic variants.",[],
anal-nega-4,analysis_goal,negation,"{""species"": ""human"", ""origin"": ""germline"", ""variant_size_class"": [""small""], ""region_focus"": [""regulatory-noncoding""]}","Non-coding regulatory elements, human, inherited variants, single-nucleotide variants. I need clinical interpretation.",['clinical-interpretation'],"Non-coding regulatory elements, human, inherited variants, single-nucleotide variants. Not after population frequencies; the question is whether any are pathogenic.",['clinical-interpretation'],"Non-coding regulatory elements, human, inherited variants, single-nucleotide variants. After population frequencies; the question is not whether any are pathogenic.",['population-frequency'],"Non-coding regulatory elements, human, inherited variants, single-nucleotide variants.",[],
anal-nega-5,analysis_goal,negation,"{""species"": ""human"", ""origin"": ""somatic"", ""variant_size_class"": [""structural-CNV""], ""region_focus"": [""regulatory-noncoding""]}","Show me how common they are in populations. Somatic calls, structural variants, regulatory regions, human samples.",['population-frequency'],"We're not diagnosing anyone; we want allele frequencies across ancestries. Somatic calls, structural variants, regulatory regions, human samples.",['population-frequency'],"We're diagnosing someone; we don't want allele frequencies across ancestries. Somatic calls, structural variants, regulatory regions, human samples.",['clinical-interpretation'],"Somatic calls, structural variants, regulatory regions, human samples.",[],
anal-nega-6,analysis_goal,negation,"{""species"": ""human"", ""origin"": ""germline"", ""variant_size_class"": [""structural-CNV""], ""region_focus"": [""coding""]}","I want population allele frequencies. Coding regions, structural variants, germline, Homo sapiens data.",['population-frequency'],"Not just what they hit: how common each one is in gnomAD populations. Coding regions, structural variants, germline, Homo sapiens data.",['population-frequency'],"Just what they hit, not how common each one is in gnomAD populations. Coding regions, structural variants, germline, Homo sapiens data.",['basic-consequence'],"Coding regions, structural variants, germline, Homo sapiens data.",[],
anal-word-1,analysis_goal,word_sense,"{""species"": ""non-human"", ""origin"": ""somatic"", ""variant_size_class"": [""small""], ""region_focus"": [""coding""]}","Coding regions, point mutations and short indels, from zebrafish, somatic calls. Just tell me what each one hits.",['basic-consequence'],"Coding regions, point mutations and short indels, from zebrafish, somatic calls. Run it with clinical precision please, just the consequence types.",['basic-consequence'],"Coding regions, point mutations and short indels, from zebrafish, somatic calls. Run a clinical interpretation please, not just the consequence types.",['clinical-interpretation'],"Coding regions, point mutations and short indels, from zebrafish, somatic calls.",[],
anal-word-2,analysis_goal,word_sense,"{""species"": ""human"", ""origin"": ""germline"", ""variant_size_class"": [""small""], ""region_focus"": [""regulatory-noncoding""]}","Human, single-nucleotide variants, non-coding regulatory elements, constitutional calls. I just want the consequence of each variant.",['basic-consequence'],"Human, single-nucleotide variants, non-coding regulatory elements, constitutional calls. Our growing lab population needs a quick answer: which transcripts are hit.",['basic-consequence'],"Human, single-nucleotide variants, non-coding regulatory elements, constitutional calls. Our population study needs frequencies, not which transcripts are hit.",['population-frequency'],"Human, single-nucleotide variants, non-coding regulatory elements, constitutional calls.",[],
anal-word-3,analysis_goal,word_sense,"{""species"": ""non-human"", ""origin"": ""germline"", ""variant_size_class"": [""small""], ""region_focus"": [""regulatory-noncoding""]}","The aim is pathogenicity assessment. Single-nucleotide variants, constitutional calls, promoters and enhancers, sheep samples.",['clinical-interpretation'],"Basic question maybe, but are any of these pathogenic? Single-nucleotide variants, constitutional calls, promoters and enhancers, sheep samples.",['clinical-interpretation'],"Basic question: what consequence does each have, nothing about pathogenicity. Single-nucleotide variants, constitutional calls, promoters and enhancers, sheep samples.",['basic-consequence'],"Single-nucleotide variants, constitutional calls, promoters and enhancers, sheep samples.",[],
anal-word-4,analysis_goal,word_sense,"{""species"": ""human"", ""origin"": ""somatic"", ""variant_size_class"": [""small""], ""region_focus"": [""coding""]}","Somatic calls, coding regions, SNVs and small indels, human samples. The aim is pathogenicity assessment.",['clinical-interpretation'],"Somatic calls, coding regions, SNVs and small indels, human samples. Common sense says check which ones could cause the disease.",['clinical-interpretation'],"Somatic calls, coding regions, SNVs and small indels, human samples. Check how common they are in populations, not whether they cause disease.",['population-frequency'],"Somatic calls, coding regions, SNVs and small indels, human samples.",[],
anal-word-5,analysis_goal,word_sense,"{""species"": ""human"", ""origin"": ""somatic"", ""variant_size_class"": [""small""], ""region_focus"": [""regulatory-noncoding""]}","Show me how common they are in populations. Somatic calls, single-nucleotide variants, regulatory regions, Homo sapiens data.",['population-frequency'],"I'm pathologically curious how frequent these are across populations. Somatic calls, single-nucleotide variants, regulatory regions, Homo sapiens data.",['population-frequency'],"I want the pathology read: are these disease-causing, not how frequent they are. Somatic calls, single-nucleotide variants, regulatory regions, Homo sapiens data.",['clinical-interpretation'],"Somatic calls, single-nucleotide variants, regulatory regions, Homo sapiens data.",[],
anal-word-6,analysis_goal,word_sense,"{""species"": ""human"", ""origin"": ""germline"", ""variant_size_class"": [""small""], ""region_focus"": [""coding""]}","Protein-coding exons, point mutations and short indels, inherited variants, human. I want population allele frequencies.",['population-frequency'],"Protein-coding exons, point mutations and short indels, inherited variants, human. As a consequence of reviewer 2, we need allele frequencies in each population.",['population-frequency'],"Protein-coding exons, point mutations and short indels, inherited variants, human. We need the consequence of each variant, not allele frequencies.",['basic-consequence'],"Protein-coding exons, point mutations and short indels, inherited variants, human.",[],
anal-tool-1,analysis_goal,tool_name,"{""species"": ""non-human"", ""origin"": ""germline"", ""variant_size_class"": [""small""], ""region_focus"": [""coding""]}","Just tell me what each one hits. Point mutations and short indels, protein-coding exons, constitutional calls, from zebrafish.",['basic-consequence'],"ClinVar is bookmarked but not needed; just the consequence per transcript. Point mutations and short indels, protein-coding exons, constitutional calls, from zebrafish.",['basic-consequence'],"ClinVar significance is needed, not just the consequence per transcript. Point mutations and short indels, protein-coding exons, constitutional calls, from zebrafish.",['clinical-interpretation'],"Point mutations and short indels, protein-coding exons, constitutional calls, from zebrafish.",[],
anal-tool-2,analysis_goal,tool_name,"{""species"": ""human"", ""origin"": ""germline"", ""variant_size_class"": [""structural-CNV""], ""region_focus"": [""regulatory-noncoding""]}","Just tell me what each one hits. Germline, non-coding regulatory elements, human, CNVs and large deletions.",['basic-consequence'],"gnomAD is down anyway; I only want what each variant hits. Germline, non-coding regulatory elements, human, CNVs and large deletions.",['basic-consequence'],"I only want the gnomAD frequencies, not what each variant hits. Germline, non-coding regulatory elements, human, CNVs and large deletions.",['population-frequency'],"Germline, non-coding regulatory elements, human, CNVs and large deletions.",[],
anal-tool-3,analysis_goal,tool_name,"{""species"": ""non-human"", ""origin"": ""somatic"", ""variant_size_class"": [""small""], ""region_focus"": [""regulatory-noncoding""]}","Single-nucleotide variants, acquired somatic variants, non-coding regulatory elements, from dog. The aim is pathogenicity assessment.",['clinical-interpretation'],"Single-nucleotide variants, acquired somatic variants, non-coding regulatory elements, from dog. SnpEff gave us consequences already; now we need to know which are pathogenic.",['clinical-interpretation'],"Single-nucleotide variants, acquired somatic variants, non-coding regulatory elements, from dog. We need SnpEff-style consequences, nothing about pathogenicity.",['basic-consequence'],"Single-nucleotide variants, acquired somatic variants, non-coding regulatory elements, from dog.",[],
anal-tool-4,analysis_goal,tool_name,"{""species"": ""human"", ""origin"": ""somatic"", ""variant_size_class"": [""structural-CNV""], ""region_focus"": [""coding""]}","Acquired somatic variants, CNVs and large deletions, human samples, in coding sequence. I need clinical interpretation.",['clinical-interpretation'],"Acquired somatic variants, CNVs and large deletions, human samples, in coding sequence. The 1000 Genomes browser tab was left open by accident; the aim is pathogenicity.",['clinical-interpretation'],"Acquired somatic variants, CNVs and large deletions, human samples, in coding sequence. The aim is 1000 Genomes allele frequencies, not pathogenicity.",['population-frequency'],"Acquired somatic variants, CNVs and large deletions, human samples, in coding sequence.",[],
anal-tool-5,analysis_goal,tool_name,"{""species"": ""human"", ""origin"": ""germline"", ""variant_size_class"": [""small""], ""region_focus"": [""coding""]}","The aim is frequency lookup across populations. Single-nucleotide variants, in coding sequence, human, constitutional calls.",['population-frequency'],"OMIM is on the reading list, but this analysis is about allele frequencies across populations. Single-nucleotide variants, in coding sequence, human, constitutional calls.",['population-frequency'],"This analysis is about OMIM disease links, not allele frequencies. Single-nucleotide variants, in coding sequence, human, constitutional calls.",['clinical-interpretation'],"Single-nucleotide variants, in coding sequence, human, constitutional calls.",[],
anal-tool-6,analysis_goal,tool_name,"{""species"": ""human"", ""origin"": ""somatic"", ""variant_size_class"": [""small""], ""region_focus"": [""coding""]}","Human samples, SNVs and small indels, somatic mutations, coding regions. I want population allele frequencies.",['population-frequency'],"Human samples, SNVs and small indels, somatic mutations, coding regions. The Sequence Ontology poster is on our wall; what we need is population allele frequencies.",['population-frequency'],"Human samples, SNVs and small indels, somatic mutations, coding regions. What we need is Sequence Ontology consequence terms, not population allele frequencies.",['basic-consequence'],"Human samples, SNVs and small indels, somatic mutations, coding regions.",[],
anal-atta-1,analysis_goal,attachment,"{""species"": ""human"", ""origin"": ""somatic"", ""variant_size_class"": [""structural-CNV""], ""region_focus"": [""regulatory-noncoding""]}","Somatic mutations, human samples, promoters and enhancers, copy-number and structural calls. I just want the consequence of each variant.",['basic-consequence'],"Somatic mutations, human samples, promoters and enhancers, copy-number and structural calls. The clinical team will interpret later; from me they just want the consequence types.",['basic-consequence'],"Somatic mutations, human samples, promoters and enhancers, copy-number and structural calls. The clinical team wants me to interpret pathogenicity, not just the consequence types.",['clinical-interpretation'],"Somatic mutations, human samples, promoters and enhancers, copy-number and structural calls.",[],
anal-atta-2,analysis_goal,attachment,"{""species"": ""human"", ""origin"": ""germline"", ""variant_size_class"": [""structural-CNV""], ""region_focus"": [""coding""]}","Only the basic consequence types, please. Protein-coding exons, germline, human samples, structural variants.",['basic-consequence'],"A population geneticist will do frequencies afterwards; my part is only which genes are hit. Protein-coding exons, germline, human samples, structural variants.",['basic-consequence'],"My part is the population frequencies, not which genes are hit. Protein-coding exons, germline, human samples, structural variants.",['population-frequency'],"Protein-coding exons, germline, human samples, structural variants.",[],
anal-atta-3,analysis_goal,attachment,"{""species"": ""human"", ""origin"": ""somatic"", ""variant_size_class"": [""small""], ""region_focus"": [""regulatory-noncoding""]}","I want to know which are pathogenic. Homo sapiens data, promoters and enhancers, single-nucleotide variants, somatic mutations.",['clinical-interpretation'],"The first-year student did the quick consequence pass; I need to decide which are pathogenic. Homo sapiens data, promoters and enhancers, single-nucleotide variants, somatic mutations.",['clinical-interpretation'],"I need the quick consequence pass; the pathogenicity decision is someone else's. Homo sapiens data, promoters and enhancers, single-nucleotide variants, somatic mutations.",['basic-consequence'],"Homo sapiens data, promoters and enhancers, single-nucleotide variants, somatic mutations.",[],
anal-atta-4,analysis_goal,attachment,"{""species"": ""human"", ""origin"": ""germline"", ""variant_size_class"": [""structural-CNV""], ""region_focus"": [""regulatory-noncoding""]}","Homo sapiens data, non-coding regulatory elements, germline, structural variants. I want to know which are pathogenic.",['clinical-interpretation'],"Homo sapiens data, non-coding regulatory elements, germline, structural variants. Last year's paper reported the allele frequencies; this year we assess pathogenicity.",['clinical-interpretation'],"Homo sapiens data, non-coding regulatory elements, germline, structural variants. This year we report the allele frequencies; pathogenicity was last year's paper.",['population-frequency'],"Homo sapiens data, non-coding regulatory elements, germline, structural variants.",[],
anal-atta-5,analysis_goal,attachment,"{""species"": ""human"", ""origin"": ""germline"", ""variant_size_class"": [""small""], ""region_focus"": [""regulatory-noncoding""]}","I want population allele frequencies. Human samples, single-nucleotide variants, regulatory regions, inherited variants.",['population-frequency'],"The diagnosis was made elsewhere; our job is frequency across populations. Human samples, single-nucleotide variants, regulatory regions, inherited variants.",['population-frequency'],"Our job is the diagnosis; frequency across populations was done elsewhere. Human samples, single-nucleotide variants, regulatory regions, inherited variants.",['clinical-interpretation'],"Human samples, single-nucleotide variants, regulatory regions, inherited variants.",[],
anal-atta-6,analysis_goal,attachment,"{""species"": ""human"", ""origin"": ""somatic"", ""variant_size_class"": [""structural-CNV""], ""region_focus"": [""coding""]}","Coding regions, somatic mutations, human, CNVs and large deletions. The aim is frequency lookup across populations.",['population-frequency'],"Coding regions, somatic mutations, human, CNVs and large deletions. The consequences were annotated in a previous release; we now need population frequencies.",['population-frequency'],"Coding regions, somatic mutations, human, CNVs and large deletions. We now need the consequences; population frequencies were done in a previous release.",['basic-consequence'],"Coding regions, somatic mutations, human, CNVs and large deletions.",[],
anal-doma-1,analysis_goal,domain,"{""species"": ""non-human"", ""origin"": ""germline"", ""variant_size_class"": [""small""], ""region_focus"": [""regulatory-noncoding""]}","Pig data, non-coding regulatory elements, point mutations and short indels, constitutional calls. Only the basic consequence types, please.",['basic-consequence'],"Pig data, non-coding regulatory elements, point mutations and short indels, constitutional calls. These disease genes are for a teaching exercise: students just label each variant's consequence.",['basic-consequence'],"Pig data, non-coding regulatory elements, point mutations and short indels, constitutional calls. These disease genes are for a diagnosis: which variants are pathogenic?",['clinical-interpretation'],"Pig data, non-coding regulatory elements, point mutations and short indels, constitutional calls.",[],
anal-doma-2,analysis_goal,domain,"{""species"": ""human"", ""origin"": ""somatic"", ""variant_size_class"": [""structural-CNV""], ""region_focus"": [""regulatory-noncoding""]}","Copy-number and structural calls, somatic mutations, Homo sapiens data, non-coding regulatory elements. Only the basic consequence types, please.",['basic-consequence'],"Copy-number and structural calls, somatic mutations, Homo sapiens data, non-coding regulatory elements. Variants from a population cohort, but all I need is the consequence class for each.",['basic-consequence'],"Copy-number and structural calls, somatic mutations, Homo sapiens data, non-coding regulatory elements. Variants from a population cohort, and all I need is how frequent each is.",['population-frequency'],"Copy-number and structural calls, somatic mutations, Homo sapiens data, non-coding regulatory elements.",[],
anal-doma-3,analysis_goal,domain,"{""species"": ""non-human"", ""origin"": ""somatic"", ""variant_size_class"": [""small""], ""region_focus"": [""coding""]}","Coding regions, SNVs and small indels, cattle data, somatic mutations. The aim is pathogenicity assessment.",['clinical-interpretation'],"Coding regions, SNVs and small indels, cattle data, somatic mutations. Just one question about these variants: could any explain the seizure phenotype?",['clinical-interpretation'],"Coding regions, SNVs and small indels, cattle data, somatic mutations. Just one question about these variants: what consequence does each have?",['basic-consequence'],"Coding regions, SNVs and small indels, cattle data, somatic mutations.",[],
anal-doma-4,analysis_goal,domain,"{""species"": ""human"", ""origin"": ""germline"", ""variant_size_class"": [""structural-CNV""], ""region_focus"": [""coding""]}","Protein-coding exons, CNVs and large deletions, inherited variants, human samples. I want to know which are pathogenic.",['clinical-interpretation'],"Protein-coding exons, CNVs and large deletions, inherited variants, human samples. The variant is common in one ancestry; is it benign or pathogenic in our case?",['clinical-interpretation'],"Protein-coding exons, CNVs and large deletions, inherited variants, human samples. How common is the variant in each ancestry?",['population-frequency'],"Protein-coding exons, CNVs and large deletions, inherited variants, human samples.",[],
anal-doma-5,analysis_goal,domain,"{""species"": ""human"", ""origin"": ""germline"", ""variant_size_class"": [""small""], ""region_focus"": [""coding""]}","Constitutional calls, point mutations and short indels, Homo sapiens data, coding regions. Show me how common they are in populations.",['population-frequency'],"Constitutional calls, point mutations and short indels, Homo sapiens data, coding regions. Carrier frequency of a recessive disease allele across populations.",['population-frequency'],"Constitutional calls, point mutations and short indels, Homo sapiens data, coding regions. Whether this recessive disease allele caused the child's condition.",['clinical-interpretation'],"Constitutional calls, point mutations and short indels, Homo sapiens data, coding regions.",[],
anal-doma-6,analysis_goal,domain,"{""species"": ""human"", ""origin"": ""somatic"", ""variant_size_class"": [""small""], ""region_focus"": [""regulatory-noncoding""]}","The aim is frequency lookup across populations. Human, single-nucleotide variants, somatic calls, promoters and enhancers.",['population-frequency'],"Just count how often each allele appears across ancestries. Human, single-nucleotide variants, somatic calls, promoters and enhancers.",['population-frequency'],"Just tell me what each allele does to its transcript. Human, single-nucleotide variants, somatic calls, promoters and enhancers.",['basic-consequence'],"Human, single-nucleotide variants, somatic calls, promoters and enhancers.",[],
